================================================================================
UAV EVASION SYSTEM LOG
Session: camera_0
Started: 2026-05-12 19:29:03
================================================================================

[2026-05-12 19:29:03.351] [SYSTEM      ] Logger initialized
    session: camera_0
    log_file: logs\camera_0.log
    json_file: logs\camera_0.json
    csv_file: logs\camera_0.csv
[2026-05-12 19:29:03.351] [CAMERA      ] Camera 0 started
    camera_id: 0
    resolution: 1280x720
    fps: 30
[2026-05-12 19:29:08.713] [FRAME       ] Frame 1 processed
    frame: 1
    detections: 0
    tracks: 0
[2026-05-12 19:29:08.738] [FRAME       ] Frame 2 processed
    frame: 2
    detections: 0
    tracks: 0
[2026-05-12 19:29:08.762] [FRAME       ] Frame 3 processed
    frame: 3
    detections: 0
    tracks: 0
[2026-05-12 19:29:08.817] [FRAME       ] Frame 4 processed
    frame: 4
    detections: 0
    tracks: 0
[2026-05-12 19:29:08.840] [FRAME       ] Frame 5 processed
    frame: 5
    detections: 0
    tracks: 0
[2026-05-12 19:29:08.898] [FRAME       ] Frame 6 processed
    frame: 6
    detections: 0
    tracks: 0
[2026-05-12 19:29:08.927] [FRAME       ] Frame 7 processed
    frame: 7
    detections: 0
    tracks: 0
[2026-05-12 19:29:08.959] [FRAME       ] Frame 8 processed
    frame: 8
    detections: 0
    tracks: 0
[2026-05-12 19:29:08.979] [FRAME       ] Frame 9 processed
    frame: 9
    detections: 0
    tracks: 0
[2026-05-12 19:29:09.022] [FRAME       ] Frame 10 processed
    frame: 10
    detections: 0
    tracks: 0
[2026-05-12 19:29:09.044] [FRAME       ] Frame 11 processed
    frame: 11
    detections: 0
    tracks: 0
[2026-05-12 19:29:09.102] [FRAME       ] Frame 12 processed
    frame: 12
    detections: 0
    tracks: 0
[2026-05-12 19:29:09.122] [FRAME       ] Frame 13 processed
    frame: 13
    detections: 0
    tracks: 0
[2026-05-12 19:29:09.141] [FRAME       ] Frame 14 processed
    frame: 14
    detections: 0
    tracks: 0
[2026-05-12 19:29:09.166] [FRAME       ] Frame 15 processed
    frame: 15
    detections: 0
    tracks: 0
[2026-05-12 19:29:09.185] [FRAME       ] Frame 16 processed
    frame: 16
    detections: 0
    tracks: 0
[2026-05-12 19:29:09.229] [FRAME       ] Frame 17 processed
    frame: 17
    detections: 0
    tracks: 0
[2026-05-12 19:29:09.311] [FRAME       ] Frame 18 processed
    frame: 18
    detections: 0
    tracks: 0
[2026-05-12 19:29:09.331] [FRAME       ] Frame 19 processed
    frame: 19
    detections: 0
    tracks: 0
[2026-05-12 19:29:09.351] [FRAME       ] Frame 20 processed
    frame: 20
    detections: 0
    tracks: 0
[2026-05-12 19:29:09.374] [FRAME       ] Frame 21 processed
    frame: 21
    detections: 0
    tracks: 0
[2026-05-12 19:29:09.395] [FRAME       ] Frame 22 processed
    frame: 22
    detections: 0
    tracks: 0
[2026-05-12 19:29:09.458] [FRAME       ] Frame 23 processed
    frame: 23
    detections: 0
    tracks: 0
[2026-05-12 19:29:09.479] [FRAME       ] Frame 24 processed
    frame: 24
    detections: 0
    tracks: 0
[2026-05-12 19:29:09.520] [FRAME       ] Frame 25 processed
    frame: 25
    detections: 0
    tracks: 0
[2026-05-12 19:29:09.537] [FRAME       ] Frame 26 processed
    frame: 26
    detections: 0
    tracks: 0
[2026-05-12 19:29:09.581] [FRAME       ] Frame 27 processed
    frame: 27
    detections: 0
    tracks: 0
[2026-05-12 19:29:09.603] [FRAME       ] Frame 28 processed
    frame: 28
    detections: 0
    tracks: 0
[2026-05-12 19:29:09.661] [FRAME       ] Frame 29 processed
    frame: 29
    detections: 0
    tracks: 0
[2026-05-12 19:29:09.680] [FRAME       ] Frame 30 processed
    frame: 30
    detections: 0
    tracks: 0
[2026-05-12 19:29:09.682] [STATS       ] Performance stats
    fps: 6.0
    processing_time: 4984.2 ms
[2026-05-12 19:29:09.727] [FRAME       ] Frame 31 processed
    frame: 31
    detections: 0
    tracks: 0
[2026-05-12 19:29:09.747] [FRAME       ] Frame 32 processed
    frame: 32
    detections: 0
    tracks: 0
[2026-05-12 19:29:09.790] [FRAME       ] Frame 33 processed
    frame: 33
    detections: 0
    tracks: 0
[2026-05-12 19:29:09.809] [FRAME       ] Frame 34 processed
    frame: 34
    detections: 0
    tracks: 0
[2026-05-12 19:29:09.869] [FRAME       ] Frame 35 processed
    frame: 35
    detections: 0
    tracks: 0
[2026-05-12 19:29:09.889] [FRAME       ] Frame 36 processed
    frame: 36
    detections: 0
    tracks: 0
[2026-05-12 19:29:09.908] [FRAME       ] Frame 37 processed
    frame: 37
    detections: 0
    tracks: 0
[2026-05-12 19:29:09.932] [FRAME       ] Frame 38 processed
    frame: 38
    detections: 0
    tracks: 0
[2026-05-12 19:29:09.951] [FRAME       ] Frame 39 processed
    frame: 39
    detections: 0
    tracks: 0
[2026-05-12 19:29:10.013] [FRAME       ] Frame 40 processed
    frame: 40
    detections: 0
    tracks: 0
[2026-05-12 19:29:10.034] [FRAME       ] Frame 41 processed
    frame: 41
    detections: 0
    tracks: 0
[2026-05-12 19:29:10.078] [FRAME       ] Frame 42 processed
    frame: 42
    detections: 0
    tracks: 0
[2026-05-12 19:29:10.097] [FRAME       ] Frame 43 processed
    frame: 43
    detections: 0
    tracks: 0
[2026-05-12 19:29:10.146] [FRAME       ] Frame 44 processed
    frame: 44
    detections: 0
    tracks: 0
[2026-05-12 19:29:10.165] [FRAME       ] Frame 45 processed
    frame: 45
    detections: 0
    tracks: 0
[2026-05-12 19:29:10.221] [FRAME       ] Frame 46 processed
    frame: 46
    detections: 0
    tracks: 0
[2026-05-12 19:29:10.243] [FRAME       ] Frame 47 processed
    frame: 47
    detections: 0
    tracks: 0
[2026-05-12 19:29:10.287] [FRAME       ] Frame 48 processed
    frame: 48
    detections: 0
    tracks: 0
[2026-05-12 19:29:10.305] [FRAME       ] Frame 49 processed
    frame: 49
    detections: 0
    tracks: 0
[2026-05-12 19:29:10.350] [FRAME       ] Frame 50 processed
    frame: 50
    detections: 0
    tracks: 0
[2026-05-12 19:29:10.371] [FRAME       ] Frame 51 processed
    frame: 51
    detections: 0
    tracks: 0
[2026-05-12 19:29:10.432] [FRAME       ] Frame 52 processed
    frame: 52
    detections: 0
    tracks: 0
[2026-05-12 19:29:10.451] [FRAME       ] Frame 53 processed
    frame: 53
    detections: 0
    tracks: 0
[2026-05-12 19:29:10.493] [FRAME       ] Frame 54 processed
    frame: 54
    detections: 0
    tracks: 0
[2026-05-12 19:29:10.514] [FRAME       ] Frame 55 processed
    frame: 55
    detections: 0
    tracks: 0
[2026-05-12 19:29:10.574] [FRAME       ] Frame 56 processed
    frame: 56
    detections: 0
    tracks: 0
[2026-05-12 19:29:10.594] [FRAME       ] Frame 57 processed
    frame: 57
    detections: 0
    tracks: 0
[2026-05-12 19:29:10.617] [FRAME       ] Frame 58 processed
    frame: 58
    detections: 0
    tracks: 0
[2026-05-12 19:29:10.638] [FRAME       ] Frame 59 processed
    frame: 59
    detections: 0
    tracks: 0
[2026-05-12 19:29:10.657] [FRAME       ] Frame 60 processed
    frame: 60
    detections: 0
    tracks: 0
[2026-05-12 19:29:10.660] [STATS       ] Performance stats
    fps: 30.7
    processing_time: 977.1 ms
[2026-05-12 19:29:10.703] [FRAME       ] Frame 61 processed
    frame: 61
    detections: 0
    tracks: 0
[2026-05-12 19:29:10.725] [FRAME       ] Frame 62 processed
    frame: 62
    detections: 0
    tracks: 0
[2026-05-12 19:29:10.784] [FRAME       ] Frame 63 processed
    frame: 63
    detections: 0
    tracks: 0
[2026-05-12 19:29:10.805] [FRAME       ] Frame 64 processed
    frame: 64
    detections: 0
    tracks: 0
[2026-05-12 19:29:10.846] [FRAME       ] Frame 65 processed
    frame: 65
    detections: 0
    tracks: 0
[2026-05-12 19:29:10.866] [FRAME       ] Frame 66 processed
    frame: 66
    detections: 0
    tracks: 0
[2026-05-12 19:29:10.910] [FRAME       ] Frame 67 processed
    frame: 67
    detections: 0
    tracks: 0
[2026-05-12 19:29:10.930] [FRAME       ] Frame 68 processed
    frame: 68
    detections: 0
    tracks: 0
[2026-05-12 19:29:10.992] [FRAME       ] Frame 69 processed
    frame: 69
    detections: 0
    tracks: 0
[2026-05-12 19:29:11.017] [FRAME       ] Frame 70 processed
    frame: 70
    detections: 0
    tracks: 0
[2026-05-12 19:29:11.055] [FRAME       ] Frame 71 processed
    frame: 71
    detections: 0
    tracks: 0
[2026-05-12 19:29:11.077] [FRAME       ] Frame 72 processed
    frame: 72
    detections: 0
    tracks: 0
[2026-05-12 19:29:11.135] [FRAME       ] Frame 73 processed
    frame: 73
    detections: 0
    tracks: 0
[2026-05-12 19:29:11.166] [FRAME       ] Frame 74 processed
    frame: 74
    detections: 0
    tracks: 0
[2026-05-12 19:29:11.188] [FRAME       ] Frame 75 processed
    frame: 75
    detections: 0
    tracks: 0
[2026-05-12 19:29:11.211] [FRAME       ] Frame 76 processed
    frame: 76
    detections: 0
    tracks: 0
[2026-05-12 19:29:11.266] [FRAME       ] Frame 77 processed
    frame: 77
    detections: 0
    tracks: 0
[2026-05-12 19:29:11.287] [FRAME       ] Frame 78 processed
    frame: 78
    detections: 0
    tracks: 0
[2026-05-12 19:29:11.348] [FRAME       ] Frame 79 processed
    frame: 79
    detections: 0
    tracks: 0
[2026-05-12 19:29:11.376] [FRAME       ] Frame 80 processed
    frame: 80
    detections: 0
    tracks: 0
[2026-05-12 19:29:11.398] [FRAME       ] Frame 81 processed
    frame: 81
    detections: 0
    tracks: 0
[2026-05-12 19:29:11.425] [FRAME       ] Frame 82 processed
    frame: 82
    detections: 0
    tracks: 0
[2026-05-12 19:29:11.452] [FRAME       ] Frame 83 processed
    frame: 83
    detections: 0
    tracks: 0
[2026-05-12 19:29:11.475] [FRAME       ] Frame 84 processed
    frame: 84
    detections: 0
    tracks: 0
[2026-05-12 19:29:11.501] [FRAME       ] Frame 85 processed
    frame: 85
    detections: 0
    tracks: 0
[2026-05-12 19:29:11.556] [FRAME       ] Frame 86 processed
    frame: 86
    detections: 0
    tracks: 0
[2026-05-12 19:29:11.582] [FRAME       ] Frame 87 processed
    frame: 87
    detections: 0
    tracks: 0
[2026-05-12 19:29:11.617] [FRAME       ] Frame 88 processed
    frame: 88
    detections: 0
    tracks: 0
[2026-05-12 19:29:11.639] [FRAME       ] Frame 89 processed
    frame: 89
    detections: 0
    tracks: 0
[2026-05-12 19:29:11.695] [FRAME       ] Frame 90 processed
    frame: 90
    detections: 0
    tracks: 0
[2026-05-12 19:29:11.698] [STATS       ] Performance stats
    fps: 28.9
    processing_time: 1037.8 ms
[2026-05-12 19:29:11.716] [FRAME       ] Frame 91 processed
    frame: 91
    detections: 0
    tracks: 0
[2026-05-12 19:29:11.759] [FRAME       ] Frame 92 processed
    frame: 92
    detections: 0
    tracks: 0
[2026-05-12 19:29:11.780] [FRAME       ] Frame 93 processed
    frame: 93
    detections: 0
    tracks: 0
[2026-05-12 19:29:11.823] [FRAME       ] Frame 94 processed
    frame: 94
    detections: 0
    tracks: 0
[2026-05-12 19:29:11.846] [FRAME       ] Frame 95 processed
    frame: 95
    detections: 0
    tracks: 0
[2026-05-12 19:29:11.902] [FRAME       ] Frame 96 processed
    frame: 96
    detections: 0
    tracks: 0
[2026-05-12 19:29:11.924] [FRAME       ] Frame 97 processed
    frame: 97
    detections: 0
    tracks: 0
[2026-05-12 19:29:11.945] [FRAME       ] Frame 98 processed
    frame: 98
    detections: 0
    tracks: 0
[2026-05-12 19:29:11.965] [FRAME       ] Frame 99 processed
    frame: 99
    detections: 0
    tracks: 0
[2026-05-12 19:29:11.985] [FRAME       ] Frame 100 processed
    frame: 100
    detections: 0
    tracks: 0
[2026-05-12 19:29:12.032] [FRAME       ] Frame 101 processed
    frame: 101
    detections: 0
    tracks: 0
[2026-05-12 19:29:12.112] [FRAME       ] Frame 102 processed
    frame: 102
    detections: 0
    tracks: 0
[2026-05-12 19:29:12.135] [FRAME       ] Frame 103 processed
    frame: 103
    detections: 0
    tracks: 0
[2026-05-12 19:29:12.158] [FRAME       ] Frame 104 processed
    frame: 104
    detections: 0
    tracks: 0
[2026-05-12 19:29:12.179] [FRAME       ] Frame 105 processed
    frame: 105
    detections: 0
    tracks: 0
[2026-05-12 19:29:12.199] [FRAME       ] Frame 106 processed
    frame: 106
    detections: 0
    tracks: 0
[2026-05-12 19:29:12.254] [FRAME       ] Frame 107 processed
    frame: 107
    detections: 0
    tracks: 0
[2026-05-12 19:29:12.276] [FRAME       ] Frame 108 processed
    frame: 108
    detections: 0
    tracks: 0
[2026-05-12 19:29:12.318] [FRAME       ] Frame 109 processed
    frame: 109
    detections: 0
    tracks: 0
[2026-05-12 19:29:12.341] [FRAME       ] Frame 110 processed
    frame: 110
    detections: 0
    tracks: 0
[2026-05-12 19:29:12.383] [FRAME       ] Frame 111 processed
    frame: 111
    detections: 0
    tracks: 0
[2026-05-12 19:29:12.400] [FRAME       ] Frame 112 processed
    frame: 112
    detections: 0
    tracks: 0
[2026-05-12 19:29:12.465] [FRAME       ] Frame 113 processed
    frame: 113
    detections: 0
    tracks: 0
[2026-05-12 19:29:12.487] [FRAME       ] Frame 114 processed
    frame: 114
    detections: 0
    tracks: 0
[2026-05-12 19:29:12.528] [FRAME       ] Frame 115 processed
    frame: 115
    detections: 0
    tracks: 0
[2026-05-12 19:29:12.550] [FRAME       ] Frame 116 processed
    frame: 116
    detections: 0
    tracks: 0
[2026-05-12 19:29:12.590] [FRAME       ] Frame 117 processed
    frame: 117
    detections: 0
    tracks: 0
[2026-05-12 19:29:12.610] [FRAME       ] Frame 118 processed
    frame: 118
    detections: 0
    tracks: 0
[2026-05-12 19:29:12.674] [FRAME       ] Frame 119 processed
    frame: 119
    detections: 0
    tracks: 0
[2026-05-12 19:29:12.695] [FRAME       ] Frame 120 processed
    frame: 120
    detections: 0
    tracks: 0
[2026-05-12 19:29:12.698] [STATS       ] Performance stats
    fps: 30.0
    processing_time: 999.7 ms
[2026-05-12 19:29:12.716] [FRAME       ] Frame 121 processed
    frame: 121
    detections: 0
    tracks: 0
[2026-05-12 19:29:12.736] [FRAME       ] Frame 122 processed
    frame: 122
    detections: 0
    tracks: 0
[2026-05-12 19:29:12.754] [FRAME       ] Frame 123 processed
    frame: 123
    detections: 0
    tracks: 0
[2026-05-12 19:29:12.813] [FRAME       ] Frame 124 processed
    frame: 124
    detections: 0
    tracks: 0
[2026-05-12 19:29:12.834] [FRAME       ] Frame 125 processed
    frame: 125
    detections: 0
    tracks: 0
[2026-05-12 19:29:12.881] [FRAME       ] Frame 126 processed
    frame: 126
    detections: 0
    tracks: 0
[2026-05-12 19:29:12.902] [FRAME       ] Frame 127 processed
    frame: 127
    detections: 0
    tracks: 0
[2026-05-12 19:29:12.943] [FRAME       ] Frame 128 processed
    frame: 128
    detections: 0
    tracks: 0
[2026-05-12 19:29:12.961] [FRAME       ] Frame 129 processed
    frame: 129
    detections: 0
    tracks: 0
[2026-05-12 19:29:13.022] [FRAME       ] Frame 130 processed
    frame: 130
    detections: 0
    tracks: 0
[2026-05-12 19:29:13.043] [FRAME       ] Frame 131 processed
    frame: 131
    detections: 0
    tracks: 0
[2026-05-12 19:29:13.087] [FRAME       ] Frame 132 processed
    frame: 132
    detections: 0
    tracks: 0
[2026-05-12 19:29:13.109] [FRAME       ] Frame 133 processed
    frame: 133
    detections: 0
    tracks: 0
[2026-05-12 19:29:13.151] [FRAME       ] Frame 134 processed
    frame: 134
    detections: 0
    tracks: 0
[2026-05-12 19:29:13.170] [FRAME       ] Frame 135 processed
    frame: 135
    detections: 0
    tracks: 0
[2026-05-12 19:29:13.231] [FRAME       ] Frame 136 processed
    frame: 136
    detections: 0
    tracks: 0
[2026-05-12 19:29:13.250] [FRAME       ] Frame 137 processed
    frame: 137
    detections: 0
    tracks: 0
[2026-05-12 19:29:13.297] [FRAME       ] Frame 138 processed
    frame: 138
    detections: 0
    tracks: 0
[2026-05-12 19:29:13.316] [FRAME       ] Frame 139 processed
    frame: 139
    detections: 0
    tracks: 0
[2026-05-12 19:29:13.375] [FRAME       ] Frame 140 processed
    frame: 140
    detections: 0
    tracks: 0
[2026-05-12 19:29:13.397] [FRAME       ] Frame 141 processed
    frame: 141
    detections: 0
    tracks: 0
[2026-05-12 19:29:13.417] [FRAME       ] Frame 142 processed
    frame: 142
    detections: 0
    tracks: 0
[2026-05-12 19:29:13.438] [FRAME       ] Frame 143 processed
    frame: 143
    detections: 0
    tracks: 0
[2026-05-12 19:29:13.457] [FRAME       ] Frame 144 processed
    frame: 144
    detections: 0
    tracks: 0
[2026-05-12 19:29:13.502] [FRAME       ] Frame 145 processed
    frame: 145
    detections: 0
    tracks: 0
[2026-05-12 19:29:13.521] [FRAME       ] Frame 146 processed
    frame: 146
    detections: 0
    tracks: 0
[2026-05-12 19:29:13.583] [FRAME       ] Frame 147 processed
    frame: 147
    detections: 0
    tracks: 0
[2026-05-12 19:29:13.602] [FRAME       ] Frame 148 processed
    frame: 148
    detections: 0
    tracks: 0
[2026-05-12 19:29:13.646] [FRAME       ] Frame 149 processed
    frame: 149
    detections: 0
    tracks: 0
[2026-05-12 19:29:13.667] [FRAME       ] Frame 150 processed
    frame: 150
    detections: 0
    tracks: 0
[2026-05-12 19:29:13.670] [STATS       ] Performance stats
    fps: 30.9
    processing_time: 972.2 ms
[2026-05-12 19:29:13.710] [FRAME       ] Frame 151 processed
    frame: 151
    detections: 0
    tracks: 0
[2026-05-12 19:29:13.730] [FRAME       ] Frame 152 processed
    frame: 152
    detections: 0
    tracks: 0
[2026-05-12 19:29:13.791] [FRAME       ] Frame 153 processed
    frame: 153
    detections: 0
    tracks: 0
[2026-05-12 19:29:13.811] [FRAME       ] Frame 154 processed
    frame: 154
    detections: 0
    tracks: 0
[2026-05-12 19:29:13.862] [FRAME       ] Frame 155 processed
    frame: 155
    detections: 0
    tracks: 0
[2026-05-12 19:29:13.885] [FRAME       ] Frame 156 processed
    frame: 156
    detections: 0
    tracks: 0
[2026-05-12 19:29:13.935] [FRAME       ] Frame 157 processed
    frame: 157
    detections: 0
    tracks: 0
[2026-05-12 19:29:13.955] [FRAME       ] Frame 158 processed
    frame: 158
    detections: 0
    tracks: 0
[2026-05-12 19:29:13.975] [FRAME       ] Frame 159 processed
    frame: 159
    detections: 0
    tracks: 0
[2026-05-12 19:29:14.002] [FRAME       ] Frame 160 processed
    frame: 160
    detections: 0
    tracks: 0
[2026-05-12 19:29:14.060] [FRAME       ] Frame 161 processed
    frame: 161
    detections: 0
    tracks: 0
[2026-05-12 19:29:14.081] [FRAME       ] Frame 162 processed
    frame: 162
    detections: 0
    tracks: 0
[2026-05-12 19:29:14.150] [FRAME       ] Frame 163 processed
    frame: 163
    detections: 0
    tracks: 0
[2026-05-12 19:29:14.171] [FRAME       ] Frame 164 processed
    frame: 164
    detections: 0
    tracks: 0
[2026-05-12 19:29:14.193] [FRAME       ] Frame 165 processed
    frame: 165
    detections: 0
    tracks: 0
[2026-05-12 19:29:14.215] [FRAME       ] Frame 166 processed
    frame: 166
    detections: 0
    tracks: 0
[2026-05-12 19:29:14.236] [FRAME       ] Frame 167 processed
    frame: 167
    detections: 0
    tracks: 0
[2026-05-12 19:29:14.271] [FRAME       ] Frame 168 processed
    frame: 168
    detections: 0
    tracks: 0
[2026-05-12 19:29:14.293] [FRAME       ] Frame 169 processed
    frame: 169
    detections: 0
    tracks: 0
[2026-05-12 19:29:14.351] [FRAME       ] Frame 170 processed
    frame: 170
    detections: 0
    tracks: 0
[2026-05-12 19:29:14.376] [FRAME       ] Frame 171 processed
    frame: 171
    detections: 0
    tracks: 0
[2026-05-12 19:29:14.415] [FRAME       ] Frame 172 processed
    frame: 172
    detections: 0
    tracks: 0
[2026-05-12 19:29:14.433] [FRAME       ] Frame 173 processed
    frame: 173
    detections: 0
    tracks: 0
[2026-05-12 19:29:14.495] [FRAME       ] Frame 174 processed
    frame: 174
    detections: 0
    tracks: 0
[2026-05-12 19:29:14.516] [FRAME       ] Frame 175 processed
    frame: 175
    detections: 0
    tracks: 0
[2026-05-12 19:29:14.559] [FRAME       ] Frame 176 processed
    frame: 176
    detections: 0
    tracks: 0
[2026-05-12 19:29:14.579] [FRAME       ] Frame 177 processed
    frame: 177
    detections: 0
    tracks: 0
[2026-05-12 19:29:14.622] [FRAME       ] Frame 178 processed
    frame: 178
    detections: 0
    tracks: 0
[2026-05-12 19:29:14.643] [FRAME       ] Frame 179 processed
    frame: 179
    detections: 0
    tracks: 0
[2026-05-12 19:29:14.704] [FRAME       ] Frame 180 processed
    frame: 180
    detections: 0
    tracks: 0
[2026-05-12 19:29:14.707] [STATS       ] Performance stats
    fps: 28.9
    processing_time: 1037.0 ms
[2026-05-12 19:29:14.725] [FRAME       ] Frame 181 processed
    frame: 181
    detections: 0
    tracks: 0
[2026-05-12 19:29:14.747] [FRAME       ] Frame 182 processed
    frame: 182
    detections: 0
    tracks: 0
[2026-05-12 19:29:14.768] [FRAME       ] Frame 183 processed
    frame: 183
    detections: 0
    tracks: 0
[2026-05-12 19:29:14.787] [FRAME       ] Frame 184 processed
    frame: 184
    detections: 0
    tracks: 0
[2026-05-12 19:29:14.829] [FRAME       ] Frame 185 processed
    frame: 185
    detections: 0
    tracks: 0
[2026-05-12 19:29:14.912] [FRAME       ] Frame 186 processed
    frame: 186
    detections: 0
    tracks: 0
[2026-05-12 19:29:14.933] [FRAME       ] Frame 187 processed
    frame: 187
    detections: 0
    tracks: 0
[2026-05-12 19:29:14.955] [FRAME       ] Frame 188 processed
    frame: 188
    detections: 0
    tracks: 0
[2026-05-12 19:29:14.977] [FRAME       ] Frame 189 processed
    frame: 189
    detections: 0
    tracks: 0
[2026-05-12 19:29:15.000] [FRAME       ] Frame 190 processed
    frame: 190
    detections: 0
    tracks: 0
[2026-05-12 19:29:15.054] [FRAME       ] Frame 191 processed
    frame: 191
    detections: 0
    tracks: 0
[2026-05-12 19:29:15.074] [FRAME       ] Frame 192 processed
    frame: 192
    detections: 0
    tracks: 0
[2026-05-12 19:29:15.119] [FRAME       ] Frame 193 processed
    frame: 193
    detections: 0
    tracks: 0
[2026-05-12 19:29:15.141] [FRAME       ] Frame 194 processed
    frame: 194
    detections: 0
    tracks: 0
[2026-05-12 19:29:15.188] [FRAME       ] Frame 195 processed
    frame: 195
    detections: 0
    tracks: 0
[2026-05-12 19:29:15.211] [FRAME       ] Frame 196 processed
    frame: 196
    detections: 0
    tracks: 0
[2026-05-12 19:29:15.266] [FRAME       ] Frame 197 processed
    frame: 197
    detections: 0
    tracks: 0
[2026-05-12 19:29:15.285] [FRAME       ] Frame 198 processed
    frame: 198
    detections: 0
    tracks: 0
[2026-05-12 19:29:15.327] [FRAME       ] Frame 199 processed
    frame: 199
    detections: 0
    tracks: 0
[2026-05-12 19:29:15.349] [FRAME       ] Frame 200 processed
    frame: 200
    detections: 0
    tracks: 0
[2026-05-12 19:29:15.391] [FRAME       ] Frame 201 processed
    frame: 201
    detections: 0
    tracks: 0
[2026-05-12 19:29:15.414] [FRAME       ] Frame 202 processed
    frame: 202
    detections: 0
    tracks: 0
[2026-05-12 19:29:15.436] [FRAME       ] Frame 203 processed
    frame: 203
    detections: 0
    tracks: 0
[2026-05-12 19:29:15.470] [FRAME       ] Frame 204 processed
    frame: 204
    detections: 0
    tracks: 0
[2026-05-12 19:29:15.492] [FRAME       ] Frame 205 processed
    frame: 205
    detections: 0
    tracks: 0
[2026-05-12 19:29:15.537] [FRAME       ] Frame 206 processed
    frame: 206
    detections: 0
    tracks: 0
[2026-05-12 19:29:15.558] [FRAME       ] Frame 207 processed
    frame: 207
    detections: 0
    tracks: 0
[2026-05-12 19:29:15.617] [FRAME       ] Frame 208 processed
    frame: 208
    detections: 0
    tracks: 0
[2026-05-12 19:29:15.638] [FRAME       ] Frame 209 processed
    frame: 209
    detections: 0
    tracks: 0
[2026-05-12 19:29:15.679] [FRAME       ] Frame 210 processed
    frame: 210
    detections: 0
    tracks: 0
[2026-05-12 19:29:15.682] [STATS       ] Performance stats
    fps: 30.8
    processing_time: 974.2 ms
[2026-05-12 19:29:15.701] [FRAME       ] Frame 211 processed
    frame: 211
    detections: 0
    tracks: 0
[2026-05-12 19:29:15.744] [FRAME       ] Frame 212 processed
    frame: 212
    detections: 0
    tracks: 0
[2026-05-12 19:29:15.764] [FRAME       ] Frame 213 processed
    frame: 213
    detections: 0
    tracks: 0
[2026-05-12 19:29:15.823] [FRAME       ] Frame 214 processed
    frame: 214
    detections: 0
    tracks: 0
[2026-05-12 19:29:15.844] [FRAME       ] Frame 215 processed
    frame: 215
    detections: 0
    tracks: 0
[2026-05-12 19:29:15.887] [FRAME       ] Frame 216 processed
    frame: 216
    detections: 0
    tracks: 0
[2026-05-12 19:29:15.910] [FRAME       ] Frame 217 processed
    frame: 217
    detections: 0
    tracks: 0
[2026-05-12 19:29:15.951] [FRAME       ] Frame 218 processed
    frame: 218
    detections: 0
    tracks: 0
[2026-05-12 19:29:15.972] [FRAME       ] Frame 219 processed
    frame: 219
    detections: 0
    tracks: 0
[2026-05-12 19:29:15.994] [FRAME       ] Frame 220 processed
    frame: 220
    detections: 0
    tracks: 0
[2026-05-12 19:29:16.037] [FRAME       ] Frame 221 processed
    frame: 221
    detections: 0
    tracks: 0
[2026-05-12 19:29:16.096] [FRAME       ] Frame 222 processed
    frame: 222
    detections: 0
    tracks: 0
[2026-05-12 19:29:16.117] [FRAME       ] Frame 223 processed
    frame: 223
    detections: 0
    tracks: 0
[2026-05-12 19:29:16.176] [FRAME       ] Frame 224 processed
    frame: 224
    detections: 0
    tracks: 0
[2026-05-12 19:29:16.203] [FRAME       ] Frame 225 processed
    frame: 225
    detections: 0
    tracks: 0
[2026-05-12 19:29:16.227] [FRAME       ] Frame 226 processed
    frame: 226
    detections: 0
    tracks: 0
[2026-05-12 19:29:16.250] [FRAME       ] Frame 227 processed
    frame: 227
    detections: 0
    tracks: 0
[2026-05-12 19:29:16.274] [FRAME       ] Frame 228 processed
    frame: 228
    detections: 0
    tracks: 0
[2026-05-12 19:29:16.305] [FRAME       ] Frame 229 processed
    frame: 229
    detections: 0
    tracks: 0
[2026-05-12 19:29:16.326] [FRAME       ] Frame 230 processed
    frame: 230
    detections: 0
    tracks: 0
[2026-05-12 19:29:16.385] [FRAME       ] Frame 231 processed
    frame: 231
    detections: 0
    tracks: 0
[2026-05-12 19:29:16.409] [FRAME       ] Frame 232 processed
    frame: 232
    detections: 0
    tracks: 0
[2026-05-12 19:29:16.450] [FRAME       ] Frame 233 processed
    frame: 233
    detections: 0
    tracks: 0
[2026-05-12 19:29:16.473] [FRAME       ] Frame 234 processed
    frame: 234
    detections: 0
    tracks: 0
[2026-05-12 19:29:16.517] [FRAME       ] Frame 235 processed
    frame: 235
    detections: 0
    tracks: 0
[2026-05-12 19:29:16.542] [FRAME       ] Frame 236 processed
    frame: 236
    detections: 0
    tracks: 0
[2026-05-12 19:29:16.592] [FRAME       ] Frame 237 processed
    frame: 237
    detections: 0
    tracks: 0
[2026-05-12 19:29:16.614] [FRAME       ] Frame 238 processed
    frame: 238
    detections: 0
    tracks: 0
[2026-05-12 19:29:16.658] [FRAME       ] Frame 239 processed
    frame: 239
    detections: 0
    tracks: 0
[2026-05-12 19:29:16.682] [FRAME       ] Frame 240 processed
    frame: 240
    detections: 0
    tracks: 0
[2026-05-12 19:29:16.685] [STATS       ] Performance stats
    fps: 29.9
    processing_time: 1002.6 ms
[2026-05-12 19:29:16.739] [FRAME       ] Frame 241 processed
    frame: 241
    detections: 0
    tracks: 0
[2026-05-12 19:29:16.763] [FRAME       ] Frame 242 processed
    frame: 242
    detections: 0
    tracks: 0
[2026-05-12 19:29:16.786] [FRAME       ] Frame 243 processed
    frame: 243
    detections: 0
    tracks: 0
[2026-05-12 19:29:16.807] [FRAME       ] Frame 244 processed
    frame: 244
    detections: 0
    tracks: 0
[2026-05-12 19:29:16.864] [FRAME       ] Frame 245 processed
    frame: 245
    detections: 0
    tracks: 0
[2026-05-12 19:29:16.888] [FRAME       ] Frame 246 processed
    frame: 246
    detections: 0
    tracks: 0
[2026-05-12 19:29:16.944] [FRAME       ] Frame 247 processed
    frame: 247
    detections: 0
    tracks: 0
[2026-05-12 19:29:16.966] [FRAME       ] Frame 248 processed
    frame: 248
    detections: 0
    tracks: 0
[2026-05-12 19:29:16.990] [FRAME       ] Frame 249 processed
    frame: 249
    detections: 0
    tracks: 0
[2026-05-12 19:29:17.012] [FRAME       ] Frame 250 processed
    frame: 250
    detections: 0
    tracks: 0
[2026-05-12 19:29:17.034] [FRAME       ] Frame 251 processed
    frame: 251
    detections: 0
    tracks: 0
[2026-05-12 19:29:17.072] [FRAME       ] Frame 252 processed
    frame: 252
    detections: 0
    tracks: 0
[2026-05-12 19:29:17.093] [FRAME       ] Frame 253 processed
    frame: 253
    detections: 0
    tracks: 0
[2026-05-12 19:29:17.151] [FRAME       ] Frame 254 processed
    frame: 254
    detections: 0
    tracks: 0
[2026-05-12 19:29:17.173] [FRAME       ] Frame 255 processed
    frame: 255
    detections: 0
    tracks: 0
[2026-05-12 19:29:17.218] [FRAME       ] Frame 256 processed
    frame: 256
    detections: 0
    tracks: 0
[2026-05-12 19:29:17.242] [FRAME       ] Frame 257 processed
    frame: 257
    detections: 0
    tracks: 0
[2026-05-12 19:29:17.298] [FRAME       ] Frame 258 processed
    frame: 258
    detections: 0
    tracks: 0
[2026-05-12 19:29:17.320] [FRAME       ] Frame 259 processed
    frame: 259
    detections: 0
    tracks: 0
[2026-05-12 19:29:17.360] [FRAME       ] Frame 260 processed
    frame: 260
    detections: 0
    tracks: 0
[2026-05-12 19:29:17.384] [FRAME       ] Frame 261 processed
    frame: 261
    detections: 0
    tracks: 0
[2026-05-12 19:29:17.424] [FRAME       ] Frame 262 processed
    frame: 262
    detections: 0
    tracks: 0
[2026-05-12 19:29:17.447] [FRAME       ] Frame 263 processed
    frame: 263
    detections: 0
    tracks: 0
[2026-05-12 19:29:17.504] [FRAME       ] Frame 264 processed
    frame: 264
    detections: 0
    tracks: 0
[2026-05-12 19:29:17.529] [FRAME       ] Frame 265 processed
    frame: 265
    detections: 0
    tracks: 0
[2026-05-12 19:29:17.552] [FRAME       ] Frame 266 processed
    frame: 266
    detections: 0
    tracks: 0
[2026-05-12 19:29:17.576] [FRAME       ] Frame 267 processed
    frame: 267
    detections: 0
    tracks: 0
[2026-05-12 19:29:17.599] [FRAME       ] Frame 268 processed
    frame: 268
    detections: 0
    tracks: 0
[2026-05-12 19:29:17.635] [FRAME       ] Frame 269 processed
    frame: 269
    detections: 0
    tracks: 0
[2026-05-12 19:29:17.658] [FRAME       ] Frame 270 processed
    frame: 270
    detections: 0
    tracks: 0
[2026-05-12 19:29:17.661] [STATS       ] Performance stats
    fps: 30.7
    processing_time: 975.8 ms
[2026-05-12 19:29:17.712] [FRAME       ] Frame 271 processed
    frame: 271
    detections: 0
    tracks: 0
[2026-05-12 19:29:17.736] [FRAME       ] Frame 272 processed
    frame: 272
    detections: 0
    tracks: 0
[2026-05-12 19:29:17.777] [FRAME       ] Frame 273 processed
    frame: 273
    detections: 0
    tracks: 0
[2026-05-12 19:29:17.799] [FRAME       ] Frame 274 processed
    frame: 274
    detections: 0
    tracks: 0
[2026-05-12 19:29:17.858] [FRAME       ] Frame 275 processed
    frame: 275
    detections: 0
    tracks: 0
[2026-05-12 19:29:17.881] [FRAME       ] Frame 276 processed
    frame: 276
    detections: 0
    tracks: 0
[2026-05-12 19:29:17.919] [FRAME       ] Frame 277 processed
    frame: 277
    detections: 0
    tracks: 0
[2026-05-12 19:29:17.941] [FRAME       ] Frame 278 processed
    frame: 278
    detections: 0
    tracks: 0
[2026-05-12 19:29:17.987] [FRAME       ] Frame 279 processed
    frame: 279
    detections: 0
    tracks: 0
[2026-05-12 19:29:18.015] [FRAME       ] Frame 280 processed
    frame: 280
    detections: 0
    tracks: 0
[2026-05-12 19:29:18.065] [FRAME       ] Frame 281 processed
    frame: 281
    detections: 0
    tracks: 0
[2026-05-12 19:29:18.088] [FRAME       ] Frame 282 processed
    frame: 282
    detections: 0
    tracks: 0
[2026-05-12 19:29:18.128] [FRAME       ] Frame 283 processed
    frame: 283
    detections: 0
    tracks: 0
[2026-05-12 19:29:18.152] [FRAME       ] Frame 284 processed
    frame: 284
    detections: 0
    tracks: 0
[2026-05-12 19:29:18.194] [FRAME       ] Frame 285 processed
    frame: 285
    detections: 0
    tracks: 0
[2026-05-12 19:29:18.216] [FRAME       ] Frame 286 processed
    frame: 286
    detections: 0
    tracks: 0
[2026-05-12 19:29:18.239] [FRAME       ] Frame 287 processed
    frame: 287
    detections: 0
    tracks: 0
[2026-05-12 19:29:18.275] [FRAME       ] Frame 288 processed
    frame: 288
    detections: 0
    tracks: 0
[2026-05-12 19:29:18.298] [FRAME       ] Frame 289 processed
    frame: 289
    detections: 0
    tracks: 0
[2026-05-12 19:29:18.338] [FRAME       ] Frame 290 processed
    frame: 290
    detections: 0
    tracks: 0
[2026-05-12 19:29:18.361] [FRAME       ] Frame 291 processed
    frame: 291
    detections: 0
    tracks: 0
[2026-05-12 19:29:18.416] [FRAME       ] Frame 292 processed
    frame: 292
    detections: 0
    tracks: 0
[2026-05-12 19:29:18.439] [FRAME       ] Frame 293 processed
    frame: 293
    detections: 0
    tracks: 0
[2026-05-12 19:29:18.481] [FRAME       ] Frame 294 processed
    frame: 294
    detections: 0
    tracks: 0
[2026-05-12 19:29:18.505] [FRAME       ] Frame 295 processed
    frame: 295
    detections: 0
    tracks: 0
[2026-05-12 19:29:18.545] [FRAME       ] Frame 296 processed
    frame: 296
    detections: 0
    tracks: 0
[2026-05-12 19:29:18.569] [FRAME       ] Frame 297 processed
    frame: 297
    detections: 0
    tracks: 0
[2026-05-12 19:29:18.626] [FRAME       ] Frame 298 processed
    frame: 298
    detections: 0
    tracks: 0
[2026-05-12 19:29:18.650] [FRAME       ] Frame 299 processed
    frame: 299
    detections: 0
    tracks: 0
[2026-05-12 19:29:18.689] [FRAME       ] Frame 300 processed
    frame: 300
    detections: 0
    tracks: 0
[2026-05-12 19:29:18.692] [STATS       ] Performance stats
    fps: 29.1
    processing_time: 1030.3 ms
[2026-05-12 19:29:18.710] [FRAME       ] Frame 301 processed
    frame: 301
    detections: 0
    tracks: 0
[2026-05-12 19:29:18.757] [FRAME       ] Frame 302 processed
    frame: 302
    detections: 0
    tracks: 0
[2026-05-12 19:29:18.782] [FRAME       ] Frame 303 processed
    frame: 303
    detections: 0
    tracks: 0
[2026-05-12 19:29:18.804] [FRAME       ] Frame 304 processed
    frame: 304
    detections: 0
    tracks: 0
[2026-05-12 19:29:18.833] [FRAME       ] Frame 305 processed
    frame: 305
    detections: 0
    tracks: 0
[2026-05-12 19:29:18.897] [FRAME       ] Frame 306 processed
    frame: 306
    detections: 0
    tracks: 0
[2026-05-12 19:29:18.919] [FRAME       ] Frame 307 processed
    frame: 307
    detections: 0
    tracks: 0
[2026-05-12 19:29:18.978] [FRAME       ] Frame 308 processed
    frame: 308
    detections: 0
    tracks: 0
[2026-05-12 19:29:19.005] [FRAME       ] Frame 309 processed
    frame: 309
    detections: 0
    tracks: 0
[2026-05-12 19:29:19.035] [FRAME       ] Frame 310 processed
    frame: 310
    detections: 0
    tracks: 0
[2026-05-12 19:29:19.059] [FRAME       ] Frame 311 processed
    frame: 311
    detections: 0
    tracks: 0
[2026-05-12 19:29:19.084] [FRAME       ] Frame 312 processed
    frame: 312
    detections: 0
    tracks: 0
[2026-05-12 19:29:19.110] [FRAME       ] Frame 313 processed
    frame: 313
    detections: 0
    tracks: 0
[2026-05-12 19:29:19.133] [FRAME       ] Frame 314 processed
    frame: 314
    detections: 0
    tracks: 0
[2026-05-12 19:29:19.186] [FRAME       ] Frame 315 processed
    frame: 315
    detections: 0
    tracks: 0
[2026-05-12 19:29:19.208] [FRAME       ] Frame 316 processed
    frame: 316
    detections: 0
    tracks: 0
[2026-05-12 19:29:19.248] [FRAME       ] Frame 317 processed
    frame: 317
    detections: 0
    tracks: 0
[2026-05-12 19:29:19.271] [FRAME       ] Frame 318 processed
    frame: 318
    detections: 0
    tracks: 0
[2026-05-12 19:29:19.311] [FRAME       ] Frame 319 processed
    frame: 319
    detections: 0
    tracks: 0
[2026-05-12 19:29:19.336] [FRAME       ] Frame 320 processed
    frame: 320
    detections: 0
    tracks: 0
[2026-05-12 19:29:19.393] [FRAME       ] Frame 321 processed
    frame: 321
    detections: 0
    tracks: 0
[2026-05-12 19:29:19.417] [FRAME       ] Frame 322 processed
    frame: 322
    detections: 0
    tracks: 0
[2026-05-12 19:29:19.459] [FRAME       ] Frame 323 processed
    frame: 323
    detections: 0
    tracks: 0
[2026-05-12 19:29:19.481] [FRAME       ] Frame 324 processed
    frame: 324
    detections: 0
    tracks: 0
[2026-05-12 19:29:19.541] [FRAME       ] Frame 325 processed
    frame: 325
    detections: 0
    tracks: 0
[2026-05-12 19:29:19.565] [FRAME       ] Frame 326 processed
    frame: 326
    detections: 0
    tracks: 0
[2026-05-12 19:29:19.589] [FRAME       ] Frame 327 processed
    frame: 327
    detections: 0
    tracks: 0
[2026-05-12 19:29:19.612] [FRAME       ] Frame 328 processed
    frame: 328
    detections: 0
    tracks: 0
[2026-05-12 19:29:19.663] [FRAME       ] Frame 329 processed
    frame: 329
    detections: 0
    tracks: 0
[2026-05-12 19:29:19.685] [FRAME       ] Frame 330 processed
    frame: 330
    detections: 0
    tracks: 0
[2026-05-12 19:29:19.688] [STATS       ] Performance stats
    fps: 30.1
    processing_time: 996.6 ms
[2026-05-12 19:29:19.746] [FRAME       ] Frame 331 processed
    frame: 331
    detections: 0
    tracks: 0
[2026-05-12 19:29:19.770] [FRAME       ] Frame 332 processed
    frame: 332
    detections: 0
    tracks: 0
[2026-05-12 19:29:19.793] [FRAME       ] Frame 333 processed
    frame: 333
    detections: 0
    tracks: 0
[2026-05-12 19:29:19.815] [FRAME       ] Frame 334 processed
    frame: 334
    detections: 0
    tracks: 0
[2026-05-12 19:29:19.840] [FRAME       ] Frame 335 processed
    frame: 335
    detections: 0
    tracks: 0
[2026-05-12 19:29:19.873] [FRAME       ] Frame 336 processed
    frame: 336
    detections: 0
    tracks: 0
[2026-05-12 19:29:19.897] [FRAME       ] Frame 337 processed
    frame: 337
    detections: 0
    tracks: 0
[2026-05-12 19:29:19.953] [FRAME       ] Frame 338 processed
    frame: 338
    detections: 0
    tracks: 0
[2026-05-12 19:29:19.975] [FRAME       ] Frame 339 processed
    frame: 339
    detections: 0
    tracks: 0
[2026-05-12 19:29:20.022] [FRAME       ] Frame 340 processed
    frame: 340
    detections: 0
    tracks: 0
[2026-05-12 19:29:20.045] [FRAME       ] Frame 341 processed
    frame: 341
    detections: 0
    tracks: 0
[2026-05-12 19:29:20.097] [FRAME       ] Frame 342 processed
    frame: 342
    detections: 0
    tracks: 0
[2026-05-12 19:29:20.120] [FRAME       ] Frame 343 processed
    frame: 343
    detections: 0
    tracks: 0
[2026-05-12 19:29:20.162] [FRAME       ] Frame 344 processed
    frame: 344
    detections: 0
    tracks: 0
[2026-05-12 19:29:20.186] [FRAME       ] Frame 345 processed
    frame: 345
    detections: 0
    tracks: 0
[2026-05-12 19:29:20.226] [FRAME       ] Frame 346 processed
    frame: 346
    detections: 0
    tracks: 0
[2026-05-12 19:29:20.250] [FRAME       ] Frame 347 processed
    frame: 347
    detections: 0
    tracks: 0
[2026-05-12 19:29:20.304] [FRAME       ] Frame 348 processed
    frame: 348
    detections: 0
    tracks: 0
[2026-05-12 19:29:20.329] [FRAME       ] Frame 349 processed
    frame: 349
    detections: 0
    tracks: 0
[2026-05-12 19:29:20.353] [FRAME       ] Frame 350 processed
    frame: 350
    detections: 0
    tracks: 0
[2026-05-12 19:29:20.376] [FRAME       ] Frame 351 processed
    frame: 351
    detections: 0
    tracks: 0
[2026-05-12 19:29:20.399] [FRAME       ] Frame 352 processed
    frame: 352
    detections: 0
    tracks: 0
[2026-05-12 19:29:20.433] [FRAME       ] Frame 353 processed
    frame: 353
    detections: 0
    tracks: 0
[2026-05-12 19:29:20.456] [FRAME       ] Frame 354 processed
    frame: 354
    detections: 0
    tracks: 0
[2026-05-12 19:29:20.514] [FRAME       ] Frame 355 processed
    frame: 355
    detections: 0
    tracks: 0
[2026-05-12 19:29:20.538] [FRAME       ] Frame 356 processed
    frame: 356
    detections: 0
    tracks: 0
[2026-05-12 19:29:20.578] [FRAME       ] Frame 357 processed
    frame: 357
    detections: 0
    tracks: 0
[2026-05-12 19:29:20.604] [FRAME       ] Frame 358 processed
    frame: 358
    detections: 0
    tracks: 0
[2026-05-12 19:29:20.658] [FRAME       ] Frame 359 processed
    frame: 359
    detections: 0
    tracks: 0
[2026-05-12 19:29:20.681] [FRAME       ] Frame 360 processed
    frame: 360
    detections: 0
    tracks: 0
[2026-05-12 19:29:20.684] [STATS       ] Performance stats
    fps: 30.1
    processing_time: 995.1 ms
[2026-05-12 19:29:20.719] [FRAME       ] Frame 361 processed
    frame: 361
    detections: 0
    tracks: 0
[2026-05-12 19:29:20.742] [FRAME       ] Frame 362 processed
    frame: 362
    detections: 0
    tracks: 0
[2026-05-12 19:29:20.784] [FRAME       ] Frame 363 processed
    frame: 363
    detections: 0
    tracks: 0
[2026-05-12 19:29:20.808] [FRAME       ] Frame 364 processed
    frame: 364
    detections: 0
    tracks: 0
[2026-05-12 19:29:20.864] [FRAME       ] Frame 365 processed
    frame: 365
    detections: 0
    tracks: 0
[2026-05-12 19:29:20.887] [FRAME       ] Frame 366 processed
    frame: 366
    detections: 0
    tracks: 0
[2026-05-12 19:29:20.928] [FRAME       ] Frame 367 processed
    frame: 367
    detections: 0
    tracks: 0
[2026-05-12 19:29:20.952] [FRAME       ] Frame 368 processed
    frame: 368
    detections: 0
    tracks: 0
[2026-05-12 19:29:20.993] [FRAME       ] Frame 369 processed
    frame: 369
    detections: 0
    tracks: 0
[2026-05-12 19:29:21.016] [FRAME       ] Frame 370 processed
    frame: 370
    detections: 0
    tracks: 0
[2026-05-12 19:29:21.042] [FRAME       ] Frame 371 processed
    frame: 371
    detections: 0
    tracks: 0
[2026-05-12 19:29:21.072] [FRAME       ] Frame 372 processed
    frame: 372
    detections: 0
    tracks: 0
[2026-05-12 19:29:21.094] [FRAME       ] Frame 373 processed
    frame: 373
    detections: 0
    tracks: 0
[2026-05-12 19:29:21.135] [FRAME       ] Frame 374 processed
    frame: 374
    detections: 0
    tracks: 0
[2026-05-12 19:29:21.157] [FRAME       ] Frame 375 processed
    frame: 375
    detections: 0
    tracks: 0
[2026-05-12 19:29:21.218] [FRAME       ] Frame 376 processed
    frame: 376
    detections: 0
    tracks: 0
[2026-05-12 19:29:21.241] [FRAME       ] Frame 377 processed
    frame: 377
    detections: 0
    tracks: 0
[2026-05-12 19:29:21.286] [FRAME       ] Frame 378 processed
    frame: 378
    detections: 0
    tracks: 0
[2026-05-12 19:29:21.310] [FRAME       ] Frame 379 processed
    frame: 379
    detections: 0
    tracks: 0
[2026-05-12 19:29:21.345] [FRAME       ] Frame 380 processed
    frame: 380
    detections: 0
    tracks: 0
[2026-05-12 19:29:21.368] [FRAME       ] Frame 381 processed
    frame: 381
    detections: 0
    tracks: 0
[2026-05-12 19:29:21.424] [FRAME       ] Frame 382 processed
    frame: 382
    detections: 0
    tracks: 0
[2026-05-12 19:29:21.448] [FRAME       ] Frame 383 processed
    frame: 383
    detections: 0
    tracks: 0
[2026-05-12 19:29:21.487] [FRAME       ] Frame 384 processed
    frame: 384
    detections: 0
    tracks: 0
[2026-05-12 19:29:21.509] [FRAME       ] Frame 385 processed
    frame: 385
    detections: 0
    tracks: 0
[2026-05-12 19:29:21.552] [FRAME       ] Frame 386 processed
    frame: 386
    detections: 0
    tracks: 0
[2026-05-12 19:29:21.576] [FRAME       ] Frame 387 processed
    frame: 387
    detections: 0
    tracks: 0
[2026-05-12 19:29:21.597] [FRAME       ] Frame 388 processed
    frame: 388
    detections: 0
    tracks: 0
[2026-05-12 19:29:21.633] [FRAME       ] Frame 389 processed
    frame: 389
    detections: 0
    tracks: 0
[2026-05-12 19:29:21.698] [FRAME       ] Frame 390 processed
    frame: 390
    detections: 0
    tracks: 0
[2026-05-12 19:29:21.701] [STATS       ] Performance stats
    fps: 29.5
    processing_time: 1017.1 ms
[2026-05-12 19:29:21.721] [FRAME       ] Frame 391 processed
    frame: 391
    detections: 0
    tracks: 0
[2026-05-12 19:29:21.776] [FRAME       ] Frame 392 processed
    frame: 392
    detections: 0
    tracks: 0
[2026-05-12 19:29:21.799] [FRAME       ] Frame 393 processed
    frame: 393
    detections: 0
    tracks: 0
[2026-05-12 19:29:21.822] [FRAME       ] Frame 394 processed
    frame: 394
    detections: 0
    tracks: 0
[2026-05-12 19:29:21.846] [FRAME       ] Frame 395 processed
    frame: 395
    detections: 0
    tracks: 0
[2026-05-12 19:29:21.871] [FRAME       ] Frame 396 processed
    frame: 396
    detections: 0
    tracks: 0
[2026-05-12 19:29:21.905] [FRAME       ] Frame 397 processed
    frame: 397
    detections: 0
    tracks: 0
[2026-05-12 19:29:21.929] [FRAME       ] Frame 398 processed
    frame: 398
    detections: 0
    tracks: 0
[2026-05-12 19:29:21.988] [FRAME       ] Frame 399 processed
    frame: 399
    detections: 0
    tracks: 0
[2026-05-12 19:29:22.013] [FRAME       ] Frame 400 processed
    frame: 400
    detections: 0
    tracks: 0
[2026-05-12 19:29:22.048] [FRAME       ] Frame 401 processed
    frame: 401
    detections: 0
    tracks: 0
[2026-05-12 19:29:22.073] [FRAME       ] Frame 402 processed
    frame: 402
    detections: 0
    tracks: 0
[2026-05-12 19:29:22.118] [FRAME       ] Frame 403 processed
    frame: 403
    detections: 0
    tracks: 0
[2026-05-12 19:29:22.142] [FRAME       ] Frame 404 processed
    frame: 404
    detections: 0
    tracks: 0
[2026-05-12 19:29:22.194] [FRAME       ] Frame 405 processed
    frame: 405
    detections: 0
    tracks: 0
[2026-05-12 19:29:22.218] [FRAME       ] Frame 406 processed
    frame: 406
    detections: 0
    tracks: 0
[2026-05-12 19:29:22.260] [FRAME       ] Frame 407 processed
    frame: 407
    detections: 0
    tracks: 0
[2026-05-12 19:29:22.284] [FRAME       ] Frame 408 processed
    frame: 408
    detections: 0
    tracks: 0
[2026-05-12 19:29:22.340] [FRAME       ] Frame 409 processed
    frame: 409
    detections: 0
    tracks: 0
[2026-05-12 19:29:22.361] [FRAME       ] Frame 410 processed
    frame: 410
    detections: 0
    tracks: 0
[2026-05-12 19:29:22.384] [FRAME       ] Frame 411 processed
    frame: 411
    detections: 0
    tracks: 0
[2026-05-12 19:29:22.406] [FRAME       ] Frame 412 processed
    frame: 412
    detections: 0
    tracks: 0
[2026-05-12 19:29:22.468] [FRAME       ] Frame 413 processed
    frame: 413
    detections: 0
    tracks: 0
[2026-05-12 19:29:22.490] [FRAME       ] Frame 414 processed
    frame: 414
    detections: 0
    tracks: 0
[2026-05-12 19:29:22.545] [FRAME       ] Frame 415 processed
    frame: 415
    detections: 0
    tracks: 0
[2026-05-12 19:29:22.569] [FRAME       ] Frame 416 processed
    frame: 416
    detections: 0
    tracks: 0
[2026-05-12 19:29:22.591] [FRAME       ] Frame 417 processed
    frame: 417
    detections: 0
    tracks: 0
[2026-05-12 19:29:22.614] [FRAME       ] Frame 418 processed
    frame: 418
    detections: 0
    tracks: 0
[2026-05-12 19:29:22.637] [FRAME       ] Frame 419 processed
    frame: 419
    detections: 0
    tracks: 0
[2026-05-12 19:29:22.672] [FRAME       ] Frame 420 processed
    frame: 420
    detections: 0
    tracks: 0
[2026-05-12 19:29:22.675] [STATS       ] Performance stats
    fps: 30.8
    processing_time: 974.0 ms
[2026-05-12 19:29:22.694] [FRAME       ] Frame 421 processed
    frame: 421
    detections: 0
    tracks: 0
[2026-05-12 19:29:22.754] [FRAME       ] Frame 422 processed
    frame: 422
    detections: 0
    tracks: 0
[2026-05-12 19:29:22.782] [FRAME       ] Frame 423 processed
    frame: 423
    detections: 0
    tracks: 0
[2026-05-12 19:29:22.822] [FRAME       ] Frame 424 processed
    frame: 424
    detections: 0
    tracks: 0
[2026-05-12 19:29:22.851] [FRAME       ] Frame 425 processed
    frame: 425
    detections: 0
    tracks: 0
[2026-05-12 19:29:22.902] [FRAME       ] Frame 426 processed
    frame: 426
    detections: 0
    tracks: 0
[2026-05-12 19:29:22.931] [FRAME       ] Frame 427 processed
    frame: 427
    detections: 0
    tracks: 0
[2026-05-12 19:29:22.960] [FRAME       ] Frame 428 processed
    frame: 428
    detections: 0
    tracks: 0
[2026-05-12 19:29:22.983] [FRAME       ] Frame 429 processed
    frame: 429
    detections: 0
    tracks: 0
[2026-05-12 19:29:23.023] [FRAME       ] Frame 430 processed
    frame: 430
    detections: 0
    tracks: 0
[2026-05-12 19:29:23.052] [FRAME       ] Frame 431 processed
    frame: 431
    detections: 0
    tracks: 0
[2026-05-12 19:29:23.104] [FRAME       ] Frame 432 processed
    frame: 432
    detections: 0
    tracks: 0
[2026-05-12 19:29:23.126] [FRAME       ] Frame 433 processed
    frame: 433
    detections: 0
    tracks: 0
[2026-05-12 19:29:23.149] [FRAME       ] Frame 434 processed
    frame: 434
    detections: 0
    tracks: 0
[2026-05-12 19:29:23.173] [FRAME       ] Frame 435 processed
    frame: 435
    detections: 0
    tracks: 0
[2026-05-12 19:29:23.195] [FRAME       ] Frame 436 processed
    frame: 436
    detections: 0
    tracks: 0
[2026-05-12 19:29:23.233] [FRAME       ] Frame 437 processed
    frame: 437
    detections: 0
    tracks: 0
[2026-05-12 19:29:23.255] [FRAME       ] Frame 438 processed
    frame: 438
    detections: 0
    tracks: 0
[2026-05-12 19:29:23.313] [FRAME       ] Frame 439 processed
    frame: 439
    detections: 0
    tracks: 0
[2026-05-12 19:29:23.336] [FRAME       ] Frame 440 processed
    frame: 440
    detections: 0
    tracks: 0
[2026-05-12 19:29:23.377] [FRAME       ] Frame 441 processed
    frame: 441
    detections: 0
    tracks: 0
[2026-05-12 19:29:23.404] [FRAME       ] Frame 442 processed
    frame: 442
    detections: 0
    tracks: 0
[2026-05-12 19:29:23.456] [FRAME       ] Frame 443 processed
    frame: 443
    detections: 0
    tracks: 0
[2026-05-12 19:29:23.478] [FRAME       ] Frame 444 processed
    frame: 444
    detections: 0
    tracks: 0
[2026-05-12 19:29:23.520] [FRAME       ] Frame 445 processed
    frame: 445
    detections: 0
    tracks: 0
[2026-05-12 19:29:23.543] [FRAME       ] Frame 446 processed
    frame: 446
    detections: 0
    tracks: 0
[2026-05-12 19:29:23.585] [FRAME       ] Frame 447 processed
    frame: 447
    detections: 0
    tracks: 0
[2026-05-12 19:29:23.607] [FRAME       ] Frame 448 processed
    frame: 448
    detections: 0
    tracks: 0
[2026-05-12 19:29:23.665] [FRAME       ] Frame 449 processed
    frame: 449
    detections: 0
    tracks: 0
[2026-05-12 19:29:23.687] [FRAME       ] Frame 450 processed
    frame: 450
    detections: 0
    tracks: 0
[2026-05-12 19:29:23.690] [STATS       ] Performance stats
    fps: 29.6
    processing_time: 1014.5 ms
[2026-05-12 19:29:23.729] [FRAME       ] Frame 451 processed
    frame: 451
    detections: 0
    tracks: 0
[2026-05-12 19:29:23.752] [FRAME       ] Frame 452 processed
    frame: 452
    detections: 0
    tracks: 0
[2026-05-12 19:29:23.810] [FRAME       ] Frame 453 processed
    frame: 453
    detections: 0
    tracks: 0
[2026-05-12 19:29:23.835] [FRAME       ] Frame 454 processed
    frame: 454
    detections: 0
    tracks: 0
[2026-05-12 19:29:23.860] [FRAME       ] Frame 455 processed
    frame: 455
    detections: 0
    tracks: 0
[2026-05-12 19:29:23.883] [FRAME       ] Frame 456 processed
    frame: 456
    detections: 0
    tracks: 0
[2026-05-12 19:29:23.908] [FRAME       ] Frame 457 processed
    frame: 457
    detections: 0
    tracks: 0
[2026-05-12 19:29:23.937] [FRAME       ] Frame 458 processed
    frame: 458
    detections: 0
    tracks: 0
[2026-05-12 19:29:23.961] [FRAME       ] Frame 459 processed
    frame: 459
    detections: 0
    tracks: 0
[2026-05-12 19:29:24.014] [FRAME       ] Frame 460 processed
    frame: 460
    detections: 0
    tracks: 0
[2026-05-12 19:29:24.038] [FRAME       ] Frame 461 processed
    frame: 461
    detections: 0
    tracks: 0
[2026-05-12 19:29:24.084] [FRAME       ] Frame 462 processed
    frame: 462
    detections: 0
    tracks: 0
[2026-05-12 19:29:24.110] [FRAME       ] Frame 463 processed
    frame: 463
    detections: 0
    tracks: 0
[2026-05-12 19:29:24.143] [FRAME       ] Frame 464 processed
    frame: 464
    detections: 0
    tracks: 0
[2026-05-12 19:29:24.166] [FRAME       ] Frame 465 processed
    frame: 465
    detections: 0
    tracks: 0
[2026-05-12 19:29:24.224] [FRAME       ] Frame 466 processed
    frame: 466
    detections: 0
    tracks: 0
[2026-05-12 19:29:24.247] [FRAME       ] Frame 467 processed
    frame: 467
    detections: 0
    tracks: 0
[2026-05-12 19:29:24.290] [FRAME       ] Frame 468 processed
    frame: 468
    detections: 0
    tracks: 0
[2026-05-12 19:29:24.313] [FRAME       ] Frame 469 processed
    frame: 469
    detections: 0
    tracks: 0
[2026-05-12 19:29:24.368] [FRAME       ] Frame 470 processed
    frame: 470
    detections: 0
    tracks: 0
[2026-05-12 19:29:24.392] [FRAME       ] Frame 471 processed
    frame: 471
    detections: 0
    tracks: 0
[2026-05-12 19:29:24.416] [FRAME       ] Frame 472 processed
    frame: 472
    detections: 0
    tracks: 0
[2026-05-12 19:29:24.440] [FRAME       ] Frame 473 processed
    frame: 473
    detections: 0
    tracks: 0
[2026-05-12 19:29:24.497] [FRAME       ] Frame 474 processed
    frame: 474
    detections: 0
    tracks: 0
[2026-05-12 19:29:24.521] [FRAME       ] Frame 475 processed
    frame: 475
    detections: 0
    tracks: 0
[2026-05-12 19:29:24.578] [FRAME       ] Frame 476 processed
    frame: 476
    detections: 0
    tracks: 0
[2026-05-12 19:29:24.601] [FRAME       ] Frame 477 processed
    frame: 477
    detections: 0
    tracks: 0
[2026-05-12 19:29:24.625] [FRAME       ] Frame 478 processed
    frame: 478
    detections: 0
    tracks: 0
[2026-05-12 19:29:24.650] [FRAME       ] Frame 479 processed
    frame: 479
    detections: 0
    tracks: 0
[2026-05-12 19:29:24.673] [FRAME       ] Frame 480 processed
    frame: 480
    detections: 0
    tracks: 0
[2026-05-12 19:29:24.676] [STATS       ] Performance stats
    fps: 30.4
    processing_time: 985.8 ms
[2026-05-12 19:29:24.707] [FRAME       ] Frame 481 processed
    frame: 481
    detections: 0
    tracks: 0
[2026-05-12 19:29:24.729] [FRAME       ] Frame 482 processed
    frame: 482
    detections: 0
    tracks: 0
[2026-05-12 19:29:24.785] [FRAME       ] Frame 483 processed
    frame: 483
    detections: 0
    tracks: 0
[2026-05-12 19:29:24.807] [FRAME       ] Frame 484 processed
    frame: 484
    detections: 0
    tracks: 0
[2026-05-12 19:29:24.848] [FRAME       ] Frame 485 processed
    frame: 485
    detections: 0
    tracks: 0
[2026-05-12 19:29:24.869] [FRAME       ] Frame 486 processed
    frame: 486
    detections: 0
    tracks: 0
[2026-05-12 19:29:24.927] [FRAME       ] Frame 487 processed
    frame: 487
    detections: 0
    tracks: 0
[2026-05-12 19:29:24.950] [FRAME       ] Frame 488 processed
    frame: 488
    detections: 0
    tracks: 0
[2026-05-12 19:29:24.992] [FRAME       ] Frame 489 processed
    frame: 489
    detections: 0
    tracks: 0
[2026-05-12 19:29:25.014] [FRAME       ] Frame 490 processed
    frame: 490
    detections: 0
    tracks: 0
[2026-05-12 19:29:25.055] [FRAME       ] Frame 491 processed
    frame: 491
    detections: 0
    tracks: 0
[2026-05-12 19:29:25.080] [FRAME       ] Frame 492 processed
    frame: 492
    detections: 0
    tracks: 0
[2026-05-12 19:29:25.136] [FRAME       ] Frame 493 processed
    frame: 493
    detections: 0
    tracks: 0
[2026-05-12 19:29:25.158] [FRAME       ] Frame 494 processed
    frame: 494
    detections: 0
    tracks: 0
[2026-05-12 19:29:25.182] [FRAME       ] Frame 495 processed
    frame: 495
    detections: 0
    tracks: 0
[2026-05-12 19:29:25.206] [FRAME       ] Frame 496 processed
    frame: 496
    detections: 0
    tracks: 0
[2026-05-12 19:29:25.266] [FRAME       ] Frame 497 processed
    frame: 497
    detections: 0
    tracks: 0
[2026-05-12 19:29:25.291] [FRAME       ] Frame 498 processed
    frame: 498
    detections: 0
    tracks: 0
[2026-05-12 19:29:25.345] [FRAME       ] Frame 499 processed
    frame: 499
    detections: 0
    tracks: 0
[2026-05-12 19:29:25.370] [FRAME       ] Frame 500 processed
    frame: 500
    detections: 0
    tracks: 0
[2026-05-12 19:29:25.392] [FRAME       ] Frame 501 processed
    frame: 501
    detections: 0
    tracks: 0
[2026-05-12 19:29:25.416] [FRAME       ] Frame 502 processed
    frame: 502
    detections: 0
    tracks: 0
[2026-05-12 19:29:25.437] [FRAME       ] Frame 503 processed
    frame: 503
    detections: 0
    tracks: 0
[2026-05-12 19:29:25.488] [FRAME       ] Frame 504 processed
    frame: 504
    detections: 0
    tracks: 0
[2026-05-12 19:29:25.511] [FRAME       ] Frame 505 processed
    frame: 505
    detections: 0
    tracks: 0
[2026-05-12 19:29:25.553] [FRAME       ] Frame 506 processed
    frame: 506
    detections: 0
    tracks: 0
[2026-05-12 19:29:25.574] [FRAME       ] Frame 507 processed
    frame: 507
    detections: 0
    tracks: 0
[2026-05-12 19:29:25.616] [FRAME       ] Frame 508 processed
    frame: 508
    detections: 0
    tracks: 0
[2026-05-12 19:29:25.638] [FRAME       ] Frame 509 processed
    frame: 509
    detections: 0
    tracks: 0
[2026-05-12 19:29:25.696] [FRAME       ] Frame 510 processed
    frame: 510
    detections: 0
    tracks: 0
[2026-05-12 19:29:25.699] [STATS       ] Performance stats
    fps: 29.3
    processing_time: 1022.9 ms
[2026-05-12 19:29:25.720] [FRAME       ] Frame 511 processed
    frame: 511
    detections: 0
    tracks: 0
[2026-05-12 19:29:25.761] [FRAME       ] Frame 512 processed
    frame: 512
    detections: 0
    tracks: 0
[2026-05-12 19:29:25.782] [FRAME       ] Frame 513 processed
    frame: 513
    detections: 0
    tracks: 0
[2026-05-12 19:29:25.826] [FRAME       ] Frame 514 processed
    frame: 514
    detections: 0
    tracks: 0
[2026-05-12 19:29:25.850] [FRAME       ] Frame 515 processed
    frame: 515
    detections: 0
    tracks: 0
[2026-05-12 19:29:25.906] [FRAME       ] Frame 516 processed
    frame: 516
    detections: 0
    tracks: 0
[2026-05-12 19:29:25.932] [FRAME       ] Frame 517 processed
    frame: 517
    detections: 0
    tracks: 0
[2026-05-12 19:29:25.957] [FRAME       ] Frame 518 processed
    frame: 518
    detections: 0
    tracks: 0
[2026-05-12 19:29:25.980] [FRAME       ] Frame 519 processed
    frame: 519
    detections: 0
    tracks: 0
[2026-05-12 19:29:26.001] [FRAME       ] Frame 520 processed
    frame: 520
    detections: 0
    tracks: 0
[2026-05-12 19:29:26.048] [FRAME       ] Frame 521 processed
    frame: 521
    detections: 0
    tracks: 0
[2026-05-12 19:29:26.071] [FRAME       ] Frame 522 processed
    frame: 522
    detections: 0
    tracks: 0
[2026-05-12 19:29:26.112] [FRAME       ] Frame 523 processed
    frame: 523
    detections: 0
    tracks: 0
[2026-05-12 19:29:26.132] [FRAME       ] Frame 524 processed
    frame: 524
    detections: 0
    tracks: 0
[2026-05-12 19:29:26.176] [FRAME       ] Frame 525 processed
    frame: 525
    detections: 0
    tracks: 0
[2026-05-12 19:29:26.199] [FRAME       ] Frame 526 processed
    frame: 526
    detections: 0
    tracks: 0
[2026-05-12 19:29:26.255] [FRAME       ] Frame 527 processed
    frame: 527
    detections: 0
    tracks: 0
[2026-05-12 19:29:26.279] [FRAME       ] Frame 528 processed
    frame: 528
    detections: 0
    tracks: 0
[2026-05-12 19:29:26.321] [FRAME       ] Frame 529 processed
    frame: 529
    detections: 0
    tracks: 0
[2026-05-12 19:29:26.347] [FRAME       ] Frame 530 processed
    frame: 530
    detections: 0
    tracks: 0
[2026-05-12 19:29:26.386] [FRAME       ] Frame 531 processed
    frame: 531
    detections: 0
    tracks: 0
[2026-05-12 19:29:26.421] [FRAME       ] Frame 532 processed
    frame: 532
    detections: 0
    tracks: 0
[2026-05-12 19:29:26.467] [FRAME       ] Frame 533 processed
    frame: 533
    detections: 0
    tracks: 0
[2026-05-12 19:29:26.493] [FRAME       ] Frame 534 processed
    frame: 534
    detections: 0
    tracks: 0
[2026-05-12 19:29:26.529] [FRAME       ] Frame 535 processed
    frame: 535
    detections: 0
    tracks: 0
[2026-05-12 19:29:26.554] [FRAME       ] Frame 536 processed
    frame: 536
    detections: 0
    tracks: 0
[2026-05-12 19:29:26.610] [FRAME       ] Frame 537 processed
    frame: 537
    detections: 0
    tracks: 0
[2026-05-12 19:29:26.634] [FRAME       ] Frame 538 processed
    frame: 538
    detections: 0
    tracks: 0
[2026-05-12 19:29:26.661] [FRAME       ] Frame 539 processed
    frame: 539
    detections: 0
    tracks: 0
[2026-05-12 19:29:26.684] [FRAME       ] Frame 540 processed
    frame: 540
    detections: 0
    tracks: 0
[2026-05-12 19:29:26.688] [STATS       ] Performance stats
    fps: 30.4
    processing_time: 987.8 ms
[2026-05-12 19:29:26.710] [FRAME       ] Frame 541 processed
    frame: 541
    detections: 0
    tracks: 0
[2026-05-12 19:29:26.737] [FRAME       ] Frame 542 processed
    frame: 542
    detections: 0
    tracks: 0
[2026-05-12 19:29:26.759] [FRAME       ] Frame 543 processed
    frame: 543
    detections: 0
    tracks: 0
[2026-05-12 19:29:26.820] [FRAME       ] Frame 544 processed
    frame: 544
    detections: 0
    tracks: 0
[2026-05-12 19:29:26.845] [FRAME       ] Frame 545 processed
    frame: 545
    detections: 0
    tracks: 0
[2026-05-12 19:29:26.881] [FRAME       ] Frame 546 processed
    frame: 546
    detections: 0
    tracks: 0
[2026-05-12 19:29:26.905] [FRAME       ] Frame 547 processed
    frame: 547
    detections: 0
    tracks: 0
[2026-05-12 19:29:26.944] [FRAME       ] Frame 548 processed
    frame: 548
    detections: 0
    tracks: 0
[2026-05-12 19:29:26.968] [FRAME       ] Frame 549 processed
    frame: 549
    detections: 0
    tracks: 0
[2026-05-12 19:29:27.026] [FRAME       ] Frame 550 processed
    frame: 550
    detections: 0
    tracks: 0
[2026-05-12 19:29:27.049] [FRAME       ] Frame 551 processed
    frame: 551
    detections: 0
    tracks: 0
[2026-05-12 19:29:27.089] [FRAME       ] Frame 552 processed
    frame: 552
    detections: 0
    tracks: 0
[2026-05-12 19:29:27.111] [FRAME       ] Frame 553 processed
    frame: 553
    detections: 0
    tracks: 0
[2026-05-12 19:29:27.169] [FRAME       ] Frame 554 processed
    frame: 554
    detections: 0
    tracks: 0
[2026-05-12 19:29:27.192] [FRAME       ] Frame 555 processed
    frame: 555
    detections: 0
    tracks: 0
[2026-05-12 19:29:27.215] [FRAME       ] Frame 556 processed
    frame: 556
    detections: 0
    tracks: 0
[2026-05-12 19:29:27.237] [FRAME       ] Frame 557 processed
    frame: 557
    detections: 0
    tracks: 0
[2026-05-12 19:29:27.296] [FRAME       ] Frame 558 processed
    frame: 558
    detections: 0
    tracks: 0
[2026-05-12 19:29:27.320] [FRAME       ] Frame 559 processed
    frame: 559
    detections: 0
    tracks: 0
[2026-05-12 19:29:27.377] [FRAME       ] Frame 560 processed
    frame: 560
    detections: 0
    tracks: 0
[2026-05-12 19:29:27.402] [FRAME       ] Frame 561 processed
    frame: 561
    detections: 0
    tracks: 0
[2026-05-12 19:29:27.427] [FRAME       ] Frame 562 processed
    frame: 562
    detections: 0
    tracks: 0
[2026-05-12 19:29:27.450] [FRAME       ] Frame 563 processed
    frame: 563
    detections: 0
    tracks: 0
[2026-05-12 19:29:27.471] [FRAME       ] Frame 564 processed
    frame: 564
    detections: 0
    tracks: 0
[2026-05-12 19:29:27.503] [FRAME       ] Frame 565 processed
    frame: 565
    detections: 0
    tracks: 0
[2026-05-12 19:29:27.528] [FRAME       ] Frame 566 processed
    frame: 566
    detections: 0
    tracks: 0
[2026-05-12 19:29:27.585] [FRAME       ] Frame 567 processed
    frame: 567
    detections: 0
    tracks: 0
[2026-05-12 19:29:27.607] [FRAME       ] Frame 568 processed
    frame: 568
    detections: 0
    tracks: 0
[2026-05-12 19:29:27.652] [FRAME       ] Frame 569 processed
    frame: 569
    detections: 0
    tracks: 0
[2026-05-12 19:29:27.676] [FRAME       ] Frame 570 processed
    frame: 570
    detections: 0
    tracks: 0
[2026-05-12 19:29:27.680] [STATS       ] Performance stats
    fps: 30.3
    processing_time: 991.7 ms
[2026-05-12 19:29:27.729] [FRAME       ] Frame 571 processed
    frame: 571
    detections: 0
    tracks: 0
[2026-05-12 19:29:27.753] [FRAME       ] Frame 572 processed
    frame: 572
    detections: 0
    tracks: 0
[2026-05-12 19:29:27.797] [FRAME       ] Frame 573 processed
    frame: 573
    detections: 0
    tracks: 0
[2026-05-12 19:29:27.819] [FRAME       ] Frame 574 processed
    frame: 574
    detections: 0
    tracks: 0
[2026-05-12 19:29:27.857] [FRAME       ] Frame 575 processed
    frame: 575
    detections: 0
    tracks: 0
[2026-05-12 19:29:27.879] [FRAME       ] Frame 576 processed
    frame: 576
    detections: 0
    tracks: 0
[2026-05-12 19:29:27.939] [FRAME       ] Frame 577 processed
    frame: 577
    detections: 0
    tracks: 0
[2026-05-12 19:29:27.964] [FRAME       ] Frame 578 processed
    frame: 578
    detections: 0
    tracks: 0
[2026-05-12 19:29:27.987] [FRAME       ] Frame 579 processed
    frame: 579
    detections: 0
    tracks: 0
[2026-05-12 19:29:28.011] [FRAME       ] Frame 580 processed
    frame: 580
    detections: 0
    tracks: 0
[2026-05-12 19:29:28.069] [FRAME       ] Frame 581 processed
    frame: 581
    detections: 0
    tracks: 0
[2026-05-12 19:29:28.093] [FRAME       ] Frame 582 processed
    frame: 582
    detections: 0
    tracks: 0
[2026-05-12 19:29:28.146] [FRAME       ] Frame 583 processed
    frame: 583
    detections: 0
    tracks: 0
[2026-05-12 19:29:28.168] [FRAME       ] Frame 584 processed
    frame: 584
    detections: 0
    tracks: 0
[2026-05-12 19:29:28.192] [FRAME       ] Frame 585 processed
    frame: 585
    detections: 0
    tracks: 0
[2026-05-12 19:29:28.215] [FRAME       ] Frame 586 processed
    frame: 586
    detections: 0
    tracks: 0
[2026-05-12 19:29:28.238] [FRAME       ] Frame 587 processed
    frame: 587
    detections: 0
    tracks: 0
[2026-05-12 19:29:28.289] [FRAME       ] Frame 588 processed
    frame: 588
    detections: 0
    tracks: 0
[2026-05-12 19:29:28.312] [FRAME       ] Frame 589 processed
    frame: 589
    detections: 0
    tracks: 0
[2026-05-12 19:29:28.352] [FRAME       ] Frame 590 processed
    frame: 590
    detections: 0
    tracks: 0
[2026-05-12 19:29:28.375] [FRAME       ] Frame 591 processed
    frame: 591
    detections: 0
    tracks: 0
[2026-05-12 19:29:28.419] [FRAME       ] Frame 592 processed
    frame: 592
    detections: 0
    tracks: 0
[2026-05-12 19:29:28.441] [FRAME       ] Frame 593 processed
    frame: 593
    detections: 0
    tracks: 0
[2026-05-12 19:29:28.497] [FRAME       ] Frame 594 processed
    frame: 594
    detections: 0
    tracks: 0
[2026-05-12 19:29:28.520] [FRAME       ] Frame 595 processed
    frame: 595
    detections: 0
    tracks: 0
[2026-05-12 19:29:28.562] [FRAME       ] Frame 596 processed
    frame: 596
    detections: 0
    tracks: 0
[2026-05-12 19:29:28.585] [FRAME       ] Frame 597 processed
    frame: 597
    detections: 0
    tracks: 0
[2026-05-12 19:29:28.623] [FRAME       ] Frame 598 processed
    frame: 598
    detections: 0
    tracks: 0
[2026-05-12 19:29:28.648] [FRAME       ] Frame 599 processed
    frame: 599
    detections: 0
    tracks: 0
[2026-05-12 19:29:28.703] [FRAME       ] Frame 600 processed
    frame: 600
    detections: 0
    tracks: 0
[2026-05-12 19:29:28.706] [STATS       ] Performance stats
    fps: 29.2
    processing_time: 1026.5 ms
[2026-05-12 19:29:28.727] [FRAME       ] Frame 601 processed
    frame: 601
    detections: 0
    tracks: 0
[2026-05-12 19:29:28.752] [FRAME       ] Frame 602 processed
    frame: 602
    detections: 0
    tracks: 0
[2026-05-12 19:29:28.774] [FRAME       ] Frame 603 processed
    frame: 603
    detections: 0
    tracks: 0
[2026-05-12 19:29:28.796] [FRAME       ] Frame 604 processed
    frame: 604
    detections: 0
    tracks: 0
[2026-05-12 19:29:28.849] [FRAME       ] Frame 605 processed
    frame: 605
    detections: 0
    tracks: 0
[2026-05-12 19:29:28.873] [FRAME       ] Frame 606 processed
    frame: 606
    detections: 0
    tracks: 0
[2026-05-12 19:29:28.913] [FRAME       ] Frame 607 processed
    frame: 607
    detections: 0
    tracks: 0
[2026-05-12 19:29:28.938] [FRAME       ] Frame 608 processed
    frame: 608
    detections: 0
    tracks: 0
[2026-05-12 19:29:28.977] [FRAME       ] Frame 609 processed
    frame: 609
    detections: 0
    tracks: 0
[2026-05-12 19:29:29.004] [FRAME       ] Frame 610 processed
    frame: 610
    detections: 0
    tracks: 0
[2026-05-12 19:29:29.056] [FRAME       ] Frame 611 processed
    frame: 611
    detections: 0
    tracks: 0
[2026-05-12 19:29:29.079] [FRAME       ] Frame 612 processed
    frame: 612
    detections: 0
    tracks: 0
[2026-05-12 19:29:29.120] [FRAME       ] Frame 613 processed
    frame: 613
    detections: 0
    tracks: 0
[2026-05-12 19:29:29.142] [FRAME       ] Frame 614 processed
    frame: 614
    detections: 0
    tracks: 0
[2026-05-12 19:29:29.184] [FRAME       ] Frame 615 processed
    frame: 615
    detections: 0
    tracks: 0
[2026-05-12 19:29:29.209] [FRAME       ] Frame 616 processed
    frame: 616
    detections: 0
    tracks: 0
[2026-05-12 19:29:29.264] [FRAME       ] Frame 617 processed
    frame: 617
    detections: 0
    tracks: 0
[2026-05-12 19:29:29.290] [FRAME       ] Frame 618 processed
    frame: 618
    detections: 0
    tracks: 0
[2026-05-12 19:29:29.329] [FRAME       ] Frame 619 processed
    frame: 619
    detections: 0
    tracks: 0
[2026-05-12 19:29:29.354] [FRAME       ] Frame 620 processed
    frame: 620
    detections: 0
    tracks: 0
[2026-05-12 19:29:29.409] [FRAME       ] Frame 621 processed
    frame: 621
    detections: 0
    tracks: 0
[2026-05-12 19:29:29.433] [FRAME       ] Frame 622 processed
    frame: 622
    detections: 0
    tracks: 0
[2026-05-12 19:29:29.459] [FRAME       ] Frame 623 processed
    frame: 623
    detections: 0
    tracks: 0
[2026-05-12 19:29:29.484] [FRAME       ] Frame 624 processed
    frame: 624
    detections: 0
    tracks: 0
[2026-05-12 19:29:29.506] [FRAME       ] Frame 625 processed
    frame: 625
    detections: 0
    tracks: 0
[2026-05-12 19:29:29.536] [FRAME       ] Frame 626 processed
    frame: 626
    detections: 0
    tracks: 0
[2026-05-12 19:29:29.558] [FRAME       ] Frame 627 processed
    frame: 627
    detections: 0
    tracks: 0
[2026-05-12 19:29:29.615] [FRAME       ] Frame 628 processed
    frame: 628
    detections: 0
    tracks: 0
[2026-05-12 19:29:29.638] [FRAME       ] Frame 629 processed
    frame: 629
    detections: 0
    tracks: 0
[2026-05-12 19:29:29.680] [FRAME       ] Frame 630 processed
    frame: 630
    detections: 0
    tracks: 0
[2026-05-12 19:29:29.683] [STATS       ] Performance stats
    fps: 30.7
    processing_time: 976.3 ms
[2026-05-12 19:29:29.702] [FRAME       ] Frame 631 processed
    frame: 631
    detections: 0
    tracks: 0
[2026-05-12 19:29:29.746] [FRAME       ] Frame 632 processed
    frame: 632
    detections: 0
    tracks: 0
[2026-05-12 19:29:29.775] [FRAME       ] Frame 633 processed
    frame: 633
    detections: 0
    tracks: 0
[2026-05-12 19:29:29.825] [FRAME       ] Frame 634 processed
    frame: 634
    detections: 0
    tracks: 0
[2026-05-12 19:29:29.848] [FRAME       ] Frame 635 processed
    frame: 635
    detections: 0
    tracks: 0
[2026-05-12 19:29:29.889] [FRAME       ] Frame 636 processed
    frame: 636
    detections: 0
    tracks: 0
[2026-05-12 19:29:29.911] [FRAME       ] Frame 637 processed
    frame: 637
    detections: 0
    tracks: 0
[2026-05-12 19:29:29.969] [FRAME       ] Frame 638 processed
    frame: 638
    detections: 0
    tracks: 0
[2026-05-12 19:29:29.993] [FRAME       ] Frame 639 processed
    frame: 639
    detections: 0
    tracks: 0
[2026-05-12 19:29:30.016] [FRAME       ] Frame 640 processed
    frame: 640
    detections: 0
    tracks: 0
[2026-05-12 19:29:30.040] [FRAME       ] Frame 641 processed
    frame: 641
    detections: 0
    tracks: 0
[2026-05-12 19:29:30.098] [FRAME       ] Frame 642 processed
    frame: 642
    detections: 0
    tracks: 0
[2026-05-12 19:29:30.122] [FRAME       ] Frame 643 processed
    frame: 643
    detections: 0
    tracks: 0
[2026-05-12 19:29:30.179] [FRAME       ] Frame 644 processed
    frame: 644
    detections: 0
    tracks: 0
[2026-05-12 19:29:30.203] [FRAME       ] Frame 645 processed
    frame: 645
    detections: 0
    tracks: 0
[2026-05-12 19:29:30.226] [FRAME       ] Frame 646 processed
    frame: 646
    detections: 0
    tracks: 0
[2026-05-12 19:29:30.249] [FRAME       ] Frame 647 processed
    frame: 647
    detections: 0
    tracks: 0
[2026-05-12 19:29:30.271] [FRAME       ] Frame 648 processed
    frame: 648
    detections: 0
    tracks: 0
[2026-05-12 19:29:30.303] [FRAME       ] Frame 649 processed
    frame: 649
    detections: 0
    tracks: 0
[2026-05-12 19:29:30.325] [FRAME       ] Frame 650 processed
    frame: 650
    detections: 0
    tracks: 0
[2026-05-12 19:29:30.385] [FRAME       ] Frame 651 processed
    frame: 651
    detections: 0
    tracks: 0
[2026-05-12 19:29:30.408] [FRAME       ] Frame 652 processed
    frame: 652
    detections: 0
    tracks: 0
[2026-05-12 19:29:30.449] [FRAME       ] Frame 653 processed
    frame: 653
    detections: 0
    tracks: 0
[2026-05-12 19:29:30.472] [FRAME       ] Frame 654 processed
    frame: 654
    detections: 0
    tracks: 0
[2026-05-12 19:29:30.529] [FRAME       ] Frame 655 processed
    frame: 655
    detections: 0
    tracks: 0
[2026-05-12 19:29:30.553] [FRAME       ] Frame 656 processed
    frame: 656
    detections: 0
    tracks: 0
[2026-05-12 19:29:30.591] [FRAME       ] Frame 657 processed
    frame: 657
    detections: 0
    tracks: 0
[2026-05-12 19:29:30.614] [FRAME       ] Frame 658 processed
    frame: 658
    detections: 0
    tracks: 0
[2026-05-12 19:29:30.656] [FRAME       ] Frame 659 processed
    frame: 659
    detections: 0
    tracks: 0
[2026-05-12 19:29:30.680] [FRAME       ] Frame 660 processed
    frame: 660
    detections: 0
    tracks: 0
[2026-05-12 19:29:30.684] [STATS       ] Performance stats
    fps: 30.0
    processing_time: 1000.3 ms
[2026-05-12 19:29:30.736] [FRAME       ] Frame 661 processed
    frame: 661
    detections: 0
    tracks: 0
[2026-05-12 19:29:30.759] [FRAME       ] Frame 662 processed
    frame: 662
    detections: 0
    tracks: 0
[2026-05-12 19:29:30.783] [FRAME       ] Frame 663 processed
    frame: 663
    detections: 0
    tracks: 0
[2026-05-12 19:29:30.807] [FRAME       ] Frame 664 processed
    frame: 664
    detections: 0
    tracks: 0
[2026-05-12 19:29:30.865] [FRAME       ] Frame 665 processed
    frame: 665
    detections: 0
    tracks: 0
[2026-05-12 19:29:30.889] [FRAME       ] Frame 666 processed
    frame: 666
    detections: 0
    tracks: 0
[2026-05-12 19:29:30.944] [FRAME       ] Frame 667 processed
    frame: 667
    detections: 0
    tracks: 0
[2026-05-12 19:29:30.966] [FRAME       ] Frame 668 processed
    frame: 668
    detections: 0
    tracks: 0
[2026-05-12 19:29:30.990] [FRAME       ] Frame 669 processed
    frame: 669
    detections: 0
    tracks: 0
[2026-05-12 19:29:31.014] [FRAME       ] Frame 670 processed
    frame: 670
    detections: 0
    tracks: 0
[2026-05-12 19:29:31.035] [FRAME       ] Frame 671 processed
    frame: 671
    detections: 0
    tracks: 0
[2026-05-12 19:29:31.090] [FRAME       ] Frame 672 processed
    frame: 672
    detections: 0
    tracks: 0
[2026-05-12 19:29:31.113] [FRAME       ] Frame 673 processed
    frame: 673
    detections: 0
    tracks: 0
[2026-05-12 19:29:31.152] [FRAME       ] Frame 674 processed
    frame: 674
    detections: 0
    tracks: 0
[2026-05-12 19:29:31.175] [FRAME       ] Frame 675 processed
    frame: 675
    detections: 0
    tracks: 0
[2026-05-12 19:29:31.217] [FRAME       ] Frame 676 processed
    frame: 676
    detections: 0
    tracks: 0
[2026-05-12 19:29:31.240] [FRAME       ] Frame 677 processed
    frame: 677
    detections: 0
    tracks: 0
[2026-05-12 19:29:31.296] [FRAME       ] Frame 678 processed
    frame: 678
    detections: 0
    tracks: 0
[2026-05-12 19:29:31.320] [FRAME       ] Frame 679 processed
    frame: 679
    detections: 0
    tracks: 0
[2026-05-12 19:29:31.359] [FRAME       ] Frame 680 processed
    frame: 680
    detections: 0
    tracks: 0
[2026-05-12 19:29:31.383] [FRAME       ] Frame 681 processed
    frame: 681
    detections: 0
    tracks: 0
[2026-05-12 19:29:31.424] [FRAME       ] Frame 682 processed
    frame: 682
    detections: 0
    tracks: 0
[2026-05-12 19:29:31.446] [FRAME       ] Frame 683 processed
    frame: 683
    detections: 0
    tracks: 0
[2026-05-12 19:29:31.506] [FRAME       ] Frame 684 processed
    frame: 684
    detections: 0
    tracks: 0
[2026-05-12 19:29:31.531] [FRAME       ] Frame 685 processed
    frame: 685
    detections: 0
    tracks: 0
[2026-05-12 19:29:31.554] [FRAME       ] Frame 686 processed
    frame: 686
    detections: 0
    tracks: 0
[2026-05-12 19:29:31.578] [FRAME       ] Frame 687 processed
    frame: 687
    detections: 0
    tracks: 0
[2026-05-12 19:29:31.599] [FRAME       ] Frame 688 processed
    frame: 688
    detections: 0
    tracks: 0
[2026-05-12 19:29:31.650] [FRAME       ] Frame 689 processed
    frame: 689
    detections: 0
    tracks: 0
[2026-05-12 19:29:31.673] [FRAME       ] Frame 690 processed
    frame: 690
    detections: 0
    tracks: 0
[2026-05-12 19:29:31.676] [STATS       ] Performance stats
    fps: 30.2
    processing_time: 991.8 ms
[2026-05-12 19:29:31.713] [FRAME       ] Frame 691 processed
    frame: 691
    detections: 0
    tracks: 0
[2026-05-12 19:29:31.735] [FRAME       ] Frame 692 processed
    frame: 692
    detections: 0
    tracks: 0
[2026-05-12 19:29:31.776] [FRAME       ] Frame 693 processed
    frame: 693
    detections: 0
    tracks: 0
[2026-05-12 19:29:31.800] [FRAME       ] Frame 694 processed
    frame: 694
    detections: 0
    tracks: 0
[2026-05-12 19:29:31.855] [FRAME       ] Frame 695 processed
    frame: 695
    detections: 0
    tracks: 0
[2026-05-12 19:29:31.878] [FRAME       ] Frame 696 processed
    frame: 696
    detections: 0
    tracks: 0
[2026-05-12 19:29:31.921] [FRAME       ] Frame 697 processed
    frame: 697
    detections: 0
    tracks: 0
[2026-05-12 19:29:31.945] [FRAME       ] Frame 698 processed
    frame: 698
    detections: 0
    tracks: 0
[2026-05-12 19:29:31.985] [FRAME       ] Frame 699 processed
    frame: 699
    detections: 0
    tracks: 0
[2026-05-12 19:29:32.009] [FRAME       ] Frame 700 processed
    frame: 700
    detections: 0
    tracks: 0
[2026-05-12 19:29:32.064] [FRAME       ] Frame 701 processed
    frame: 701
    detections: 0
    tracks: 0
[2026-05-12 19:29:32.089] [FRAME       ] Frame 702 processed
    frame: 702
    detections: 0
    tracks: 0
[2026-05-12 19:29:32.132] [FRAME       ] Frame 703 processed
    frame: 703
    detections: 0
    tracks: 0
[2026-05-12 19:29:32.155] [FRAME       ] Frame 704 processed
    frame: 704
    detections: 0
    tracks: 0
[2026-05-12 19:29:32.208] [FRAME       ] Frame 705 processed
    frame: 705
    detections: 0
    tracks: 0
[2026-05-12 19:29:32.233] [FRAME       ] Frame 706 processed
    frame: 706
    detections: 0
    tracks: 0
[2026-05-12 19:29:32.256] [FRAME       ] Frame 707 processed
    frame: 707
    detections: 0
    tracks: 0
[2026-05-12 19:29:32.278] [FRAME       ] Frame 708 processed
    frame: 708
    detections: 0
    tracks: 0
[2026-05-12 19:29:32.300] [FRAME       ] Frame 709 processed
    frame: 709
    detections: 0
    tracks: 0
[2026-05-12 19:29:32.337] [FRAME       ] Frame 710 processed
    frame: 710
    detections: 0
    tracks: 0
[2026-05-12 19:29:32.358] [FRAME       ] Frame 711 processed
    frame: 711
    detections: 0
    tracks: 0
[2026-05-12 19:29:32.416] [FRAME       ] Frame 712 processed
    frame: 712
    detections: 0
    tracks: 0
[2026-05-12 19:29:32.441] [FRAME       ] Frame 713 processed
    frame: 713
    detections: 0
    tracks: 0
[2026-05-12 19:29:32.480] [FRAME       ] Frame 714 processed
    frame: 714
    detections: 0
    tracks: 0
[2026-05-12 19:29:32.503] [FRAME       ] Frame 715 processed
    frame: 715
    detections: 0
    tracks: 0
[2026-05-12 19:29:32.549] [FRAME       ] Frame 716 processed
    frame: 716
    detections: 0
    tracks: 0
[2026-05-12 19:29:32.579] [FRAME       ] Frame 717 processed
    frame: 717
    detections: 0
    tracks: 0
[2026-05-12 19:29:32.625] [FRAME       ] Frame 718 processed
    frame: 718
    detections: 0
    tracks: 0
[2026-05-12 19:29:32.647] [FRAME       ] Frame 719 processed
    frame: 719
    detections: 0
    tracks: 0
[2026-05-12 19:29:32.687] [FRAME       ] Frame 720 processed
    frame: 720
    detections: 0
    tracks: 0
[2026-05-12 19:29:32.690] [STATS       ] Performance stats
    fps: 29.6
    processing_time: 1014.5 ms
[2026-05-12 19:29:32.711] [FRAME       ] Frame 721 processed
    frame: 721
    detections: 0
    tracks: 0
[2026-05-12 19:29:32.768] [FRAME       ] Frame 722 processed
    frame: 722
    detections: 0
    tracks: 0
[2026-05-12 19:29:32.792] [FRAME       ] Frame 723 processed
    frame: 723
    detections: 0
    tracks: 0
[2026-05-12 19:29:32.814] [FRAME       ] Frame 724 processed
    frame: 724
    detections: 0
    tracks: 0
[2026-05-12 19:29:32.837] [FRAME       ] Frame 725 processed
    frame: 725
    detections: 0
    tracks: 0
[2026-05-12 19:29:32.902] [FRAME       ] Frame 726 processed
    frame: 726
    detections: 0
    tracks: 0
[2026-05-12 19:29:32.926] [FRAME       ] Frame 727 processed
    frame: 727
    detections: 0
    tracks: 0
[2026-05-12 19:29:32.979] [FRAME       ] Frame 728 processed
    frame: 728
    detections: 0
    tracks: 0
[2026-05-12 19:29:33.001] [FRAME       ] Frame 729 processed
    frame: 729
    detections: 0
    tracks: 0
[2026-05-12 19:29:33.025] [FRAME       ] Frame 730 processed
    frame: 730
    detections: 0
    tracks: 0
[2026-05-12 19:29:33.047] [FRAME       ] Frame 731 processed
    frame: 731
    detections: 0
    tracks: 0
[2026-05-12 19:29:33.071] [FRAME       ] Frame 732 processed
    frame: 732
    detections: 0
    tracks: 0
[2026-05-12 19:29:33.107] [FRAME       ] Frame 733 processed
    frame: 733
    detections: 0
    tracks: 0
[2026-05-12 19:29:33.130] [FRAME       ] Frame 734 processed
    frame: 734
    detections: 0
    tracks: 0
[2026-05-12 19:29:33.184] [FRAME       ] Frame 735 processed
    frame: 735
    detections: 0
    tracks: 0
[2026-05-12 19:29:33.207] [FRAME       ] Frame 736 processed
    frame: 736
    detections: 0
    tracks: 0
[2026-05-12 19:29:33.247] [FRAME       ] Frame 737 processed
    frame: 737
    detections: 0
    tracks: 0
[2026-05-12 19:29:33.273] [FRAME       ] Frame 738 processed
    frame: 738
    detections: 0
    tracks: 0
[2026-05-12 19:29:33.328] [FRAME       ] Frame 739 processed
    frame: 739
    detections: 0
    tracks: 0
[2026-05-12 19:29:33.353] [FRAME       ] Frame 740 processed
    frame: 740
    detections: 0
    tracks: 0
[2026-05-12 19:29:33.392] [FRAME       ] Frame 741 processed
    frame: 741
    detections: 0
    tracks: 0
[2026-05-12 19:29:33.416] [FRAME       ] Frame 742 processed
    frame: 742
    detections: 0
    tracks: 0
[2026-05-12 19:29:33.457] [FRAME       ] Frame 743 processed
    frame: 743
    detections: 0
    tracks: 0
[2026-05-12 19:29:33.480] [FRAME       ] Frame 744 processed
    frame: 744
    detections: 0
    tracks: 0
[2026-05-12 19:29:33.539] [DETECTION   ] Drone detected
    frame: 745
    bbox: [np.int64(51), np.int64(100), np.int64(1280), np.int64(701)]
    confidence: 0.55
    class: 0
[2026-05-12 19:29:33.578] [FRAME       ] Frame 745 processed
    frame: 745
    detections: 1
    tracks: 0
[2026-05-12 19:29:33.603] [DETECTION   ] Drone detected
    frame: 746
    bbox: [np.int64(51), np.int64(100), np.int64(1280), np.int64(701)]
    confidence: 0.55
    class: 0
[2026-05-12 19:29:33.630] [FRAME       ] Frame 746 processed
    frame: 746
    detections: 1
    tracks: 0
[2026-05-12 19:29:33.657] [DETECTION   ] Drone detected
    frame: 747
    bbox: [np.int64(51), np.int64(100), np.int64(1280), np.int64(701)]
    confidence: 0.55
    class: 0
[2026-05-12 19:29:33.691] [FRAME       ] Frame 747 processed
    frame: 747
    detections: 1
    tracks: 0
[2026-05-12 19:29:33.713] [FRAME       ] Frame 748 processed
    frame: 748
    detections: 0
    tracks: 0
[2026-05-12 19:29:33.738] [FRAME       ] Frame 749 processed
    frame: 749
    detections: 0
    tracks: 0
[2026-05-12 19:29:33.761] [TRACK       ] Track ID:1
    frame: 750
    track_id: 1
    position: (665, 400)
    velocity: (0.0, 0.0)
    speed: 0.0 px/f
    hits: 4
[2026-05-12 19:29:33.761] [FRAME       ] Frame 750 processed
    frame: 750
    detections: 0
    tracks: 1
[2026-05-12 19:29:33.761] [THREAT      ] Track ID:1 - CRITICAL
    frame: 750
    track_id: 1
    distance: 47.2 px
    threat_level: CRITICAL
    pattern: unknown
    speed: 0.0 px/f
    uncertainty: ±60.0 px
    evasion_point: (518, 164)
    commands: ⚠️ EVADE NOW!, EVADE LEFT, EVADE UP
[2026-05-12 19:29:33.771] [STATS       ] Performance stats
    fps: 27.8
    processing_time: 1080.1 ms
[2026-05-12 19:29:33.809] [TRACK       ] Track ID:1
    frame: 751
    track_id: 1
    position: (665, 400)
    velocity: (0.0, 0.0)
    speed: 0.0 px/f
    hits: 5
[2026-05-12 19:29:33.809] [FRAME       ] Frame 751 processed
    frame: 751
    detections: 0
    tracks: 1
[2026-05-12 19:29:33.809] [THREAT      ] Track ID:1 - CRITICAL
    frame: 751
    track_id: 1
    distance: 47.2 px
    threat_level: CRITICAL
    pattern: unknown
    speed: 0.0 px/f
    uncertainty: ±60.0 px
    evasion_point: (518, 164)
    commands: ⚠️ EVADE NOW!, EVADE LEFT, EVADE UP
[2026-05-12 19:29:33.839] [TRACK       ] Track ID:1
    frame: 752
    track_id: 1
    position: (665, 400)
    velocity: (0.0, 0.0)
    speed: 0.0 px/f
    hits: 6
[2026-05-12 19:29:33.840] [FRAME       ] Frame 752 processed
    frame: 752
    detections: 0
    tracks: 1
[2026-05-12 19:29:33.840] [THREAT      ] Track ID:1 - CRITICAL
    frame: 752
    track_id: 1
    distance: 47.2 px
    threat_level: CRITICAL
    pattern: unknown
    speed: 0.0 px/f
    uncertainty: ±60.0 px
    evasion_point: (518, 164)
    commands: ⚠️ EVADE NOW!, EVADE LEFT, EVADE UP
[2026-05-12 19:29:33.873] [TRACK       ] Track ID:1
    frame: 753
    track_id: 1
    position: (665, 400)
    velocity: (0.0, 0.0)
    speed: 0.0 px/f
    hits: 7
[2026-05-12 19:29:33.873] [FRAME       ] Frame 753 processed
    frame: 753
    detections: 0
    tracks: 1
[2026-05-12 19:29:33.874] [THREAT      ] Track ID:1 - CRITICAL
    frame: 753
    track_id: 1
    distance: 47.2 px
    threat_level: CRITICAL
    pattern: unknown
    speed: 0.0 px/f
    uncertainty: ±60.0 px
    evasion_point: (518, 164)
    commands: ⚠️ EVADE NOW!, EVADE LEFT, EVADE UP
[2026-05-12 19:29:33.902] [TRACK       ] Track ID:1
    frame: 754
    track_id: 1
    position: (665, 400)
    velocity: (0.0, 0.0)
    speed: 0.0 px/f
    hits: 8
[2026-05-12 19:29:33.903] [FRAME       ] Frame 754 processed
    frame: 754
    detections: 0
    tracks: 1
[2026-05-12 19:29:33.903] [THREAT      ] Track ID:1 - CRITICAL
    frame: 754
    track_id: 1
    distance: 47.2 px
    threat_level: CRITICAL
    pattern: unknown
    speed: 0.0 px/f
    uncertainty: ±60.0 px
    evasion_point: (518, 164)
    commands: ⚠️ EVADE NOW!, EVADE LEFT, EVADE UP
[2026-05-12 19:29:33.937] [TRACK       ] Track ID:1
    frame: 755
    track_id: 1
    position: (665, 400)
    velocity: (0.0, 0.0)
    speed: 0.0 px/f
    hits: 9
[2026-05-12 19:29:33.937] [FRAME       ] Frame 755 processed
    frame: 755
    detections: 0
    tracks: 1
[2026-05-12 19:29:33.937] [THREAT      ] Track ID:1 - CRITICAL
    frame: 755
    track_id: 1
    distance: 47.2 px
    threat_level: CRITICAL
    pattern: unknown
    speed: 0.0 px/f
    uncertainty: ±60.0 px
    evasion_point: (518, 164)
    commands: ⚠️ EVADE NOW!, EVADE LEFT, EVADE UP
[2026-05-12 19:29:33.966] [TRACK       ] Track ID:1
    frame: 756
    track_id: 1
    position: (665, 400)
    velocity: (0.0, 0.0)
    speed: 0.0 px/f
    hits: 10
[2026-05-12 19:29:33.967] [FRAME       ] Frame 756 processed
    frame: 756
    detections: 0
    tracks: 1
[2026-05-12 19:29:33.967] [THREAT      ] Track ID:1 - CRITICAL
    frame: 756
    track_id: 1
    distance: 47.2 px
    threat_level: CRITICAL
    pattern: unknown
    speed: 0.0 px/f
    uncertainty: ±60.0 px
    evasion_point: (518, 164)
    commands: ⚠️ EVADE NOW!, EVADE LEFT, EVADE UP
[2026-05-12 19:29:34.002] [TRACK       ] Track ID:1
    frame: 757
    track_id: 1
    position: (665, 400)
    velocity: (0.0, 0.0)
    speed: 0.0 px/f
    hits: 11
[2026-05-12 19:29:34.002] [FRAME       ] Frame 757 processed
    frame: 757
    detections: 0
    tracks: 1
[2026-05-12 19:29:34.002] [THREAT      ] Track ID:1 - CRITICAL
    frame: 757
    track_id: 1
    distance: 47.2 px
    threat_level: CRITICAL
    pattern: unknown
    speed: 0.0 px/f
    uncertainty: ±60.0 px
    evasion_point: (518, 164)
    commands: ⚠️ EVADE NOW!, EVADE LEFT, EVADE UP
[2026-05-12 19:29:34.063] [TRACK       ] Track ID:1
    frame: 758
    track_id: 1
    position: (665, 400)
    velocity: (0.0, 0.0)
    speed: 0.0 px/f
    hits: 12
[2026-05-12 19:29:34.063] [FRAME       ] Frame 758 processed
    frame: 758
    detections: 0
    tracks: 1
[2026-05-12 19:29:34.063] [THREAT      ] Track ID:1 - CRITICAL
    frame: 758
    track_id: 1
    distance: 47.2 px
    threat_level: CRITICAL
    pattern: unknown
    speed: 0.0 px/f
    uncertainty: ±60.0 px
    evasion_point: (518, 164)
    commands: ⚠️ EVADE NOW!, EVADE LEFT, EVADE UP
[2026-05-12 19:29:34.094] [TRACK       ] Track ID:1
    frame: 759
    track_id: 1
    position: (665, 400)
    velocity: (0.0, 0.0)
    speed: 0.0 px/f
    hits: 13
[2026-05-12 19:29:34.095] [FRAME       ] Frame 759 processed
    frame: 759
    detections: 0
    tracks: 1
[2026-05-12 19:29:34.095] [THREAT      ] Track ID:1 - CRITICAL
    frame: 759
    track_id: 1
    distance: 47.2 px
    threat_level: CRITICAL
    pattern: straight
    speed: 0.0 px/f
    uncertainty: ±25.0 px
    evasion_point: (527, 179)
    commands: ⚠️ EVADE NOW!, EVADE LEFT, EVADE UP
[2026-05-12 19:29:34.130] [TRACK       ] Track ID:1
    frame: 760
    track_id: 1
    position: (665, 400)
    velocity: (0.0, 0.0)
    speed: 0.0 px/f
    hits: 14
[2026-05-12 19:29:34.131] [FRAME       ] Frame 760 processed
    frame: 760
    detections: 0
    tracks: 1
[2026-05-12 19:29:34.131] [THREAT      ] Track ID:1 - CRITICAL
    frame: 760
    track_id: 1
    distance: 47.2 px
    threat_level: CRITICAL
    pattern: straight
    speed: 0.0 px/f
    uncertainty: ±25.0 px
    evasion_point: (527, 179)
    commands: ⚠️ EVADE NOW!, EVADE LEFT, EVADE UP
[2026-05-12 19:29:34.160] [TRACK       ] Track ID:1
    frame: 761
    track_id: 1
    position: (665, 400)
    velocity: (0.0, 0.0)
    speed: 0.0 px/f
    hits: 15
[2026-05-12 19:29:34.160] [FRAME       ] Frame 761 processed
    frame: 761
    detections: 0
    tracks: 1
[2026-05-12 19:29:34.160] [THREAT      ] Track ID:1 - CRITICAL
    frame: 761
    track_id: 1
    distance: 47.2 px
    threat_level: CRITICAL
    pattern: straight
    speed: 0.0 px/f
    uncertainty: ±25.0 px
    evasion_point: (527, 179)
    commands: ⚠️ EVADE NOW!, EVADE LEFT, EVADE UP
[2026-05-12 19:29:34.193] [TRACK       ] Track ID:1
    frame: 762
    track_id: 1
    position: (665, 400)
    velocity: (0.0, 0.0)
    speed: 0.0 px/f
    hits: 16
[2026-05-12 19:29:34.193] [FRAME       ] Frame 762 processed
    frame: 762
    detections: 0
    tracks: 1
[2026-05-12 19:29:34.193] [THREAT      ] Track ID:1 - CRITICAL
    frame: 762
    track_id: 1
    distance: 47.2 px
    threat_level: CRITICAL
    pattern: straight
    speed: 0.0 px/f
    uncertainty: ±25.0 px
    evasion_point: (527, 179)
    commands: ⚠️ EVADE NOW!, EVADE LEFT, EVADE UP
[2026-05-12 19:29:34.221] [TRACK       ] Track ID:1
    frame: 763
    track_id: 1
    position: (665, 400)
    velocity: (0.0, 0.0)
    speed: 0.0 px/f
    hits: 17
[2026-05-12 19:29:34.221] [FRAME       ] Frame 763 processed
    frame: 763
    detections: 0
    tracks: 1
[2026-05-12 19:29:34.222] [THREAT      ] Track ID:1 - CRITICAL
    frame: 763
    track_id: 1
    distance: 47.2 px
    threat_level: CRITICAL
    pattern: straight
    speed: 0.0 px/f
    uncertainty: ±25.0 px
    evasion_point: (527, 179)
    commands: ⚠️ EVADE NOW!, EVADE LEFT, EVADE UP
[2026-05-12 19:29:34.273] [TRACK       ] Track ID:1
    frame: 764
    track_id: 1
    position: (665, 400)
    velocity: (0.0, 0.0)
    speed: 0.0 px/f
    hits: 18
[2026-05-12 19:29:34.273] [FRAME       ] Frame 764 processed
    frame: 764
    detections: 0
    tracks: 1
[2026-05-12 19:29:34.273] [THREAT      ] Track ID:1 - CRITICAL
    frame: 764
    track_id: 1
    distance: 47.2 px
    threat_level: CRITICAL
    pattern: straight
    speed: 0.0 px/f
    uncertainty: ±25.0 px
    evasion_point: (527, 179)
    commands: ⚠️ EVADE NOW!, EVADE LEFT, EVADE UP
[2026-05-12 19:29:34.301] [TRACK       ] Track ID:1
    frame: 765
    track_id: 1
    position: (665, 400)
    velocity: (0.0, 0.0)
    speed: 0.0 px/f
    hits: 19
[2026-05-12 19:29:34.301] [FRAME       ] Frame 765 processed
    frame: 765
    detections: 0
    tracks: 1
[2026-05-12 19:29:34.301] [THREAT      ] Track ID:1 - CRITICAL
    frame: 765
    track_id: 1
    distance: 47.2 px
    threat_level: CRITICAL
    pattern: straight
    speed: 0.0 px/f
    uncertainty: ±25.0 px
    evasion_point: (527, 179)
    commands: ⚠️ EVADE NOW!, EVADE LEFT, EVADE UP
[2026-05-12 19:29:34.329] [TRACK       ] Track ID:1
    frame: 766
    track_id: 1
    position: (665, 400)
    velocity: (0.0, 0.0)
    speed: 0.0 px/f
    hits: 20
[2026-05-12 19:29:34.329] [FRAME       ] Frame 766 processed
    frame: 766
    detections: 0
    tracks: 1
[2026-05-12 19:29:34.329] [THREAT      ] Track ID:1 - CRITICAL
    frame: 766
    track_id: 1
    distance: 47.2 px
    threat_level: CRITICAL
    pattern: straight
    speed: 0.0 px/f
    uncertainty: ±25.0 px
    evasion_point: (527, 179)
    commands: ⚠️ EVADE NOW!, EVADE LEFT, EVADE UP
[2026-05-12 19:29:34.356] [TRACK       ] Track ID:1
    frame: 767
    track_id: 1
    position: (665, 400)
    velocity: (0.0, 0.0)
    speed: 0.0 px/f
    hits: 21
[2026-05-12 19:29:34.356] [FRAME       ] Frame 767 processed
    frame: 767
    detections: 0
    tracks: 1
[2026-05-12 19:29:34.356] [THREAT      ] Track ID:1 - CRITICAL
    frame: 767
    track_id: 1
    distance: 47.2 px
    threat_level: CRITICAL
    pattern: straight
    speed: 0.0 px/f
    uncertainty: ±25.0 px
    evasion_point: (527, 179)
    commands: ⚠️ EVADE NOW!, EVADE LEFT, EVADE UP
[2026-05-12 19:29:34.387] [TRACK       ] Track ID:1
    frame: 768
    track_id: 1
    position: (665, 400)
    velocity: (0.0, 0.0)
    speed: 0.0 px/f
    hits: 22
[2026-05-12 19:29:34.387] [FRAME       ] Frame 768 processed
    frame: 768
    detections: 0
    tracks: 1
[2026-05-12 19:29:34.387] [THREAT      ] Track ID:1 - CRITICAL
    frame: 768
    track_id: 1
    distance: 47.2 px
    threat_level: CRITICAL
    pattern: straight
    speed: 0.0 px/f
    uncertainty: ±25.0 px
    evasion_point: (527, 179)
    commands: ⚠️ EVADE NOW!, EVADE LEFT, EVADE UP
[2026-05-12 19:29:34.414] [TRACK       ] Track ID:1
    frame: 769
    track_id: 1
    position: (665, 400)
    velocity: (0.0, 0.0)
    speed: 0.0 px/f
    hits: 23
[2026-05-12 19:29:34.414] [FRAME       ] Frame 769 processed
    frame: 769
    detections: 0
    tracks: 1
[2026-05-12 19:29:34.414] [THREAT      ] Track ID:1 - CRITICAL
    frame: 769
    track_id: 1
    distance: 47.2 px
    threat_level: CRITICAL
    pattern: straight
    speed: 0.0 px/f
    uncertainty: ±25.0 px
    evasion_point: (527, 179)
    commands: ⚠️ EVADE NOW!, EVADE LEFT, EVADE UP
[2026-05-12 19:29:34.466] [TRACK       ] Track ID:1
    frame: 770
    track_id: 1
    position: (665, 400)
    velocity: (0.0, 0.0)
    speed: 0.0 px/f
    hits: 24
[2026-05-12 19:29:34.466] [FRAME       ] Frame 770 processed
    frame: 770
    detections: 0
    tracks: 1
[2026-05-12 19:29:34.467] [THREAT      ] Track ID:1 - CRITICAL
    frame: 770
    track_id: 1
    distance: 47.2 px
    threat_level: CRITICAL
    pattern: straight
    speed: 0.0 px/f
    uncertainty: ±25.0 px
    evasion_point: (527, 179)
    commands: ⚠️ EVADE NOW!, EVADE LEFT, EVADE UP
[2026-05-12 19:29:34.496] [TRACK       ] Track ID:1
    frame: 771
    track_id: 1
    position: (665, 400)
    velocity: (0.0, 0.0)
    speed: 0.0 px/f
    hits: 25
[2026-05-12 19:29:34.497] [FRAME       ] Frame 771 processed
    frame: 771
    detections: 0
    tracks: 1
[2026-05-12 19:29:34.497] [THREAT      ] Track ID:1 - CRITICAL
    frame: 771
    track_id: 1
    distance: 47.2 px
    threat_level: CRITICAL
    pattern: straight
    speed: 0.0 px/f
    uncertainty: ±25.0 px
    evasion_point: (527, 179)
    commands: ⚠️ EVADE NOW!, EVADE LEFT, EVADE UP
[2026-05-12 19:29:34.531] [TRACK       ] Track ID:1
    frame: 772
    track_id: 1
    position: (665, 400)
    velocity: (0.0, 0.0)
    speed: 0.0 px/f
    hits: 26
[2026-05-12 19:29:34.531] [FRAME       ] Frame 772 processed
    frame: 772
    detections: 0
    tracks: 1
[2026-05-12 19:29:34.532] [THREAT      ] Track ID:1 - CRITICAL
    frame: 772
    track_id: 1
    distance: 47.2 px
    threat_level: CRITICAL
    pattern: straight
    speed: 0.0 px/f
    uncertainty: ±25.0 px
    evasion_point: (527, 179)
    commands: ⚠️ EVADE NOW!, EVADE LEFT, EVADE UP
[2026-05-12 19:29:34.560] [TRACK       ] Track ID:1
    frame: 773
    track_id: 1
    position: (665, 400)
    velocity: (0.0, 0.0)
    speed: 0.0 px/f
    hits: 27
[2026-05-12 19:29:34.560] [FRAME       ] Frame 773 processed
    frame: 773
    detections: 0
    tracks: 1
[2026-05-12 19:29:34.560] [THREAT      ] Track ID:1 - CRITICAL
    frame: 773
    track_id: 1
    distance: 47.2 px
    threat_level: CRITICAL
    pattern: straight
    speed: 0.0 px/f
    uncertainty: ±25.0 px
    evasion_point: (527, 179)
    commands: ⚠️ EVADE NOW!, EVADE LEFT, EVADE UP
[2026-05-12 19:29:34.591] [TRACK       ] Track ID:1
    frame: 774
    track_id: 1
    position: (665, 400)
    velocity: (0.0, 0.0)
    speed: 0.0 px/f
    hits: 28
[2026-05-12 19:29:34.592] [FRAME       ] Frame 774 processed
    frame: 774
    detections: 0
    tracks: 1
[2026-05-12 19:29:34.592] [THREAT      ] Track ID:1 - CRITICAL
    frame: 774
    track_id: 1
    distance: 47.2 px
    threat_level: CRITICAL
    pattern: straight
    speed: 0.0 px/f
    uncertainty: ±25.0 px
    evasion_point: (527, 179)
    commands: ⚠️ EVADE NOW!, EVADE LEFT, EVADE UP
[2026-05-12 19:29:34.620] [TRACK       ] Track ID:1
    frame: 775
    track_id: 1
    position: (665, 400)
    velocity: (0.0, 0.0)
    speed: 0.0 px/f
    hits: 29
[2026-05-12 19:29:34.620] [FRAME       ] Frame 775 processed
    frame: 775
    detections: 0
    tracks: 1
[2026-05-12 19:29:34.620] [THREAT      ] Track ID:1 - CRITICAL
    frame: 775
    track_id: 1
    distance: 47.2 px
    threat_level: CRITICAL
    pattern: straight
    speed: 0.0 px/f
    uncertainty: ±25.0 px
    evasion_point: (527, 179)
    commands: ⚠️ EVADE NOW!, EVADE LEFT, EVADE UP
[2026-05-12 19:29:34.662] [TRACK       ] Track ID:1
    frame: 776
    track_id: 1
    position: (665, 400)
    velocity: (0.0, 0.0)
    speed: 0.0 px/f
    hits: 30
[2026-05-12 19:29:34.662] [FRAME       ] Frame 776 processed
    frame: 776
    detections: 0
    tracks: 1
[2026-05-12 19:29:34.663] [THREAT      ] Track ID:1 - CRITICAL
    frame: 776
    track_id: 1
    distance: 47.2 px
    threat_level: CRITICAL
    pattern: straight
    speed: 0.0 px/f
    uncertainty: ±25.0 px
    evasion_point: (527, 179)
    commands: ⚠️ EVADE NOW!, EVADE LEFT, EVADE UP
[2026-05-12 19:29:34.693] [TRACK       ] Track ID:1
    frame: 777
    track_id: 1
    position: (665, 400)
    velocity: (0.0, 0.0)
    speed: 0.0 px/f
    hits: 31
[2026-05-12 19:29:34.693] [FRAME       ] Frame 777 processed
    frame: 777
    detections: 0
    tracks: 1
[2026-05-12 19:29:34.693] [THREAT      ] Track ID:1 - CRITICAL
    frame: 777
    track_id: 1
    distance: 47.2 px
    threat_level: CRITICAL
    pattern: straight
    speed: 0.0 px/f
    uncertainty: ±25.0 px
    evasion_point: (527, 179)
    commands: ⚠️ EVADE NOW!, EVADE LEFT, EVADE UP
[2026-05-12 19:29:34.721] [FRAME       ] Frame 778 processed
    frame: 778
    detections: 0
    tracks: 0
[2026-05-12 19:29:34.742] [FRAME       ] Frame 779 processed
    frame: 779
    detections: 0
    tracks: 0
[2026-05-12 19:29:34.799] [FRAME       ] Frame 780 processed
    frame: 780
    detections: 0
    tracks: 0
[2026-05-12 19:29:34.802] [STATS       ] Performance stats
    fps: 29.1
    processing_time: 1031.3 ms
[2026-05-12 19:29:34.823] [FRAME       ] Frame 781 processed
    frame: 781
    detections: 0
    tracks: 0
[2026-05-12 19:29:34.864] [FRAME       ] Frame 782 processed
    frame: 782
    detections: 0
    tracks: 0
[2026-05-12 19:29:34.887] [FRAME       ] Frame 783 processed
    frame: 783
    detections: 0
    tracks: 0
[2026-05-12 19:29:34.929] [FRAME       ] Frame 784 processed
    frame: 784
    detections: 0
    tracks: 0
[2026-05-12 19:29:34.954] [FRAME       ] Frame 785 processed
    frame: 785
    detections: 0
    tracks: 0
[2026-05-12 19:29:34.993] [FRAME       ] Frame 786 processed
    frame: 786
    detections: 0
    tracks: 0
[2026-05-12 19:29:35.014] [FRAME       ] Frame 787 processed
    frame: 787
    detections: 0
    tracks: 0
[2026-05-12 19:29:35.056] [FRAME       ] Frame 788 processed
    frame: 788
    detections: 0
    tracks: 0
[2026-05-12 19:29:35.079] [FRAME       ] Frame 789 processed
    frame: 789
    detections: 0
    tracks: 0
[2026-05-12 19:29:35.122] [FRAME       ] Frame 790 processed
    frame: 790
    detections: 0
    tracks: 0
[2026-05-12 19:29:35.144] [FRAME       ] Frame 791 processed
    frame: 791
    detections: 0
    tracks: 0
[2026-05-12 19:29:35.185] [FRAME       ] Frame 792 processed
    frame: 792
    detections: 0
    tracks: 0
[2026-05-12 19:29:35.209] [FRAME       ] Frame 793 processed
    frame: 793
    detections: 0
    tracks: 0
[2026-05-12 19:29:35.249] [FRAME       ] Frame 794 processed
    frame: 794
    detections: 0
    tracks: 0
[2026-05-12 19:29:35.271] [FRAME       ] Frame 795 processed
    frame: 795
    detections: 0
    tracks: 0
[2026-05-12 19:29:35.330] [FRAME       ] Frame 796 processed
    frame: 796
    detections: 0
    tracks: 0
[2026-05-12 19:29:35.355] [FRAME       ] Frame 797 processed
    frame: 797
    detections: 0
    tracks: 0
[2026-05-12 19:29:35.394] [FRAME       ] Frame 798 processed
    frame: 798
    detections: 0
    tracks: 0
[2026-05-12 19:29:35.416] [FRAME       ] Frame 799 processed
    frame: 799
    detections: 0
    tracks: 0
[2026-05-12 19:29:35.455] [FRAME       ] Frame 800 processed
    frame: 800
    detections: 0
    tracks: 0
[2026-05-12 19:29:35.480] [FRAME       ] Frame 801 processed
    frame: 801
    detections: 0
    tracks: 0
[2026-05-12 19:29:35.522] [FRAME       ] Frame 802 processed
    frame: 802
    detections: 0
    tracks: 0
[2026-05-12 19:29:35.544] [FRAME       ] Frame 803 processed
    frame: 803
    detections: 0
    tracks: 0
[2026-05-12 19:29:35.586] [FRAME       ] Frame 804 processed
    frame: 804
    detections: 0
    tracks: 0
[2026-05-12 19:29:35.611] [FRAME       ] Frame 805 processed
    frame: 805
    detections: 0
    tracks: 0
[2026-05-12 19:29:35.651] [FRAME       ] Frame 806 processed
    frame: 806
    detections: 0
    tracks: 0
[2026-05-12 19:29:35.673] [FRAME       ] Frame 807 processed
    frame: 807
    detections: 0
    tracks: 0
[2026-05-12 19:29:35.715] [FRAME       ] Frame 808 processed
    frame: 808
    detections: 0
    tracks: 0
[2026-05-12 19:29:35.737] [FRAME       ] Frame 809 processed
    frame: 809
    detections: 0
    tracks: 0
[2026-05-12 19:29:35.778] [FRAME       ] Frame 810 processed
    frame: 810
    detections: 0
    tracks: 0
[2026-05-12 19:29:35.781] [STATS       ] Performance stats
    fps: 30.6
    processing_time: 978.9 ms
[2026-05-12 19:29:35.803] [FRAME       ] Frame 811 processed
    frame: 811
    detections: 0
    tracks: 0
[2026-05-12 19:29:35.858] [FRAME       ] Frame 812 processed
    frame: 812
    detections: 0
    tracks: 0
[2026-05-12 19:29:35.881] [FRAME       ] Frame 813 processed
    frame: 813
    detections: 0
    tracks: 0
[2026-05-12 19:29:35.922] [FRAME       ] Frame 814 processed
    frame: 814
    detections: 0
    tracks: 0
[2026-05-12 19:29:35.946] [FRAME       ] Frame 815 processed
    frame: 815
    detections: 0
    tracks: 0
[2026-05-12 19:29:35.986] [FRAME       ] Frame 816 processed
    frame: 816
    detections: 0
    tracks: 0
[2026-05-12 19:29:36.007] [FRAME       ] Frame 817 processed
    frame: 817
    detections: 0
    tracks: 0
[2026-05-12 19:29:36.048] [FRAME       ] Frame 818 processed
    frame: 818
    detections: 0
    tracks: 0
[2026-05-12 19:29:36.072] [FRAME       ] Frame 819 processed
    frame: 819
    detections: 0
    tracks: 0
[2026-05-12 19:29:36.114] [FRAME       ] Frame 820 processed
    frame: 820
    detections: 0
    tracks: 0
[2026-05-12 19:29:36.138] [FRAME       ] Frame 821 processed
    frame: 821
    detections: 0
    tracks: 0
[2026-05-12 19:29:36.178] [FRAME       ] Frame 822 processed
    frame: 822
    detections: 0
    tracks: 0
[2026-05-12 19:29:36.204] [FRAME       ] Frame 823 processed
    frame: 823
    detections: 0
    tracks: 0
[2026-05-12 19:29:36.243] [FRAME       ] Frame 824 processed
    frame: 824
    detections: 0
    tracks: 0
[2026-05-12 19:29:36.266] [FRAME       ] Frame 825 processed
    frame: 825
    detections: 0
    tracks: 0
[2026-05-12 19:29:36.306] [FRAME       ] Frame 826 processed
    frame: 826
    detections: 0
    tracks: 0
[2026-05-12 19:29:36.330] [FRAME       ] Frame 827 processed
    frame: 827
    detections: 0
    tracks: 0
[2026-05-12 19:29:36.385] [FRAME       ] Frame 828 processed
    frame: 828
    detections: 0
    tracks: 0
[2026-05-12 19:29:36.410] [FRAME       ] Frame 829 processed
    frame: 829
    detections: 0
    tracks: 0
[2026-05-12 19:29:36.451] [FRAME       ] Frame 830 processed
    frame: 830
    detections: 0
    tracks: 0
[2026-05-12 19:29:36.475] [FRAME       ] Frame 831 processed
    frame: 831
    detections: 0
    tracks: 0
[2026-05-12 19:29:36.512] [FRAME       ] Frame 832 processed
    frame: 832
    detections: 0
    tracks: 0
[2026-05-12 19:29:36.534] [FRAME       ] Frame 833 processed
    frame: 833
    detections: 0
    tracks: 0
[2026-05-12 19:29:36.577] [FRAME       ] Frame 834 processed
    frame: 834
    detections: 0
    tracks: 0
[2026-05-12 19:29:36.601] [FRAME       ] Frame 835 processed
    frame: 835
    detections: 0
    tracks: 0
[2026-05-12 19:29:36.641] [FRAME       ] Frame 836 processed
    frame: 836
    detections: 0
    tracks: 0
[2026-05-12 19:29:36.662] [FRAME       ] Frame 837 processed
    frame: 837
    detections: 0
    tracks: 0
[2026-05-12 19:29:36.704] [FRAME       ] Frame 838 processed
    frame: 838
    detections: 0
    tracks: 0
[2026-05-12 19:29:36.728] [FRAME       ] Frame 839 processed
    frame: 839
    detections: 0
    tracks: 0
[2026-05-12 19:29:36.770] [FRAME       ] Frame 840 processed
    frame: 840
    detections: 0
    tracks: 0
[2026-05-12 19:29:36.773] [STATS       ] Performance stats
    fps: 30.3
    processing_time: 991.3 ms
[2026-05-12 19:29:36.793] [FRAME       ] Frame 841 processed
    frame: 841
    detections: 0
    tracks: 0
[2026-05-12 19:29:36.848] [FRAME       ] Frame 842 processed
    frame: 842
    detections: 0
    tracks: 0
[2026-05-12 19:29:36.872] [FRAME       ] Frame 843 processed
    frame: 843
    detections: 0
    tracks: 0
[2026-05-12 19:29:36.911] [FRAME       ] Frame 844 processed
    frame: 844
    detections: 0
    tracks: 0
[2026-05-12 19:29:36.938] [FRAME       ] Frame 845 processed
    frame: 845
    detections: 0
    tracks: 0
[2026-05-12 19:29:36.979] [FRAME       ] Frame 846 processed
    frame: 846
    detections: 0
    tracks: 0
[2026-05-12 19:29:37.005] [FRAME       ] Frame 847 processed
    frame: 847
    detections: 0
    tracks: 0
[2026-05-12 19:29:37.042] [FRAME       ] Frame 848 processed
    frame: 848
    detections: 0
    tracks: 0
[2026-05-12 19:29:37.065] [FRAME       ] Frame 849 processed
    frame: 849
    detections: 0
    tracks: 0
[2026-05-12 19:29:37.104] [FRAME       ] Frame 850 processed
    frame: 850
    detections: 0
    tracks: 0
[2026-05-12 19:29:37.126] [FRAME       ] Frame 851 processed
    frame: 851
    detections: 0
    tracks: 0
[2026-05-12 19:29:37.170] [FRAME       ] Frame 852 processed
    frame: 852
    detections: 0
    tracks: 0
[2026-05-12 19:29:37.192] [FRAME       ] Frame 853 processed
    frame: 853
    detections: 0
    tracks: 0
[2026-05-12 19:29:37.234] [FRAME       ] Frame 854 processed
    frame: 854
    detections: 0
    tracks: 0
[2026-05-12 19:29:37.296] [FRAME       ] Frame 855 processed
    frame: 855
    detections: 0
    tracks: 0
[2026-05-12 19:29:37.320] [FRAME       ] Frame 856 processed
    frame: 856
    detections: 0
    tracks: 0
[2026-05-12 19:29:37.376] [FRAME       ] Frame 857 processed
    frame: 857
    detections: 0
    tracks: 0
[2026-05-12 19:29:37.400] [FRAME       ] Frame 858 processed
    frame: 858
    detections: 0
    tracks: 0
[2026-05-12 19:29:37.425] [FRAME       ] Frame 859 processed
    frame: 859
    detections: 0
    tracks: 0
[2026-05-12 19:29:37.450] [FRAME       ] Frame 860 processed
    frame: 860
    detections: 0
    tracks: 0
[2026-05-12 19:29:37.473] [FRAME       ] Frame 861 processed
    frame: 861
    detections: 0
    tracks: 0
[2026-05-12 19:29:37.505] [FRAME       ] Frame 862 processed
    frame: 862
    detections: 0
    tracks: 0
[2026-05-12 19:29:37.527] [FRAME       ] Frame 863 processed
    frame: 863
    detections: 0
    tracks: 0
[2026-05-12 19:29:37.569] [FRAME       ] Frame 864 processed
    frame: 864
    detections: 0
    tracks: 0
[2026-05-12 19:29:37.593] [FRAME       ] Frame 865 processed
    frame: 865
    detections: 0
    tracks: 0
[2026-05-12 19:29:37.635] [FRAME       ] Frame 866 processed
    frame: 866
    detections: 0
    tracks: 0
[2026-05-12 19:29:37.698] [FRAME       ] Frame 867 processed
    frame: 867
    detections: 0
    tracks: 0
[2026-05-12 19:29:37.723] [FRAME       ] Frame 868 processed
    frame: 868
    detections: 0
    tracks: 0
[2026-05-12 19:29:37.765] [FRAME       ] Frame 869 processed
    frame: 869
    detections: 0
    tracks: 0
[2026-05-12 19:29:37.786] [FRAME       ] Frame 870 processed
    frame: 870
    detections: 0
    tracks: 0
[2026-05-12 19:29:37.789] [STATS       ] Performance stats
    fps: 29.5
    processing_time: 1015.5 ms
[2026-05-12 19:29:37.825] [FRAME       ] Frame 871 processed
    frame: 871
    detections: 0
    tracks: 0
[2026-05-12 19:29:37.849] [FRAME       ] Frame 872 processed
    frame: 872
    detections: 0
    tracks: 0
[2026-05-12 19:29:37.905] [FRAME       ] Frame 873 processed
    frame: 873
    detections: 0
    tracks: 0
[2026-05-12 19:29:37.929] [FRAME       ] Frame 874 processed
    frame: 874
    detections: 0
    tracks: 0
[2026-05-12 19:29:37.954] [FRAME       ] Frame 875 processed
    frame: 875
    detections: 0
    tracks: 0
[2026-05-12 19:29:37.977] [DETECTION   ] Drone detected
    frame: 876
    bbox: [np.int64(805), np.int64(152), np.int64(1121), np.int64(345)]
    confidence: 0.76
    class: 0
[2026-05-12 19:29:38.002] [FRAME       ] Frame 876 processed
    frame: 876
    detections: 1
    tracks: 0
[2026-05-12 19:29:38.026] [DETECTION   ] Drone detected
    frame: 877
    bbox: [np.int64(805), np.int64(152), np.int64(1121), np.int64(345)]
    confidence: 0.76
    class: 0
[2026-05-12 19:29:38.050] [FRAME       ] Frame 877 processed
    frame: 877
    detections: 1
    tracks: 0
[2026-05-12 19:29:38.074] [FRAME       ] Frame 878 processed
    frame: 878
    detections: 0
    tracks: 0
[2026-05-12 19:29:38.097] [DETECTION   ] Drone detected
    frame: 879
    bbox: [np.int64(778), np.int64(107), np.int64(1279), np.int64(376)]
    confidence: 0.45
    class: 0
[2026-05-12 19:29:38.138] [FRAME       ] Frame 879 processed
    frame: 879
    detections: 1
    tracks: 0
[2026-05-12 19:29:38.165] [DETECTION   ] Drone detected
    frame: 880
    bbox: [np.int64(778), np.int64(107), np.int64(1279), np.int64(376)]
    confidence: 0.45
    class: 0
[2026-05-12 19:29:38.190] [FRAME       ] Frame 880 processed
    frame: 880
    detections: 1
    tracks: 0
[2026-05-12 19:29:38.215] [DETECTION   ] Drone detected
    frame: 881
    bbox: [np.int64(1176), np.int64(108), np.int64(1280), np.int64(263)]
    confidence: 0.66
    class: 0
[2026-05-12 19:29:38.238] [FRAME       ] Frame 881 processed
    frame: 881
    detections: 1
    tracks: 0
[2026-05-12 19:29:38.261] [DETECTION   ] Drone detected
    frame: 882
    bbox: [np.int64(762), np.int64(161), np.int64(1093), np.int64(354)]
    confidence: 0.85
    class: 0
[2026-05-12 19:29:38.262] [DETECTION   ] Drone detected
    frame: 882
    bbox: [np.int64(1169), np.int64(93), np.int64(1280), np.int64(277)]
    confidence: 0.71
    class: 0
[2026-05-12 19:29:38.323] [FRAME       ] Frame 882 processed
    frame: 882
    detections: 2
    tracks: 0
[2026-05-12 19:29:38.347] [DETECTION   ] Drone detected
    frame: 883
    bbox: [np.int64(764), np.int64(154), np.int64(1095), np.int64(355)]
    confidence: 0.85
    class: 0
[2026-05-12 19:29:38.347] [DETECTION   ] Drone detected
    frame: 883
    bbox: [np.int64(1169), np.int64(98), np.int64(1280), np.int64(282)]
    confidence: 0.65
    class: 0
[2026-05-12 19:29:38.394] [FRAME       ] Frame 883 processed
    frame: 883
    detections: 2
    tracks: 0
[2026-05-12 19:29:38.434] [DETECTION   ] Drone detected
    frame: 884
    bbox: [np.int64(767), np.int64(156), np.int64(1082), np.int64(354)]
    confidence: 0.76
    class: 0
[2026-05-12 19:29:38.434] [DETECTION   ] Drone detected
    frame: 884
    bbox: [np.int64(1171), np.int64(94), np.int64(1280), np.int64(280)]
    confidence: 0.66
    class: 0
[2026-05-12 19:29:38.478] [FRAME       ] Frame 884 processed
    frame: 884
    detections: 2
    tracks: 0
[2026-05-12 19:29:38.509] [DETECTION   ] Drone detected
    frame: 885
    bbox: [np.int64(777), np.int64(129), np.int64(1119), np.int64(334)]
    confidence: 0.87
    class: 0
[2026-05-12 19:29:38.509] [DETECTION   ] Drone detected
    frame: 885
    bbox: [np.int64(1179), np.int64(78), np.int64(1280), np.int64(255)]
    confidence: 0.60
    class: 0
[2026-05-12 19:29:38.552] [FRAME       ] Frame 885 processed
    frame: 885
    detections: 2
    tracks: 0
[2026-05-12 19:29:38.579] [DETECTION   ] Drone detected
    frame: 886
    bbox: [np.int64(781), np.int64(134), np.int64(1121), np.int64(335)]
    confidence: 0.86
    class: 0
[2026-05-12 19:29:38.579] [DETECTION   ] Drone detected
    frame: 886
    bbox: [np.int64(1179), np.int64(85), np.int64(1280), np.int64(258)]
    confidence: 0.64
    class: 0
[2026-05-12 19:29:38.619] [TRACK       ] Track ID:4
    frame: 886
    track_id: 4
    position: (1229, 170)
    velocity: (1.7, -6.0)
    speed: 6.2 px/f
    hits: 4
[2026-05-12 19:29:38.619] [FRAME       ] Frame 886 processed
    frame: 886
    detections: 2
    tracks: 1
[2026-05-12 19:29:38.619] [THREAT      ] Track ID:4 - LOW
    frame: 886
    track_id: 4
    distance: 1089.8 px
    threat_level: LOW
    pattern: unknown
    speed: 6.2 px/f
    uncertainty: ±109.4 px
    evasion_point: (463, 543)
    commands: EVADE LEFT, EVADE DOWN, FULL THROTTLE
[2026-05-12 19:29:38.652] [DETECTION   ] Drone detected
    frame: 887
    bbox: [np.int64(797), np.int64(145), np.int64(1140), np.int64(341)]
    confidence: 0.86
    class: 0
[2026-05-12 19:29:38.652] [DETECTION   ] Drone detected
    frame: 887
    bbox: [np.int64(1199), np.int64(109), np.int64(1279), np.int64(258)]
    confidence: 0.62
    class: 0
[2026-05-12 19:29:38.695] [TRACK       ] Track ID:4
    frame: 887
    track_id: 4
    position: (1236, 178)
    velocity: (3.0, -2.5)
    speed: 3.9 px/f
    hits: 5
[2026-05-12 19:29:38.696] [TRACK       ] Track ID:5
    frame: 887
    track_id: 5
    position: (964, 238)
    velocity: (13.0, -5.3)
    speed: 14.1 px/f
    hits: 4
[2026-05-12 19:29:38.696] [FRAME       ] Frame 887 processed
    frame: 887
    detections: 2
    tracks: 2
[2026-05-12 19:29:38.696] [THREAT      ] Track ID:5 - LOW
    frame: 887
    track_id: 5
    distance: 692.3 px
    threat_level: LOW
    pattern: unknown
    speed: 14.1 px/f
    uncertainty: ±34.6 px
    evasion_point: (437, 439)
    commands: EVADE LEFT, EVADE DOWN, FULL THROTTLE
[2026-05-12 19:29:38.728] [DETECTION   ] Drone detected
    frame: 888
    bbox: [np.int64(797), np.int64(148), np.int64(1140), np.int64(341)]
    confidence: 0.86
    class: 0
[2026-05-12 19:29:38.728] [DETECTION   ] Drone detected
    frame: 888
    bbox: [np.int64(1204), np.int64(120), np.int64(1280), np.int64(247)]
    confidence: 0.59
    class: 0
[2026-05-12 19:29:38.771] [TRACK       ] Track ID:4
    frame: 888
    track_id: 4
    position: (1240, 181)
    velocity: (4.0, -1.5)
    speed: 4.3 px/f
    hits: 6
[2026-05-12 19:29:38.772] [TRACK       ] Track ID:5
    frame: 888
    track_id: 5
    position: (969, 241)
    velocity: (11.0, -3.2)
    speed: 11.5 px/f
    hits: 5
[2026-05-12 19:29:38.772] [FRAME       ] Frame 888 processed
    frame: 888
    detections: 2
    tracks: 2
[2026-05-12 19:29:38.772] [THREAT      ] Track ID:5 - LOW
    frame: 888
    track_id: 5
    distance: 699.4 px
    threat_level: LOW
    pattern: unknown
    speed: 11.5 px/f
    uncertainty: ±40.5 px
    evasion_point: (430, 428)
    commands: EVADE LEFT, EVADE DOWN, FULL THROTTLE
[2026-05-12 19:29:38.803] [DETECTION   ] Drone detected
    frame: 889
    bbox: [np.int64(798), np.int64(144), np.int64(1144), np.int64(339)]
    confidence: 0.86
    class: 0
[2026-05-12 19:29:38.803] [DETECTION   ] Drone detected
    frame: 889
    bbox: [np.int64(1199), np.int64(109), np.int64(1279), np.int64(261)]
    confidence: 0.63
    class: 0
[2026-05-12 19:29:38.847] [TRACK       ] Track ID:4
    frame: 889
    track_id: 4
    position: (1239, 184)
    velocity: (3.0, 3.0)
    speed: 4.2 px/f
    hits: 7
[2026-05-12 19:29:38.848] [TRACK       ] Track ID:5
    frame: 889
    track_id: 5
    position: (972, 240)
    velocity: (7.5, 1.0)
    speed: 7.6 px/f
    hits: 6
[2026-05-12 19:29:38.848] [FRAME       ] Frame 889 processed
    frame: 889
    detections: 2
    tracks: 2
[2026-05-12 19:29:38.848] [THREAT      ] Track ID:5 - LOW
    frame: 889
    track_id: 5
    distance: 685.9 px
    threat_level: LOW
    pattern: unknown
    speed: 7.6 px/f
    uncertainty: ±56.7 px
    evasion_point: (412, 384)
    commands: EVADE LEFT, FULL THROTTLE
[2026-05-12 19:29:38.882] [DETECTION   ] Drone detected
    frame: 890
    bbox: [np.int64(799), np.int64(142), np.int64(1142), np.int64(338)]
    confidence: 0.86
    class: 0
[2026-05-12 19:29:38.882] [DETECTION   ] Drone detected
    frame: 890
    bbox: [np.int64(1198), np.int64(106), np.int64(1279), np.int64(265)]
    confidence: 0.57
    class: 0
[2026-05-12 19:29:38.923] [TRACK       ] Track ID:4
    frame: 890
    track_id: 4
    position: (1239, 185)
    velocity: (2.5, 3.8)
    speed: 4.5 px/f
    hits: 8
[2026-05-12 19:29:38.923] [TRACK       ] Track ID:5
    frame: 890
    track_id: 5
    position: (973, 239)
    velocity: (6.0, 1.5)
    speed: 6.2 px/f
    hits: 7
[2026-05-12 19:29:38.923] [FRAME       ] Frame 890 processed
    frame: 890
    detections: 2
    tracks: 2
[2026-05-12 19:29:38.924] [THREAT      ] Track ID:5 - LOW
    frame: 890
    track_id: 5
    distance: 677.6 px
    threat_level: LOW
    pattern: unknown
    speed: 6.2 px/f
    uncertainty: ±67.3 px
    evasion_point: (406, 372)
    commands: EVADE LEFT, FULL THROTTLE
[2026-05-12 19:29:38.959] [DETECTION   ] Drone detected
    frame: 891
    bbox: [np.int64(799), np.int64(140), np.int64(1141), np.int64(337)]
    confidence: 0.86
    class: 0
[2026-05-12 19:29:38.959] [DETECTION   ] Drone detected
    frame: 891
    bbox: [np.int64(1199), np.int64(105), np.int64(1279), np.int64(262)]
    confidence: 0.55
    class: 0
[2026-05-12 19:29:39.002] [TRACK       ] Track ID:4
    frame: 891
    track_id: 4
    position: (1239, 183)
    velocity: (0.8, 1.2)
    speed: 1.5 px/f
    hits: 9
[2026-05-12 19:29:39.002] [TRACK       ] Track ID:5
    frame: 891
    track_id: 5
    position: (972, 238)
    velocity: (2.0, 0.0)
    speed: 2.0 px/f
    hits: 8
[2026-05-12 19:29:39.002] [FRAME       ] Frame 891 processed
    frame: 891
    detections: 2
    tracks: 2
[2026-05-12 19:29:39.002] [THREAT      ] Track ID:5 - LOW
    frame: 891
    track_id: 5
    distance: 545.8 px
    threat_level: LOW
    pattern: unknown
    speed: 2.0 px/f
    uncertainty: ±110.0 px
    evasion_point: (391, 416)
    commands: EVADE LEFT, EVADE DOWN
[2026-05-12 19:29:39.036] [DETECTION   ] Drone detected
    frame: 892
    bbox: [np.int64(805), np.int64(141), np.int64(1144), np.int64(334)]
    confidence: 0.86
    class: 0
[2026-05-12 19:29:39.036] [DETECTION   ] Drone detected
    frame: 892
    bbox: [np.int64(1202), np.int64(106), np.int64(1279), np.int64(261)]
    confidence: 0.53
    class: 0
[2026-05-12 19:29:39.078] [TRACK       ] Track ID:4
    frame: 892
    track_id: 4
    position: (1240, 183)
    velocity: (0.0, 0.5)
    speed: 0.5 px/f
    hits: 10
[2026-05-12 19:29:39.079] [TRACK       ] Track ID:5
    frame: 892
    track_id: 5
    position: (975, 237)
    velocity: (1.5, -1.0)
    speed: 1.8 px/f
    hits: 9
[2026-05-12 19:29:39.079] [FRAME       ] Frame 892 processed
    frame: 892
    detections: 2
    tracks: 2
[2026-05-12 19:29:39.079] [THREAT      ] Track ID:5 - LOW
    frame: 892
    track_id: 5
    distance: 533.8 px
    threat_level: LOW
    pattern: unknown
    speed: 1.8 px/f
    uncertainty: ±110.0 px
    evasion_point: (408, 466)
    commands: EVADE LEFT, EVADE DOWN
[2026-05-12 19:29:39.111] [DETECTION   ] Drone detected
    frame: 893
    bbox: [np.int64(808), np.int64(137), np.int64(1139), np.int64(335)]
    confidence: 0.86
    class: 0
[2026-05-12 19:29:39.112] [DETECTION   ] Drone detected
    frame: 893
    bbox: [np.int64(1201), np.int64(115), np.int64(1279), np.int64(229)]
    confidence: 0.54
    class: 0
[2026-05-12 19:29:39.155] [TRACK       ] Track ID:4
    frame: 893
    track_id: 4
    position: (1240, 175)
    velocity: (0.2, -2.2)
    speed: 2.3 px/f
    hits: 11
[2026-05-12 19:29:39.155] [TRACK       ] Track ID:5
    frame: 893
    track_id: 5
    position: (975, 235)
    velocity: (0.8, -1.2)
    speed: 1.5 px/f
    hits: 10
[2026-05-12 19:29:39.155] [FRAME       ] Frame 893 processed
    frame: 893
    detections: 2
    tracks: 2
[2026-05-12 19:29:39.155] [THREAT      ] Track ID:5 - LOW
    frame: 893
    track_id: 5
    distance: 480.2 px
    threat_level: LOW
    pattern: unknown
    speed: 1.5 px/f
    uncertainty: ±110.0 px
    evasion_point: (422, 492)
    commands: EVADE LEFT, EVADE DOWN
[2026-05-12 19:29:39.203] [DETECTION   ] Drone detected
    frame: 894
    bbox: [np.int64(815), np.int64(166), np.int64(1155), np.int64(345)]
    confidence: 0.87
    class: 0
[2026-05-12 19:29:39.226] [TRACK       ] Track ID:4
    frame: 894
    track_id: 4
    position: (1241, 174)
    velocity: (0.5, -2.8)
    speed: 2.8 px/f
    hits: 12
[2026-05-12 19:29:39.227] [TRACK       ] Track ID:5
    frame: 894
    track_id: 5
    position: (982, 248)
    velocity: (2.2, 2.2)
    speed: 3.2 px/f
    hits: 11
[2026-05-12 19:29:39.227] [FRAME       ] Frame 894 processed
    frame: 894
    detections: 1
    tracks: 2
[2026-05-12 19:29:39.227] [THREAT      ] Track ID:5 - LOW
    frame: 894
    track_id: 5
    distance: 578.2 px
    threat_level: LOW
    pattern: unknown
    speed: 3.2 px/f
    uncertainty: ±110.0 px
    evasion_point: (389, 310)
    commands: EVADE LEFT
[2026-05-12 19:29:39.272] [DETECTION   ] Drone detected
    frame: 895
    bbox: [np.int64(817), np.int64(168), np.int64(1161), np.int64(350)]
    confidence: 0.88
    class: 0
[2026-05-12 19:29:39.295] [TRACK       ] Track ID:4
    frame: 895
    track_id: 4
    position: (1242, 173)
    velocity: (0.8, -2.5)
    speed: 2.6 px/f
    hits: 13
[2026-05-12 19:29:39.295] [TRACK       ] Track ID:5
    frame: 895
    track_id: 5
    position: (988, 255)
    velocity: (4.0, 4.2)
    speed: 5.8 px/f
    hits: 12
[2026-05-12 19:29:39.295] [FRAME       ] Frame 895 processed
    frame: 895
    detections: 1
    tracks: 2
[2026-05-12 19:29:39.296] [THREAT      ] Track ID:5 - LOW
    frame: 895
    track_id: 5
    distance: 618.1 px
    threat_level: LOW
    pattern: unknown
    speed: 5.8 px/f
    uncertainty: ±72.3 px
    evasion_point: (411, 298)
    commands: EVADE LEFT, EVADE UP, FULL THROTTLE
[2026-05-12 19:29:39.342] [DETECTION   ] Drone detected
    frame: 896
    bbox: [np.int64(819), np.int64(168), np.int64(1166), np.int64(358)]
    confidence: 0.88
    class: 0
[2026-05-12 19:29:39.366] [TRACK       ] Track ID:4
    frame: 896
    track_id: 4
    position: (1243, 173)
    velocity: (0.8, -2.5)
    speed: 2.6 px/f
    hits: 14
[2026-05-12 19:29:39.367] [TRACK       ] Track ID:5
    frame: 896
    track_id: 5
    position: (992, 260)
    velocity: (4.2, 5.8)
    speed: 7.2 px/f
    hits: 13
[2026-05-12 19:29:39.367] [FRAME       ] Frame 896 processed
    frame: 896
    detections: 1
    tracks: 2
[2026-05-12 19:29:39.367] [THREAT      ] Track ID:5 - LOW
    frame: 896
    track_id: 5
    distance: 601.7 px
    threat_level: LOW
    pattern: turning
    speed: 7.2 px/f
    uncertainty: ±35.6 px
    evasion_point: (433, 289)
    commands: EVADE LEFT, EVADE UP, PERPENDICULAR, FULL THROTTLE
[2026-05-12 19:29:39.416] [DETECTION   ] Drone detected
    frame: 897
    bbox: [np.int64(828), np.int64(172), np.int64(1171), np.int64(373)]
    confidence: 0.89
    class: 0
[2026-05-12 19:29:39.439] [TRACK       ] Track ID:4
    frame: 897
    track_id: 4
    position: (1244, 172)
    velocity: (1.0, -0.8)
    speed: 1.2 px/f
    hits: 15
[2026-05-12 19:29:39.439] [TRACK       ] Track ID:5
    frame: 897
    track_id: 5
    position: (998, 269)
    velocity: (5.8, 8.5)
    speed: 10.3 px/f
    hits: 14
[2026-05-12 19:29:39.440] [FRAME       ] Frame 897 processed
    frame: 897
    detections: 1
    tracks: 2
[2026-05-12 19:29:39.440] [THREAT      ] Track ID:5 - LOW
    frame: 897
    track_id: 5
    distance: 604.5 px
    threat_level: LOW
    pattern: turning
    speed: 10.3 px/f
    uncertainty: ±28.0 px
    evasion_point: (439, 283)
    commands: EVADE LEFT, EVADE UP, PERPENDICULAR, FULL THROTTLE
[2026-05-12 19:29:39.484] [DETECTION   ] Drone detected
    frame: 898
    bbox: [np.int64(829), np.int64(176), np.int64(1171), np.int64(378)]
    confidence: 0.89
    class: 0
[2026-05-12 19:29:39.509] [TRACK       ] Track ID:4
    frame: 898
    track_id: 4
    position: (1245, 171)
    velocity: (1.0, -0.8)
    speed: 1.2 px/f
    hits: 16
[2026-05-12 19:29:39.509] [TRACK       ] Track ID:5
    frame: 898
    track_id: 5
    position: (1000, 275)
    velocity: (4.5, 6.8)
    speed: 8.1 px/f
    hits: 15
[2026-05-12 19:29:39.510] [FRAME       ] Frame 898 processed
    frame: 898
    detections: 1
    tracks: 2
[2026-05-12 19:29:39.510] [THREAT      ] Track ID:5 - LOW
    frame: 898
    track_id: 5
    distance: 607.5 px
    threat_level: LOW
    pattern: turning
    speed: 8.1 px/f
    uncertainty: ±32.8 px
    evasion_point: (438, 280)
    commands: EVADE LEFT, EVADE UP, PERPENDICULAR, FULL THROTTLE
[2026-05-12 19:29:39.556] [DETECTION   ] Drone detected
    frame: 899
    bbox: [np.int64(833), np.int64(177), np.int64(1188), np.int64(388)]
    confidence: 0.88
    class: 0
[2026-05-12 19:29:39.579] [TRACK       ] Track ID:4
    frame: 899
    track_id: 4
    position: (1246, 170)
    velocity: (1.0, -0.8)
    speed: 1.2 px/f
    hits: 17
[2026-05-12 19:29:39.579] [TRACK       ] Track ID:5
    frame: 899
    track_id: 5
    position: (1008, 280)
    velocity: (5.0, 6.2)
    speed: 8.0 px/f
    hits: 16
[2026-05-12 19:29:39.579] [FRAME       ] Frame 899 processed
    frame: 899
    detections: 1
    tracks: 2
[2026-05-12 19:29:39.580] [THREAT      ] Track ID:5 - LOW
    frame: 899
    track_id: 5
    distance: 640.1 px
    threat_level: LOW
    pattern: turning
    speed: 8.0 px/f
    uncertainty: ±33.5 px
    evasion_point: (435, 287)
    commands: EVADE LEFT, EVADE UP, PERPENDICULAR, FULL THROTTLE
[2026-05-12 19:29:39.623] [DETECTION   ] Drone detected
    frame: 900
    bbox: [np.int64(844), np.int64(182), np.int64(1192), np.int64(380)]
    confidence: 0.88
    class: 0
[2026-05-12 19:29:39.648] [TRACK       ] Track ID:4
    frame: 900
    track_id: 4
    position: (1247, 169)
    velocity: (1.0, -1.0)
    speed: 1.4 px/f
    hits: 18
[2026-05-12 19:29:39.648] [TRACK       ] Track ID:5
    frame: 900
    track_id: 5
    position: (1016, 282)
    velocity: (6.0, 5.5)
    speed: 8.1 px/f
    hits: 17
[2026-05-12 19:29:39.648] [FRAME       ] Frame 900 processed
    frame: 900
    detections: 1
    tracks: 2
[2026-05-12 19:29:39.649] [THREAT      ] Track ID:5 - LOW
    frame: 900
    track_id: 5
    distance: 683.6 px
    threat_level: LOW
    pattern: turning
    speed: 8.1 px/f
    uncertainty: ±33.6 px
    evasion_point: (430, 302)
    commands: EVADE LEFT, EVADE UP, PERPENDICULAR, FULL THROTTLE
[2026-05-12 19:29:39.660] [STATS       ] Performance stats
    fps: 16.0
    processing_time: 1870.7 ms
[2026-05-12 19:29:39.694] [DETECTION   ] Drone detected
    frame: 901
    bbox: [np.int64(849), np.int64(183), np.int64(1199), np.int64(383)]
    confidence: 0.89
    class: 0
[2026-05-12 19:29:39.720] [TRACK       ] Track ID:4
    frame: 901
    track_id: 4
    position: (1248, 168)
    velocity: (1.0, -1.0)
    speed: 1.4 px/f
    hits: 19
[2026-05-12 19:29:39.720] [TRACK       ] Track ID:5
    frame: 901
    track_id: 5
    position: (1023, 283)
    velocity: (6.2, 3.5)
    speed: 7.2 px/f
    hits: 18
[2026-05-12 19:29:39.720] [FRAME       ] Frame 901 processed
    frame: 901
    detections: 1
    tracks: 2
[2026-05-12 19:29:39.720] [THREAT      ] Track ID:5 - LOW
    frame: 901
    track_id: 5
    distance: 732.8 px
    threat_level: LOW
    pattern: turning
    speed: 7.2 px/f
    uncertainty: ±37.3 px
    evasion_point: (424, 326)
    commands: EVADE LEFT, PERPENDICULAR, FULL THROTTLE
[2026-05-12 19:29:39.764] [DETECTION   ] Drone detected
    frame: 902
    bbox: [np.int64(865), np.int64(177), np.int64(1216), np.int64(372)]
    confidence: 0.88
    class: 0
[2026-05-12 19:29:39.788] [TRACK       ] Track ID:4
    frame: 902
    track_id: 4
    position: (1249, 167)
    velocity: (1.0, -1.0)
    speed: 1.4 px/f
    hits: 20
[2026-05-12 19:29:39.788] [TRACK       ] Track ID:5
    frame: 902
    track_id: 5
    position: (1036, 278)
    velocity: (9.0, 0.8)
    speed: 9.0 px/f
    hits: 19
[2026-05-12 19:29:39.788] [FRAME       ] Frame 902 processed
    frame: 902
    detections: 1
    tracks: 2
[2026-05-12 19:29:39.788] [THREAT      ] Track ID:5 - LOW
    frame: 902
    track_id: 5
    distance: 800.5 px
    threat_level: LOW
    pattern: unknown
    speed: 9.0 px/f
    uncertainty: ±54.8 px
    evasion_point: (413, 373)
    commands: EVADE LEFT, FULL THROTTLE
[2026-05-12 19:29:39.832] [DETECTION   ] Drone detected
    frame: 903
    bbox: [np.int64(872), np.int64(168), np.int64(1215), np.int64(366)]
    confidence: 0.89
    class: 0
[2026-05-12 19:29:39.855] [TRACK       ] Track ID:4
    frame: 903
    track_id: 4
    position: (1250, 166)
    velocity: (1.0, -1.0)
    speed: 1.4 px/f
    hits: 21
[2026-05-12 19:29:39.855] [TRACK       ] Track ID:5
    frame: 903
    track_id: 5
    position: (1042, 271)
    velocity: (8.5, -2.2)
    speed: 8.8 px/f
    hits: 20
[2026-05-12 19:29:39.856] [FRAME       ] Frame 903 processed
    frame: 903
    detections: 1
    tracks: 2
[2026-05-12 19:29:39.856] [THREAT      ] Track ID:5 - LOW
    frame: 903
    track_id: 5
    distance: 823.3 px
    threat_level: LOW
    pattern: unknown
    speed: 8.8 px/f
    uncertainty: ±56.8 px
    evasion_point: (418, 413)
    commands: EVADE LEFT, EVADE DOWN, FULL THROTTLE
[2026-05-12 19:29:39.904] [DETECTION   ] Drone detected
    frame: 904
    bbox: [np.int64(873), np.int64(167), np.int64(1219), np.int64(360)]
    confidence: 0.89
    class: 0
[2026-05-12 19:29:39.928] [TRACK       ] Track ID:4
    frame: 904
    track_id: 4
    position: (1251, 166)
    velocity: (1.0, -0.8)
    speed: 1.2 px/f
    hits: 22
[2026-05-12 19:29:39.928] [TRACK       ] Track ID:5
    frame: 904
    track_id: 5
    position: (1046, 266)
    velocity: (7.5, -4.0)
    speed: 8.5 px/f
    hits: 21
[2026-05-12 19:29:39.929] [FRAME       ] Frame 904 processed
    frame: 904
    detections: 1
    tracks: 2
[2026-05-12 19:29:39.929] [THREAT      ] Track ID:5 - LOW
    frame: 904
    track_id: 5
    distance: 826.3 px
    threat_level: LOW
    pattern: unknown
    speed: 8.5 px/f
    uncertainty: ±59.0 px
    evasion_point: (425, 440)
    commands: EVADE LEFT, EVADE DOWN, FULL THROTTLE
[2026-05-12 19:29:39.975] [DETECTION   ] Drone detected
    frame: 905
    bbox: [np.int64(876), np.int64(167), np.int64(1216), np.int64(345)]
    confidence: 0.87
    class: 0
[2026-05-12 19:29:39.998] [TRACK       ] Track ID:4
    frame: 905
    track_id: 4
    position: (1251, 165)
    velocity: (0.8, -0.8)
    speed: 1.1 px/f
    hits: 23
[2026-05-12 19:29:39.998] [TRACK       ] Track ID:5
    frame: 905
    track_id: 5
    position: (1048, 259)
    velocity: (6.2, -6.0)
    speed: 8.7 px/f
    hits: 22
[2026-05-12 19:29:39.998] [FRAME       ] Frame 905 processed
    frame: 905
    detections: 1
    tracks: 2
[2026-05-12 19:29:39.999] [THREAT      ] Track ID:5 - LOW
    frame: 905
    track_id: 5
    distance: 812.1 px
    threat_level: LOW
    pattern: unknown
    speed: 8.7 px/f
    uncertainty: ±58.5 px
    evasion_point: (439, 470)
    commands: EVADE LEFT, EVADE DOWN, FULL THROTTLE
[2026-05-12 19:29:40.045] [DETECTION   ] Drone detected
    frame: 906
    bbox: [np.int64(875), np.int64(166), np.int64(1213), np.int64(345)]
    confidence: 0.87
    class: 0
[2026-05-12 19:29:40.070] [TRACK       ] Track ID:4
    frame: 906
    track_id: 4
    position: (1253, 164)
    velocity: (1.0, -0.8)
    speed: 1.2 px/f
    hits: 24
[2026-05-12 19:29:40.070] [TRACK       ] Track ID:5
    frame: 906
    track_id: 5
    position: (1047, 256)
    velocity: (2.8, -5.5)
    speed: 6.1 px/f
    hits: 23
[2026-05-12 19:29:40.070] [FRAME       ] Frame 906 processed
    frame: 906
    detections: 1
    tracks: 2
[2026-05-12 19:29:40.070] [THREAT      ] Track ID:5 - LOW
    frame: 906
    track_id: 5
    distance: 764.2 px
    threat_level: LOW
    pattern: turning
    speed: 6.1 px/f
    uncertainty: ±44.2 px
    evasion_point: (467, 499)
    commands: EVADE LEFT, EVADE DOWN, PERPENDICULAR, FULL THROTTLE
[2026-05-12 19:29:40.115] [DETECTION   ] Drone detected
    frame: 907
    bbox: [np.int64(879), np.int64(154), np.int64(1211), np.int64(351)]
    confidence: 0.86
    class: 0
[2026-05-12 19:29:40.138] [TRACK       ] Track ID:4
    frame: 907
    track_id: 4
    position: (1254, 163)
    velocity: (1.0, -0.8)
    speed: 1.2 px/f
    hits: 25
[2026-05-12 19:29:40.138] [TRACK       ] Track ID:5
    frame: 907
    track_id: 5
    position: (1046, 253)
    velocity: (1.0, -4.5)
    speed: 4.6 px/f
    hits: 24
[2026-05-12 19:29:40.138] [FRAME       ] Frame 907 processed
    frame: 907
    detections: 1
    tracks: 2
[2026-05-12 19:29:40.138] [THREAT      ] Track ID:5 - LOW
    frame: 907
    track_id: 5
    distance: 717.1 px
    threat_level: LOW
    pattern: turning
    speed: 4.6 px/f
    uncertainty: ±55.5 px
    evasion_point: (482, 524)
    commands: EVADE LEFT, EVADE DOWN, PERPENDICULAR, FULL THROTTLE
[2026-05-12 19:29:40.188] [DETECTION   ] Drone detected
    frame: 908
    bbox: [np.int64(878), np.int64(151), np.int64(1213), np.int64(351)]
    confidence: 0.86
    class: 0
[2026-05-12 19:29:40.212] [TRACK       ] Track ID:4
    frame: 908
    track_id: 4
    position: (1254, 162)
    velocity: (0.8, -1.0)
    speed: 1.2 px/f
    hits: 26
[2026-05-12 19:29:40.212] [TRACK       ] Track ID:5
    frame: 908
    track_id: 5
    position: (1047, 251)
    velocity: (0.2, -3.8)
    speed: 3.8 px/f
    hits: 25
[2026-05-12 19:29:40.212] [FRAME       ] Frame 908 processed
    frame: 908
    detections: 1
    tracks: 2
[2026-05-12 19:29:40.213] [THREAT      ] Track ID:5 - LOW
    frame: 908
    track_id: 5
    distance: 648.8 px
    threat_level: LOW
    pattern: turning
    speed: 3.8 px/f
    uncertainty: ±60.0 px
    evasion_point: (486, 531)
    commands: EVADE LEFT, EVADE DOWN, PERPENDICULAR
[2026-05-12 19:29:40.258] [DETECTION   ] Drone detected
    frame: 909
    bbox: [np.int64(881), np.int64(158), np.int64(1223), np.int64(347)]
    confidence: 0.86
    class: 0
[2026-05-12 19:29:40.281] [TRACK       ] Track ID:4
    frame: 909
    track_id: 4
    position: (1256, 161)
    velocity: (1.2, -1.0)
    speed: 1.6 px/f
    hits: 27
[2026-05-12 19:29:40.281] [TRACK       ] Track ID:5
    frame: 909
    track_id: 5
    position: (1051, 251)
    velocity: (0.8, -2.0)
    speed: 2.1 px/f
    hits: 26
[2026-05-12 19:29:40.282] [FRAME       ] Frame 909 processed
    frame: 909
    detections: 1
    tracks: 2
[2026-05-12 19:29:40.282] [THREAT      ] Track ID:5 - LOW
    frame: 909
    track_id: 5
    distance: 575.9 px
    threat_level: LOW
    pattern: turning
    speed: 2.1 px/f
    uncertainty: ±60.0 px
    evasion_point: (445, 483)
    commands: EVADE LEFT, EVADE DOWN, PERPENDICULAR
[2026-05-12 19:29:40.327] [DETECTION   ] Drone detected
    frame: 910
    bbox: [np.int64(875), np.int64(150), np.int64(1204), np.int64(347)]
    confidence: 0.89
    class: 0
[2026-05-12 19:29:40.350] [TRACK       ] Track ID:4
    frame: 910
    track_id: 4
    position: (1257, 160)
    velocity: (1.0, -1.0)
    speed: 1.4 px/f
    hits: 28
[2026-05-12 19:29:40.351] [TRACK       ] Track ID:5
    frame: 910
    track_id: 5
    position: (1044, 248)
    velocity: (-0.8, -2.0)
    speed: 2.1 px/f
    hits: 27
[2026-05-12 19:29:40.351] [FRAME       ] Frame 910 processed
    frame: 910
    detections: 1
    tracks: 2
[2026-05-12 19:29:40.351] [THREAT      ] Track ID:5 - LOW
    frame: 910
    track_id: 5
    distance: 453.4 px
    threat_level: LOW
    pattern: turning
    speed: 2.1 px/f
    uncertainty: ±60.0 px
    evasion_point: (473, 518)
    commands: EVADE LEFT, EVADE DOWN, PERPENDICULAR
[2026-05-12 19:29:40.396] [DETECTION   ] Drone detected
    frame: 911
    bbox: [np.int64(870), np.int64(149), np.int64(1204), np.int64(346)]
    confidence: 0.89
    class: 0
[2026-05-12 19:29:40.422] [TRACK       ] Track ID:4
    frame: 911
    track_id: 4
    position: (1257, 159)
    velocity: (0.8, -1.0)
    speed: 1.2 px/f
    hits: 29
[2026-05-12 19:29:40.422] [TRACK       ] Track ID:5
    frame: 911
    track_id: 5
    position: (1040, 247)
    velocity: (-1.5, -1.5)
    speed: 2.1 px/f
    hits: 28
[2026-05-12 19:29:40.423] [FRAME       ] Frame 911 processed
    frame: 911
    detections: 1
    tracks: 2
[2026-05-12 19:29:40.423] [THREAT      ] Track ID:5 - LOW
    frame: 911
    track_id: 5
    distance: 362.9 px
    threat_level: LOW
    pattern: turning
    speed: 2.1 px/f
    uncertainty: ±60.0 px
    evasion_point: (481, 526)
    commands: EVADE LEFT, EVADE DOWN, PERPENDICULAR
[2026-05-12 19:29:40.468] [DETECTION   ] Drone detected
    frame: 912
    bbox: [np.int64(847), np.int64(161), np.int64(1173), np.int64(346)]
    confidence: 0.88
    class: 0
[2026-05-12 19:29:40.492] [TRACK       ] Track ID:4
    frame: 912
    track_id: 4
    position: (1259, 159)
    velocity: (1.2, -0.8)
    speed: 1.5 px/f
    hits: 30
[2026-05-12 19:29:40.492] [TRACK       ] Track ID:5
    frame: 912
    track_id: 5
    position: (1020, 250)
    velocity: (-6.8, -0.2)
    speed: 6.8 px/f
    hits: 29
[2026-05-12 19:29:40.493] [FRAME       ] Frame 912 processed
    frame: 912
    detections: 1
    tracks: 2
[2026-05-12 19:29:40.493] [THREAT      ] Track ID:5 - CRITICAL
    frame: 912
    track_id: 5
    distance: 125.6 px
    threat_level: CRITICAL
    pattern: turning
    speed: 6.8 px/f
    uncertainty: ±39.3 px
    evasion_point: (666, 577)
    commands: ⚠️ EVADE NOW!, EVADE DOWN, PERPENDICULAR, FULL THROTTLE
[2026-05-12 19:29:40.534] [DETECTION   ] Drone detected
    frame: 913
    bbox: [np.int64(842), np.int64(161), np.int64(1170), np.int64(348)]
    confidence: 0.88
    class: 0
[2026-05-12 19:29:40.559] [TRACK       ] Track ID:4
    frame: 913
    track_id: 4
    position: (1260, 158)
    velocity: (1.0, -0.8)
    speed: 1.2 px/f
    hits: 31
[2026-05-12 19:29:40.560] [TRACK       ] Track ID:5
    frame: 913
    track_id: 5
    position: (1010, 252)
    velocity: (-10.2, 0.2)
    speed: 10.3 px/f
    hits: 30
[2026-05-12 19:29:40.560] [FRAME       ] Frame 913 processed
    frame: 913
    detections: 1
    tracks: 2
[2026-05-12 19:29:40.560] [THREAT      ] Track ID:5 - CRITICAL
    frame: 913
    track_id: 5
    distance: 99.8 px
    threat_level: CRITICAL
    pattern: turning
    speed: 10.3 px/f
    uncertainty: ±28.8 px
    evasion_point: (672, 571)
    commands: ⚠️ EVADE NOW!, EVADE DOWN, PERPENDICULAR, FULL THROTTLE
[2026-05-12 19:29:40.605] [DETECTION   ] Drone detected
    frame: 914
    bbox: [np.int64(832), np.int64(161), np.int64(1163), np.int64(349)]
    confidence: 0.87
    class: 0
[2026-05-12 19:29:40.637] [TRACK       ] Track ID:4
    frame: 914
    track_id: 4
    position: (1260, 157)
    velocity: (0.8, -0.8)
    speed: 1.1 px/f
    hits: 32
[2026-05-12 19:29:40.638] [TRACK       ] Track ID:5
    frame: 914
    track_id: 5
    position: (1001, 254)
    velocity: (-10.8, 1.5)
    speed: 10.9 px/f
    hits: 31
[2026-05-12 19:29:40.638] [FRAME       ] Frame 914 processed
    frame: 914
    detections: 1
    tracks: 2
[2026-05-12 19:29:40.638] [THREAT      ] Track ID:5 - CRITICAL
    frame: 914
    track_id: 5
    distance: 55.2 px
    threat_level: CRITICAL
    pattern: turning
    speed: 10.9 px/f
    uncertainty: ±27.3 px
    evasion_point: (684, 568)
    commands: ⚠️ EVADE NOW!, EVADE DOWN, PERPENDICULAR, FULL THROTTLE
[2026-05-12 19:29:40.685] [DETECTION   ] Drone detected
    frame: 915
    bbox: [np.int64(809), np.int64(179), np.int64(1135), np.int64(376)]
    confidence: 0.88
    class: 0
[2026-05-12 19:29:40.710] [TRACK       ] Track ID:4
    frame: 915
    track_id: 4
    position: (1261, 156)
    velocity: (1.0, -0.8)
    speed: 1.2 px/f
    hits: 33
[2026-05-12 19:29:40.711] [TRACK       ] Track ID:5
    frame: 915
    track_id: 5
    position: (980, 269)
    velocity: (-15.0, 5.5)
    speed: 16.0 px/f
    hits: 32
[2026-05-12 19:29:40.711] [FRAME       ] Frame 915 processed
    frame: 915
    detections: 1
    tracks: 2
[2026-05-12 19:29:40.711] [THREAT      ] Track ID:5 - CRITICAL
    frame: 915
    track_id: 5
    distance: 31.6 px
    threat_level: CRITICAL
    pattern: turning
    speed: 16.0 px/f
    uncertainty: ±21.0 px
    evasion_point: (576, 159)
    commands: ⚠️ EVADE NOW!, EVADE LEFT, EVADE UP, PERPENDICULAR, FULL THROTTLE
[2026-05-12 19:29:40.756] [DETECTION   ] Drone detected
    frame: 916
    bbox: [np.int64(798), np.int64(186), np.int64(1127), np.int64(382)]
    confidence: 0.88
    class: 0
[2026-05-12 19:29:40.756] [DETECTION   ] Drone detected
    frame: 916
    bbox: [np.int64(1199), np.int64(156), np.int64(1279), np.int64(317)]
    confidence: 0.54
    class: 0
[2026-05-12 19:29:40.821] [TRACK       ] Track ID:4
    frame: 916
    track_id: 4
    position: (1238, 235)
    velocity: (-5.2, 19.0)
    speed: 19.7 px/f
    hits: 34
[2026-05-12 19:29:40.821] [TRACK       ] Track ID:5
    frame: 916
    track_id: 5
    position: (966, 279)
    velocity: (-13.5, 7.2)
    speed: 15.3 px/f
    hits: 33
[2026-05-12 19:29:40.821] [FRAME       ] Frame 916 processed
    frame: 916
    detections: 2
    tracks: 2
[2026-05-12 19:29:40.821] [THREAT      ] Track ID:5 - CRITICAL
    frame: 916
    track_id: 5
    distance: 83.5 px
    threat_level: CRITICAL
    pattern: turning
    speed: 15.3 px/f
    uncertainty: ±21.0 px
    evasion_point: (564, 163)
    commands: ⚠️ EVADE NOW!, EVADE LEFT, EVADE UP, PERPENDICULAR, FULL THROTTLE
[2026-05-12 19:29:40.866] [DETECTION   ] Drone detected
    frame: 917
    bbox: [np.int64(770), np.int64(204), np.int64(1118), np.int64(402)]
    confidence: 0.87
    class: 0
[2026-05-12 19:29:40.866] [DETECTION   ] Drone detected
    frame: 917
    bbox: [np.int64(1179), np.int64(124), np.int64(1280), np.int64(353)]
    confidence: 0.46
    class: 0
[2026-05-12 19:29:40.913] [TRACK       ] Track ID:4
    frame: 917
    track_id: 4
    position: (1233, 238)
    velocity: (-6.8, 20.0)
    speed: 21.1 px/f
    hits: 35
[2026-05-12 19:29:40.913] [TRACK       ] Track ID:5
    frame: 917
    track_id: 5
    position: (949, 295)
    velocity: (-15.2, 10.8)
    speed: 18.7 px/f
    hits: 34
[2026-05-12 19:29:40.913] [FRAME       ] Frame 917 processed
    frame: 917
    detections: 2
    tracks: 2
[2026-05-12 19:29:40.913] [THREAT      ] Track ID:5 - HIGH
    frame: 917
    track_id: 5
    distance: 127.5 px
    threat_level: HIGH
    pattern: turning
    speed: 18.7 px/f
    uncertainty: ±18.5 px
    evasion_point: (556, 168)
    commands: ⚠️ EVADE NOW!, EVADE LEFT, EVADE UP, PERPENDICULAR, FULL THROTTLE
[2026-05-12 19:29:40.956] [DETECTION   ] Drone detected
    frame: 918
    bbox: [np.int64(768), np.int64(209), np.int64(1116), np.int64(406)]
    confidence: 0.87
    class: 0
[2026-05-12 19:29:40.956] [DETECTION   ] Drone detected
    frame: 918
    bbox: [np.int64(1173), np.int64(153), np.int64(1280), np.int64(351)]
    confidence: 0.63
    class: 0
[2026-05-12 19:29:41.001] [TRACK       ] Track ID:4
    frame: 918
    track_id: 4
    position: (1229, 247)
    velocity: (-7.8, 22.5)
    speed: 23.8 px/f
    hits: 36
[2026-05-12 19:29:41.001] [TRACK       ] Track ID:5
    frame: 918
    track_id: 5
    position: (942, 304)
    velocity: (-14.8, 12.5)
    speed: 19.3 px/f
    hits: 35
[2026-05-12 19:29:41.001] [FRAME       ] Frame 918 processed
    frame: 918
    detections: 2
    tracks: 2
[2026-05-12 19:29:41.001] [THREAT      ] Track ID:5 - HIGH
    frame: 918
    track_id: 5
    distance: 157.8 px
    threat_level: HIGH
    pattern: turning
    speed: 19.3 px/f
    uncertainty: ±17.9 px
    evasion_point: (550, 171)
    commands: EVADE LEFT, EVADE UP, PERPENDICULAR, FULL THROTTLE
[2026-05-12 19:29:41.045] [DETECTION   ] Drone detected
    frame: 919
    bbox: [np.int64(761), np.int64(214), np.int64(1101), np.int64(409)]
    confidence: 0.87
    class: 0
[2026-05-12 19:29:41.045] [DETECTION   ] Drone detected
    frame: 919
    bbox: [np.int64(1159), np.int64(152), np.int64(1280), np.int64(347)]
    confidence: 0.76
    class: 0
[2026-05-12 19:29:41.090] [TRACK       ] Track ID:4
    frame: 919
    track_id: 4
    position: (1222, 249)
    velocity: (-9.8, 23.2)
    speed: 25.2 px/f
    hits: 37
[2026-05-12 19:29:41.090] [TRACK       ] Track ID:5
    frame: 919
    track_id: 5
    position: (932, 310)
    velocity: (-12.0, 10.2)
    speed: 15.8 px/f
    hits: 36
[2026-05-12 19:29:41.090] [FRAME       ] Frame 919 processed
    frame: 919
    detections: 2
    tracks: 2
[2026-05-12 19:29:41.090] [THREAT      ] Track ID:5 - HIGH
    frame: 919
    track_id: 5
    distance: 157.3 px
    threat_level: HIGH
    pattern: turning
    speed: 15.8 px/f
    uncertainty: ±19.4 px
    evasion_point: (551, 170)
    commands: EVADE LEFT, EVADE UP, PERPENDICULAR, FULL THROTTLE
[2026-05-12 19:29:41.134] [DETECTION   ] Drone detected
    frame: 920
    bbox: [np.int64(761), np.int64(213), np.int64(1101), np.int64(405)]
    confidence: 0.87
    class: 0
[2026-05-12 19:29:41.134] [DETECTION   ] Drone detected
    frame: 920
    bbox: [np.int64(1159), np.int64(152), np.int64(1280), np.int64(339)]
    confidence: 0.77
    class: 0
[2026-05-12 19:29:41.178] [TRACK       ] Track ID:4
    frame: 920
    track_id: 4
    position: (1220, 247)
    velocity: (-4.5, 3.0)
    speed: 5.4 px/f
    hits: 38
[2026-05-12 19:29:41.178] [TRACK       ] Track ID:5
    frame: 920
    track_id: 5
    position: (928, 310)
    velocity: (-9.5, 7.8)
    speed: 12.3 px/f
    hits: 37
[2026-05-12 19:29:41.178] [FRAME       ] Frame 920 processed
    frame: 920
    detections: 2
    tracks: 2
[2026-05-12 19:29:41.179] [THREAT      ] Track ID:5 - HIGH
    frame: 920
    track_id: 5
    distance: 148.1 px
    threat_level: HIGH
    pattern: turning
    speed: 12.3 px/f
    uncertainty: ±21.9 px
    evasion_point: (552, 168)
    commands: ⚠️ EVADE NOW!, EVADE LEFT, EVADE UP, PERPENDICULAR, FULL THROTTLE
[2026-05-12 19:29:41.223] [DETECTION   ] Drone detected
    frame: 921
    bbox: [np.int64(765), np.int64(211), np.int64(1104), np.int64(407)]
    confidence: 0.87
    class: 0
[2026-05-12 19:29:41.224] [DETECTION   ] Drone detected
    frame: 921
    bbox: [np.int64(1161), np.int64(142), np.int64(1280), np.int64(343)]
    confidence: 0.74
    class: 0
[2026-05-12 19:29:41.269] [TRACK       ] Track ID:4
    frame: 921
    track_id: 4
    position: (1219, 245)
    velocity: (-3.5, 1.8)
    speed: 3.9 px/f
    hits: 39
[2026-05-12 19:29:41.269] [TRACK       ] Track ID:5
    frame: 921
    track_id: 5
    position: (930, 310)
    velocity: (-4.8, 3.8)
    speed: 6.1 px/f
    hits: 38
[2026-05-12 19:29:41.269] [FRAME       ] Frame 921 processed
    frame: 921
    detections: 2
    tracks: 2
[2026-05-12 19:29:41.270] [THREAT      ] Track ID:5 - HIGH
    frame: 921
    track_id: 5
    distance: 144.9 px
    threat_level: HIGH
    pattern: turning
    speed: 6.1 px/f
    uncertainty: ±34.3 px
    evasion_point: (551, 161)
    commands: ⚠️ EVADE NOW!, EVADE LEFT, EVADE UP, PERPENDICULAR, FULL THROTTLE
[2026-05-12 19:29:41.314] [DETECTION   ] Drone detected
    frame: 922
    bbox: [np.int64(769), np.int64(213), np.int64(1117), np.int64(411)]
    confidence: 0.87
    class: 0
[2026-05-12 19:29:41.314] [DETECTION   ] Drone detected
    frame: 922
    bbox: [np.int64(1167), np.int64(152), np.int64(1280), np.int64(357)]
    confidence: 0.65
    class: 0
[2026-05-12 19:29:41.365] [TRACK       ] Track ID:4
    frame: 922
    track_id: 4
    position: (1221, 251)
    velocity: (-2.0, 1.0)
    speed: 2.2 px/f
    hits: 40
[2026-05-12 19:29:41.365] [TRACK       ] Track ID:5
    frame: 922
    track_id: 5
    position: (936, 312)
    velocity: (-1.5, 2.0)
    speed: 2.5 px/f
    hits: 39
[2026-05-12 19:29:41.365] [FRAME       ] Frame 922 processed
    frame: 922
    detections: 2
    tracks: 2
[2026-05-12 19:29:41.366] [THREAT      ] Track ID:5 - HIGH
    frame: 922
    track_id: 5
    distance: 210.8 px
    threat_level: HIGH
    pattern: turning
    speed: 2.5 px/f
    uncertainty: ±60.0 px
    evasion_point: (480, 194)
    commands: EVADE LEFT, EVADE UP, PERPENDICULAR
[2026-05-12 19:29:41.416] [DETECTION   ] Drone detected
    frame: 923
    bbox: [np.int64(773), np.int64(210), np.int64(1110), np.int64(415)]
    confidence: 0.87
    class: 0
[2026-05-12 19:29:41.416] [DETECTION   ] Drone detected
    frame: 923
    bbox: [np.int64(1169), np.int64(140), np.int64(1280), np.int64(359)]
    confidence: 0.62
    class: 0
[2026-05-12 19:29:41.479] [TRACK       ] Track ID:4
    frame: 923
    track_id: 4
    position: (1223, 251)
    velocity: (0.2, 0.5)
    speed: 0.6 px/f
    hits: 41
[2026-05-12 19:29:41.479] [TRACK       ] Track ID:5
    frame: 923
    track_id: 5
    position: (937, 313)
    velocity: (1.2, 0.8)
    speed: 1.5 px/f
    hits: 40
[2026-05-12 19:29:41.479] [FRAME       ] Frame 923 processed
    frame: 923
    detections: 2
    tracks: 2
[2026-05-12 19:29:41.480] [THREAT      ] Track ID:5 - LOW
    frame: 923
    track_id: 5
    distance: 422.9 px
    threat_level: LOW
    pattern: turning
    speed: 1.5 px/f
    uncertainty: ±60.0 px
    evasion_point: (410, 344)
    commands: EVADE LEFT, PERPENDICULAR
[2026-05-12 19:29:41.525] [DETECTION   ] Drone detected
    frame: 924
    bbox: [np.int64(770), np.int64(209), np.int64(1118), np.int64(407)]
    confidence: 0.87
    class: 0
[2026-05-12 19:29:41.525] [DETECTION   ] Drone detected
    frame: 924
    bbox: [np.int64(1167), np.int64(145), np.int64(1280), np.int64(356)]
    confidence: 0.63
    class: 0
[2026-05-12 19:29:41.580] [TRACK       ] Track ID:4
    frame: 924
    track_id: 4
    position: (1223, 251)
    velocity: (0.8, 1.0)
    speed: 1.2 px/f
    hits: 42
[2026-05-12 19:29:41.580] [TRACK       ] Track ID:5
    frame: 924
    track_id: 5
    position: (940, 311)
    velocity: (3.0, 0.2)
    speed: 3.0 px/f
    hits: 41
[2026-05-12 19:29:41.580] [FRAME       ] Frame 924 processed
    frame: 924
    detections: 2
    tracks: 2
[2026-05-12 19:29:41.580] [THREAT      ] Track ID:5 - LOW
    frame: 924
    track_id: 5
    distance: 600.5 px
    threat_level: LOW
    pattern: turning
    speed: 3.0 px/f
    uncertainty: ±60.0 px
    evasion_point: (410, 369)
    commands: EVADE LEFT, PERPENDICULAR
[2026-05-12 19:29:41.629] [DETECTION   ] Drone detected
    frame: 925
    bbox: [np.int64(762), np.int64(208), np.int64(1101), np.int64(402)]
    confidence: 0.87
    class: 0
[2026-05-12 19:29:41.629] [DETECTION   ] Drone detected
    frame: 925
    bbox: [np.int64(1148), np.int64(149), np.int64(1280), np.int64(334)]
    confidence: 0.79
    class: 0
[2026-05-12 19:29:41.678] [TRACK       ] Track ID:4
    frame: 925
    track_id: 4
    position: (1217, 245)
    velocity: (-0.5, 0.0)
    speed: 0.5 px/f
    hits: 43
[2026-05-12 19:29:41.678] [TRACK       ] Track ID:5
    frame: 925
    track_id: 5
    position: (933, 307)
    velocity: (0.8, -0.8)
    speed: 1.1 px/f
    hits: 42
[2026-05-12 19:29:41.679] [FRAME       ] Frame 925 processed
    frame: 925
    detections: 2
    tracks: 2
[2026-05-12 19:29:41.679] [THREAT      ] Track ID:5 - LOW
    frame: 925
    track_id: 5
    distance: 389.6 px
    threat_level: LOW
    pattern: turning
    speed: 1.1 px/f
    uncertainty: ±60.0 px
    evasion_point: (422, 435)
    commands: EVADE LEFT, EVADE DOWN, PERPENDICULAR
[2026-05-12 19:29:41.721] [DETECTION   ] Drone detected
    frame: 926
    bbox: [np.int64(758), np.int64(209), np.int64(1093), np.int64(405)]
    confidence: 0.87
    class: 0
[2026-05-12 19:29:41.722] [DETECTION   ] Drone detected
    frame: 926
    bbox: [np.int64(1144), np.int64(154), np.int64(1280), np.int64(342)]
    confidence: 0.75
    class: 0
[2026-05-12 19:29:41.766] [TRACK       ] Track ID:4
    frame: 926
    track_id: 4
    position: (1213, 247)
    velocity: (-2.0, -1.0)
    speed: 2.2 px/f
    hits: 44
[2026-05-12 19:29:41.766] [TRACK       ] Track ID:5
    frame: 926
    track_id: 5
    position: (926, 307)
    velocity: (-2.5, -1.2)
    speed: 2.8 px/f
    hits: 43
[2026-05-12 19:29:41.766] [FRAME       ] Frame 926 processed
    frame: 926
    detections: 2
    tracks: 2
[2026-05-12 19:29:41.766] [THREAT      ] Track ID:5 - HIGH
    frame: 926
    track_id: 5
    distance: 209.8 px
    threat_level: HIGH
    pattern: zigzag
    speed: 2.8 px/f
    uncertainty: ±90.0 px
    evasion_point: (510, 567)
    commands: EVADE LEFT, EVADE DOWN, EVASIVE ZIGZAG
[2026-05-12 19:29:41.810] [DETECTION   ] Drone detected
    frame: 927
    bbox: [np.int64(744), np.int64(231), np.int64(1078), np.int64(424)]
    confidence: 0.90
    class: 0
[2026-05-12 19:29:41.810] [DETECTION   ] Drone detected
    frame: 927
    bbox: [np.int64(1134), np.int64(188), np.int64(1280), np.int64(382)]
    confidence: 0.65
    class: 0
[2026-05-12 19:29:41.852] [TRACK       ] Track ID:4
    frame: 927
    track_id: 4
    position: (1208, 272)
    velocity: (-3.8, 5.2)
    speed: 6.5 px/f
    hits: 45
[2026-05-12 19:29:41.852] [TRACK       ] Track ID:5
    frame: 927
    track_id: 5
    position: (914, 321)
    velocity: (-5.8, 2.0)
    speed: 6.1 px/f
    hits: 44
[2026-05-12 19:29:41.852] [FRAME       ] Frame 927 processed
    frame: 927
    detections: 2
    tracks: 2
[2026-05-12 19:29:41.852] [THREAT      ] Track ID:5 - CRITICAL
    frame: 927
    track_id: 5
    distance: 104.8 px
    threat_level: CRITICAL
    pattern: zigzag
    speed: 6.1 px/f
    uncertainty: ±46.4 px
    evasion_point: (446, 249)
    commands: ⚠️ EVADE NOW!, EVADE LEFT, EVADE UP, EVASIVE ZIGZAG, FULL THROTTLE
[2026-05-12 19:29:41.896] [DETECTION   ] Drone detected
    frame: 928
    bbox: [np.int64(746), np.int64(232), np.int64(1079), np.int64(426)]
    confidence: 0.90
    class: 0
[2026-05-12 19:29:41.896] [DETECTION   ] Drone detected
    frame: 928
    bbox: [np.int64(1137), np.int64(193), np.int64(1279), np.int64(376)]
    confidence: 0.79
    class: 0
[2026-05-12 19:29:41.940] [TRACK       ] Track ID:4
    frame: 928
    track_id: 4
    position: (1207, 281)
    velocity: (-4.0, 7.5)
    speed: 8.5 px/f
    hits: 46
[2026-05-12 19:29:41.941] [TRACK       ] Track ID:5
    frame: 928
    track_id: 5
    position: (911, 327)
    velocity: (-7.2, 4.0)
    speed: 8.3 px/f
    hits: 45
[2026-05-12 19:29:41.941] [FRAME       ] Frame 928 processed
    frame: 928
    detections: 2
    tracks: 2
[2026-05-12 19:29:41.941] [THREAT      ] Track ID:5 - HIGH
    frame: 928
    track_id: 5
    distance: 143.3 px
    threat_level: HIGH
    pattern: zigzag
    speed: 8.3 px/f
    uncertainty: ±36.4 px
    evasion_point: (482, 209)
    commands: ⚠️ EVADE NOW!, EVADE LEFT, EVADE UP, EVASIVE ZIGZAG, FULL THROTTLE
[2026-05-12 19:29:41.987] [DETECTION   ] Drone detected
    frame: 929
    bbox: [np.int64(762), np.int64(240), np.int64(1097), np.int64(434)]
    confidence: 0.88
    class: 0
[2026-05-12 19:29:41.987] [DETECTION   ] Drone detected
    frame: 929
    bbox: [np.int64(1156), np.int64(168), np.int64(1280), np.int64(378)]
    confidence: 0.69
    class: 0
[2026-05-12 19:29:42.031] [TRACK       ] Track ID:4
    frame: 929
    track_id: 4
    position: (1213, 277)
    velocity: (-1.0, 8.0)
    speed: 8.1 px/f
    hits: 47
[2026-05-12 19:29:42.031] [TRACK       ] Track ID:5
    frame: 929
    track_id: 5
    position: (921, 334)
    velocity: (-3.0, 6.8)
    speed: 7.4 px/f
    hits: 46
[2026-05-12 19:29:42.031] [FRAME       ] Frame 929 processed
    frame: 929
    detections: 2
    tracks: 2
[2026-05-12 19:29:42.032] [THREAT      ] Track ID:5 - MEDIUM
    frame: 929
    track_id: 5
    distance: 285.4 px
    threat_level: MEDIUM
    pattern: turning
    speed: 7.4 px/f
    uncertainty: ±29.1 px
    evasion_point: (514, 185)
    commands: EVADE LEFT, EVADE UP, PERPENDICULAR, FULL THROTTLE
[2026-05-12 19:29:42.080] [DETECTION   ] Drone detected
    frame: 930
    bbox: [np.int64(771), np.int64(232), np.int64(1109), np.int64(411)]
    confidence: 0.88
    class: 0
[2026-05-12 19:29:42.080] [DETECTION   ] Drone detected
    frame: 930
    bbox: [np.int64(1165), np.int64(173), np.int64(1279), np.int64(368)]
    confidence: 0.66
    class: 0
[2026-05-12 19:29:42.123] [TRACK       ] Track ID:4
    frame: 930
    track_id: 4
    position: (1218, 274)
    velocity: (1.2, 6.8)
    speed: 6.9 px/f
    hits: 48
[2026-05-12 19:29:42.123] [TRACK       ] Track ID:5
    frame: 930
    track_id: 5
    position: (932, 327)
    velocity: (1.5, 5.0)
    speed: 5.2 px/f
    hits: 47
[2026-05-12 19:29:42.123] [FRAME       ] Frame 930 processed
    frame: 930
    detections: 2
    tracks: 2
[2026-05-12 19:29:42.123] [THREAT      ] Track ID:5 - LOW
    frame: 930
    track_id: 5
    distance: 430.1 px
    threat_level: LOW
    pattern: zigzag
    speed: 5.2 px/f
    uncertainty: ±55.0 px
    evasion_point: (454, 228)
    commands: EVADE LEFT, EVADE UP, EVASIVE ZIGZAG, FULL THROTTLE
[2026-05-12 19:29:42.133] [STATS       ] Performance stats
    fps: 12.1
    processing_time: 2473.5 ms
[2026-05-12 19:29:42.173] [DETECTION   ] Drone detected
    frame: 931
    bbox: [np.int64(769), np.int64(226), np.int64(1110), np.int64(410)]
    confidence: 0.87
    class: 0
[2026-05-12 19:29:42.173] [DETECTION   ] Drone detected
    frame: 931
    bbox: [np.int64(1166), np.int64(160), np.int64(1279), np.int64(364)]
    confidence: 0.62
    class: 0
[2026-05-12 19:29:42.218] [TRACK       ] Track ID:4
    frame: 931
    track_id: 4
    position: (1221, 266)
    velocity: (3.2, -1.5)
    speed: 3.6 px/f
    hits: 49
[2026-05-12 19:29:42.218] [TRACK       ] Track ID:5
    frame: 931
    track_id: 5
    position: (936, 321)
    velocity: (5.5, 0.0)
    speed: 5.5 px/f
    hits: 48
[2026-05-12 19:29:42.218] [FRAME       ] Frame 931 processed
    frame: 931
    detections: 2
    tracks: 2
[2026-05-12 19:29:42.218] [THREAT      ] Track ID:5 - LOW
    frame: 931
    track_id: 5
    distance: 506.5 px
    threat_level: LOW
    pattern: zigzag
    speed: 5.5 px/f
    uncertainty: ±53.4 px
    evasion_point: (413, 377)
    commands: EVADE LEFT, EVASIVE ZIGZAG, FULL THROTTLE
[2026-05-12 19:29:42.262] [DETECTION   ] Drone detected
    frame: 932
    bbox: [np.int64(762), np.int64(216), np.int64(1102), np.int64(408)]
    confidence: 0.87
    class: 0
[2026-05-12 19:29:42.262] [DETECTION   ] Drone detected
    frame: 932
    bbox: [np.int64(1147), np.int64(158), np.int64(1280), np.int64(345)]
    confidence: 0.81
    class: 0
[2026-05-12 19:29:42.306] [TRACK       ] Track ID:4
    frame: 932
    track_id: 4
    position: (1216, 257)
    velocity: (2.2, -6.0)
    speed: 6.4 px/f
    hits: 50
[2026-05-12 19:29:42.306] [TRACK       ] Track ID:5
    frame: 932
    track_id: 5
    position: (933, 315)
    velocity: (5.5, -3.0)
    speed: 6.3 px/f
    hits: 49
[2026-05-12 19:29:42.307] [FRAME       ] Frame 932 processed
    frame: 932
    detections: 2
    tracks: 2
[2026-05-12 19:29:42.307] [THREAT      ] Track ID:5 - LOW
    frame: 932
    track_id: 5
    distance: 510.6 px
    threat_level: LOW
    pattern: zigzag
    speed: 6.3 px/f
    uncertainty: ±47.9 px
    evasion_point: (431, 441)
    commands: EVADE LEFT, EVADE DOWN, EVASIVE ZIGZAG, FULL THROTTLE
[2026-05-12 19:29:42.352] [DETECTION   ] Drone detected
    frame: 933
    bbox: [np.int64(759), np.int64(215), np.int64(1100), np.int64(408)]
    confidence: 0.87
    class: 0
[2026-05-12 19:29:42.353] [DETECTION   ] Drone detected
    frame: 933
    bbox: [np.int64(1146), np.int64(160), np.int64(1280), np.int64(348)]
    confidence: 0.82
    class: 0
[2026-05-12 19:29:42.396] [TRACK       ] Track ID:4
    frame: 933
    track_id: 4
    position: (1214, 255)
    velocity: (0.2, -5.5)
    speed: 5.5 px/f
    hits: 51
[2026-05-12 19:29:42.396] [TRACK       ] Track ID:5
    frame: 933
    track_id: 5
    position: (930, 312)
    velocity: (2.2, -5.5)
    speed: 5.9 px/f
    hits: 50
[2026-05-12 19:29:42.396] [FRAME       ] Frame 933 processed
    frame: 933
    detections: 2
    tracks: 2
[2026-05-12 19:29:42.396] [THREAT      ] Track ID:5 - LOW
    frame: 933
    track_id: 5
    distance: 487.6 px
    threat_level: LOW
    pattern: zigzag
    speed: 5.9 px/f
    uncertainty: ±49.6 px
    evasion_point: (470, 507)
    commands: EVADE LEFT, EVADE DOWN, EVASIVE ZIGZAG, FULL THROTTLE
[2026-05-12 19:29:42.445] [DETECTION   ] Drone detected
    frame: 934
    bbox: [np.int64(744), np.int64(211), np.int64(1080), np.int64(406)]
    confidence: 0.87
    class: 0
[2026-05-12 19:29:42.445] [DETECTION   ] Drone detected
    frame: 934
    bbox: [np.int64(1132), np.int64(158), np.int64(1280), np.int64(370)]
    confidence: 0.66
    class: 0
[2026-05-12 19:29:42.489] [TRACK       ] Track ID:4
    frame: 934
    track_id: 4
    position: (1208, 260)
    velocity: (-2.5, -3.5)
    speed: 4.3 px/f
    hits: 52
[2026-05-12 19:29:42.489] [TRACK       ] Track ID:5
    frame: 934
    track_id: 5
    position: (917, 310)
    velocity: (-3.8, -4.2)
    speed: 5.7 px/f
    hits: 51
[2026-05-12 19:29:42.489] [FRAME       ] Frame 934 processed
    frame: 934
    detections: 2
    tracks: 2
[2026-05-12 19:29:42.489] [THREAT      ] Track ID:5 - MEDIUM
    frame: 934
    track_id: 5
    distance: 299.4 px
    threat_level: MEDIUM
    pattern: zigzag
    speed: 5.7 px/f
    uncertainty: ±49.7 px
    evasion_point: (529, 556)
    commands: EVADE LEFT, EVADE DOWN, EVASIVE ZIGZAG, FULL THROTTLE
[2026-05-12 19:29:42.535] [DETECTION   ] Drone detected
    frame: 935
    bbox: [np.int64(733), np.int64(211), np.int64(1067), np.int64(403)]
    confidence: 0.87
    class: 0
[2026-05-12 19:29:42.536] [DETECTION   ] Drone detected
    frame: 935
    bbox: [np.int64(1116), np.int64(144), np.int64(1280), np.int64(361)]
    confidence: 0.75
    class: 0
[2026-05-12 19:29:42.580] [TRACK       ] Track ID:4
    frame: 935
    track_id: 4
    position: (1201, 255)
    velocity: (-5.0, -2.8)
    speed: 5.7 px/f
    hits: 53
[2026-05-12 19:29:42.580] [TRACK       ] Track ID:5
    frame: 935
    track_id: 5
    position: (905, 307)
    velocity: (-7.8, -3.5)
    speed: 8.5 px/f
    hits: 52
[2026-05-12 19:29:42.580] [FRAME       ] Frame 935 processed
    frame: 935
    detections: 2
    tracks: 2
[2026-05-12 19:29:42.581] [THREAT      ] Track ID:5 - HIGH
    frame: 935
    track_id: 5
    distance: 188.5 px
    threat_level: HIGH
    pattern: zigzag
    speed: 8.5 px/f
    uncertainty: ±35.4 px
    evasion_point: (533, 549)
    commands: EVADE LEFT, EVADE DOWN, EVASIVE ZIGZAG, FULL THROTTLE
[2026-05-12 19:29:42.627] [DETECTION   ] Drone detected
    frame: 936
    bbox: [np.int64(722), np.int64(209), np.int64(1050), np.int64(408)]
    confidence: 0.86
    class: 0
[2026-05-12 19:29:42.627] [DETECTION   ] Drone detected
    frame: 936
    bbox: [np.int64(1108), np.int64(143), np.int64(1280), np.int64(343)]
    confidence: 0.81
    class: 0
[2026-05-12 19:29:42.668] [TRACK       ] Track ID:4
    frame: 936
    track_id: 4
    position: (1195, 247)
    velocity: (-5.2, -2.5)
    speed: 5.8 px/f
    hits: 54
[2026-05-12 19:29:42.669] [TRACK       ] Track ID:5
    frame: 936
    track_id: 5
    position: (890, 307)
    velocity: (-10.8, -2.0)
    speed: 10.9 px/f
    hits: 53
[2026-05-12 19:29:42.669] [FRAME       ] Frame 936 processed
    frame: 936
    detections: 2
    tracks: 2
[2026-05-12 19:29:42.669] [THREAT      ] Track ID:5 - CRITICAL
    frame: 936
    track_id: 5
    distance: 124.3 px
    threat_level: CRITICAL
    pattern: zigzag
    speed: 10.9 px/f
    uncertainty: ±28.7 px
    evasion_point: (512, 532)
    commands: ⚠️ EVADE NOW!, EVADE LEFT, EVADE DOWN, EVASIVE ZIGZAG, FULL THROTTLE
[2026-05-12 19:29:42.714] [DETECTION   ] Drone detected
    frame: 937
    bbox: [np.int64(692), np.int64(211), np.int64(1018), np.int64(415)]
    confidence: 0.88
    class: 0
[2026-05-12 19:29:42.714] [DETECTION   ] Drone detected
    frame: 937
    bbox: [np.int64(1073), np.int64(146), np.int64(1280), np.int64(356)]
    confidence: 0.84
    class: 0
[2026-05-12 19:29:42.759] [TRACK       ] Track ID:4
    frame: 937
    track_id: 4
    position: (1182, 249)
    velocity: (-8.0, -1.5)
    speed: 8.1 px/f
    hits: 55
[2026-05-12 19:29:42.759] [TRACK       ] Track ID:5
    frame: 937
    track_id: 5
    position: (865, 311)
    velocity: (-16.2, -0.2)
    speed: 16.3 px/f
    hits: 54
[2026-05-12 19:29:42.759] [FRAME       ] Frame 937 processed
    frame: 937
    detections: 2
    tracks: 2
[2026-05-12 19:29:42.759] [THREAT      ] Track ID:5 - CRITICAL
    frame: 937
    track_id: 5
    distance: 82.7 px
    threat_level: CRITICAL
    pattern: zigzag
    speed: 16.3 px/f
    uncertainty: ±21.3 px
    evasion_point: (477, 493)
    commands: ⚠️ EVADE NOW!, EVADE LEFT, EVADE DOWN, EVASIVE ZIGZAG, FULL THROTTLE
[2026-05-12 19:29:42.809] [DETECTION   ] Drone detected
    frame: 938
    bbox: [np.int64(683), np.int64(210), np.int64(1008), np.int64(415)]
    confidence: 0.88
    class: 0
[2026-05-12 19:29:42.810] [DETECTION   ] Drone detected
    frame: 938
    bbox: [np.int64(1069), np.int64(151), np.int64(1280), np.int64(351)]
    confidence: 0.85
    class: 0
[2026-05-12 19:29:42.852] [TRACK       ] Track ID:4
    frame: 938
    track_id: 4
    position: (1175, 250)
    velocity: (-8.2, -2.5)
    speed: 8.6 px/f
    hits: 56
[2026-05-12 19:29:42.853] [TRACK       ] Track ID:5
    frame: 938
    track_id: 5
    position: (849, 312)
    velocity: (-17.0, 0.5)
    speed: 17.0 px/f
    hits: 55
[2026-05-12 19:29:42.853] [FRAME       ] Frame 938 processed
    frame: 938
    detections: 2
    tracks: 2
[2026-05-12 19:29:42.853] [THREAT      ] Track ID:5 - CRITICAL
    frame: 938
    track_id: 5
    distance: 72.2 px
    threat_level: CRITICAL
    pattern: zigzag
    speed: 17.0 px/f
    uncertainty: ±20.1 px
    evasion_point: (468, 481)
    commands: ⚠️ EVADE NOW!, EVADE LEFT, EVADE DOWN, EVASIVE ZIGZAG, FULL THROTTLE
[2026-05-12 19:29:42.901] [DETECTION   ] Drone detected
    frame: 939
    bbox: [np.int64(672), np.int64(198), np.int64(1001), np.int64(396)]
    confidence: 0.88
    class: 0
[2026-05-12 19:29:42.901] [DETECTION   ] Drone detected
    frame: 939
    bbox: [np.int64(1051), np.int64(142), np.int64(1280), np.int64(332)]
    confidence: 0.86
    class: 0
[2026-05-12 19:29:42.944] [TRACK       ] Track ID:4
    frame: 939
    track_id: 4
    position: (1167, 241)
    velocity: (-8.5, -3.5)
    speed: 9.2 px/f
    hits: 57
[2026-05-12 19:29:42.944] [TRACK       ] Track ID:5
    frame: 939
    track_id: 5
    position: (838, 302)
    velocity: (-16.8, -1.2)
    speed: 16.8 px/f
    hits: 56
[2026-05-12 19:29:42.944] [FRAME       ] Frame 939 processed
    frame: 939
    detections: 2
    tracks: 2
[2026-05-12 19:29:42.944] [THREAT      ] Track ID:5 - CRITICAL
    frame: 939
    track_id: 5
    distance: 91.1 px
    threat_level: CRITICAL
    pattern: zigzag
    speed: 16.8 px/f
    uncertainty: ±19.8 px
    evasion_point: (515, 529)
    commands: ⚠️ EVADE NOW!, EVADE LEFT, EVADE DOWN, EVASIVE ZIGZAG, FULL THROTTLE
[2026-05-12 19:29:42.991] [DETECTION   ] Drone detected
    frame: 940
    bbox: [np.int64(672), np.int64(198), np.int64(988), np.int64(391)]
    confidence: 0.88
    class: 0
[2026-05-12 19:29:42.991] [DETECTION   ] Drone detected
    frame: 940
    bbox: [np.int64(1047), np.int64(141), np.int64(1280), np.int64(324)]
    confidence: 0.85
    class: 0
[2026-05-12 19:29:43.035] [TRACK       ] Track ID:4
    frame: 940
    track_id: 4
    position: (1163, 234)
    velocity: (-8.0, -3.2)
    speed: 8.6 px/f
    hits: 58
[2026-05-12 19:29:43.035] [TRACK       ] Track ID:5
    frame: 940
    track_id: 5
    position: (829, 296)
    velocity: (-15.2, -2.8)
    speed: 15.5 px/f
    hits: 57
[2026-05-12 19:29:43.035] [FRAME       ] Frame 940 processed
    frame: 940
    detections: 2
    tracks: 2
[2026-05-12 19:29:43.035] [THREAT      ] Track ID:5 - CRITICAL
    frame: 940
    track_id: 5
    distance: 112.0 px
    threat_level: CRITICAL
    pattern: zigzag
    speed: 15.5 px/f
    uncertainty: ±20.3 px
    evasion_point: (543, 546)
    commands: ⚠️ EVADE NOW!, EVADE LEFT, EVADE DOWN, EVASIVE ZIGZAG, FULL THROTTLE
[2026-05-12 19:29:43.079] [DETECTION   ] Drone detected
    frame: 941
    bbox: [np.int64(656), np.int64(192), np.int64(977), np.int64(380)]
    confidence: 0.89
    class: 0
[2026-05-12 19:29:43.080] [DETECTION   ] Drone detected
    frame: 941
    bbox: [np.int64(1031), np.int64(128), np.int64(1278), np.int64(308)]
    confidence: 0.86
    class: 0
[2026-05-12 19:29:43.122] [TRACK       ] Track ID:4
    frame: 941
    track_id: 4
    position: (1156, 222)
    velocity: (-6.5, -6.8)
    speed: 9.4 px/f
    hits: 59
[2026-05-12 19:29:43.123] [TRACK       ] Track ID:5
    frame: 941
    track_id: 5
    position: (817, 288)
    velocity: (-12.0, -5.8)
    speed: 13.3 px/f
    hits: 58
[2026-05-12 19:29:43.123] [FRAME       ] Frame 941 processed
    frame: 941
    detections: 2
    tracks: 2
[2026-05-12 19:29:43.123] [THREAT      ] Track ID:5 - HIGH
    frame: 941
    track_id: 5
    distance: 164.5 px
    threat_level: HIGH
    pattern: zigzag
    speed: 13.3 px/f
    uncertainty: ±21.5 px
    evasion_point: (567, 557)
    commands: EVADE LEFT, EVADE DOWN, EVASIVE ZIGZAG, FULL THROTTLE
[2026-05-12 19:29:43.168] [DETECTION   ] Drone detected
    frame: 942
    bbox: [np.int64(654), np.int64(190), np.int64(979), np.int64(372)]
    confidence: 0.89
    class: 0
[2026-05-12 19:29:43.168] [DETECTION   ] Drone detected
    frame: 942
    bbox: [np.int64(1030), np.int64(128), np.int64(1278), np.int64(305)]
    confidence: 0.86
    class: 0
[2026-05-12 19:29:43.216] [TRACK       ] Track ID:4
    frame: 942
    track_id: 4
    position: (1152, 217)
    velocity: (-5.8, -8.2)
    speed: 10.1 px/f
    hits: 60
[2026-05-12 19:29:43.216] [TRACK       ] Track ID:5
    frame: 942
    track_id: 5
    position: (814, 282)
    velocity: (-8.8, -7.5)
    speed: 11.5 px/f
    hits: 59
[2026-05-12 19:29:43.217] [FRAME       ] Frame 942 processed
    frame: 942
    detections: 2
    tracks: 2
[2026-05-12 19:29:43.217] [THREAT      ] Track ID:5 - HIGH
    frame: 942
    track_id: 5
    distance: 214.8 px
    threat_level: HIGH
    pattern: zigzag
    speed: 11.5 px/f
    uncertainty: ±23.2 px
    evasion_point: (568, 559)
    commands: EVADE LEFT, EVADE DOWN, EVASIVE ZIGZAG, FULL THROTTLE
[2026-05-12 19:29:43.264] [DETECTION   ] Drone detected
    frame: 943
    bbox: [np.int64(654), np.int64(188), np.int64(976), np.int64(372)]
    confidence: 0.89
    class: 0
[2026-05-12 19:29:43.265] [DETECTION   ] Drone detected
    frame: 943
    bbox: [np.int64(1026), np.int64(122), np.int64(1278), np.int64(301)]
    confidence: 0.88
    class: 0
[2026-05-12 19:29:43.308] [TRACK       ] Track ID:4
    frame: 943
    track_id: 4
    position: (1150, 212)
    velocity: (-4.2, -7.2)
    speed: 8.4 px/f
    hits: 61
[2026-05-12 19:29:43.308] [TRACK       ] Track ID:5
    frame: 943
    track_id: 5
    position: (811, 280)
    velocity: (-6.8, -5.5)
    speed: 8.7 px/f
    hits: 60
[2026-05-12 19:29:43.308] [FRAME       ] Frame 943 processed
    frame: 943
    detections: 2
    tracks: 2
[2026-05-12 19:29:43.309] [THREAT      ] Track ID:5 - HIGH
    frame: 943
    track_id: 5
    distance: 210.7 px
    threat_level: HIGH
    pattern: zigzag
    speed: 8.7 px/f
    uncertainty: ±27.3 px
    evasion_point: (570, 562)
    commands: EVADE LEFT, EVADE DOWN, EVASIVE ZIGZAG, FULL THROTTLE
[2026-05-12 19:29:43.354] [DETECTION   ] Drone detected
    frame: 944
    bbox: [np.int64(1017), np.int64(121), np.int64(1280), np.int64(293)]
    confidence: 0.89
    class: 0
[2026-05-12 19:29:43.354] [DETECTION   ] Drone detected
    frame: 944
    bbox: [np.int64(648), np.int64(185), np.int64(973), np.int64(361)]
    confidence: 0.88
    class: 0
[2026-05-12 19:29:43.399] [TRACK       ] Track ID:4
    frame: 944
    track_id: 4
    position: (1147, 207)
    velocity: (-4.0, -6.8)
    speed: 7.8 px/f
    hits: 62
[2026-05-12 19:29:43.399] [TRACK       ] Track ID:5
    frame: 944
    track_id: 5
    position: (808, 274)
    velocity: (-5.2, -5.5)
    speed: 7.6 px/f
    hits: 61
[2026-05-12 19:29:43.399] [FRAME       ] Frame 944 processed
    frame: 944
    detections: 2
    tracks: 2
[2026-05-12 19:29:43.399] [THREAT      ] Track ID:5 - MEDIUM
    frame: 944
    track_id: 5
    distance: 235.4 px
    threat_level: MEDIUM
    pattern: zigzag
    speed: 7.6 px/f
    uncertainty: ±29.9 px
    evasion_point: (569, 563)
    commands: EVADE LEFT, EVADE DOWN, EVASIVE ZIGZAG, FULL THROTTLE
[2026-05-12 19:29:43.444] [DETECTION   ] Drone detected
    frame: 945
    bbox: [np.int64(1012), np.int64(122), np.int64(1280), np.int64(295)]
    confidence: 0.88
    class: 0
[2026-05-12 19:29:43.444] [DETECTION   ] Drone detected
    frame: 945
    bbox: [np.int64(644), np.int64(188), np.int64(963), np.int64(366)]
    confidence: 0.87
    class: 0
[2026-05-12 19:29:43.488] [TRACK       ] Track ID:4
    frame: 945
    track_id: 4
    position: (1145, 206)
    velocity: (-2.8, -4.0)
    speed: 4.9 px/f
    hits: 63
[2026-05-12 19:29:43.489] [TRACK       ] Track ID:5
    frame: 945
    track_id: 5
    position: (802, 275)
    velocity: (-3.8, -3.2)
    speed: 5.0 px/f
    hits: 62
[2026-05-12 19:29:43.489] [FRAME       ] Frame 945 processed
    frame: 945
    detections: 2
    tracks: 2
[2026-05-12 19:29:43.489] [THREAT      ] Track ID:5 - HIGH
    frame: 945
    track_id: 5
    distance: 206.2 px
    threat_level: HIGH
    pattern: turning
    speed: 5.0 px/f
    uncertainty: ±28.4 px
    evasion_point: (615, 572)
    commands: EVADE DOWN, PERPENDICULAR, FULL THROTTLE
[2026-05-12 19:29:43.535] [DETECTION   ] Drone detected
    frame: 946
    bbox: [np.int64(638), np.int64(182), np.int64(950), np.int64(376)]
    confidence: 0.89
    class: 0
[2026-05-12 19:29:43.536] [DETECTION   ] Drone detected
    frame: 946
    bbox: [np.int64(1005), np.int64(123), np.int64(1280), np.int64(298)]
    confidence: 0.87
    class: 0
[2026-05-12 19:29:43.580] [TRACK       ] Track ID:4
    frame: 946
    track_id: 4
    position: (1141, 208)
    velocity: (-2.8, -2.2)
    speed: 3.6 px/f
    hits: 64
[2026-05-12 19:29:43.580] [TRACK       ] Track ID:5
    frame: 946
    track_id: 5
    position: (794, 276)
    velocity: (-5.0, -1.5)
    speed: 5.2 px/f
    hits: 63
[2026-05-12 19:29:43.580] [FRAME       ] Frame 946 processed
    frame: 946
    detections: 2
    tracks: 2
[2026-05-12 19:29:43.580] [THREAT      ] Track ID:5 - HIGH
    frame: 946
    track_id: 5
    distance: 135.1 px
    threat_level: HIGH
    pattern: turning
    speed: 5.2 px/f
    uncertainty: ±26.8 px
    evasion_point: (662, 572)
    commands: ⚠️ EVADE NOW!, EVADE DOWN, PERPENDICULAR, FULL THROTTLE
[2026-05-12 19:29:43.625] [DETECTION   ] Drone detected
    frame: 947
    bbox: [np.int64(634), np.int64(183), np.int64(948), np.int64(384)]
    confidence: 0.89
    class: 0
[2026-05-12 19:29:43.626] [DETECTION   ] Drone detected
    frame: 947
    bbox: [np.int64(1003), np.int64(126), np.int64(1280), np.int64(303)]
    confidence: 0.85
    class: 0
[2026-05-12 19:29:43.670] [TRACK       ] Track ID:4
    frame: 947
    track_id: 4
    position: (1140, 211)
    velocity: (-2.5, -0.2)
    speed: 2.5 px/f
    hits: 65
[2026-05-12 19:29:43.670] [TRACK       ] Track ID:5
    frame: 947
    track_id: 5
    position: (789, 280)
    velocity: (-5.5, 0.0)
    speed: 5.5 px/f
    hits: 64
[2026-05-12 19:29:43.670] [FRAME       ] Frame 947 processed
    frame: 947
    detections: 2
    tracks: 2
[2026-05-12 19:29:43.670] [THREAT      ] Track ID:5 - CRITICAL
    frame: 947
    track_id: 5
    distance: 82.5 px
    threat_level: CRITICAL
    pattern: turning
    speed: 5.5 px/f
    uncertainty: ±25.4 px
    evasion_point: (691, 566)
    commands: ⚠️ EVADE NOW!, EVADE RIGHT, EVADE DOWN, PERPENDICULAR, FULL THROTTLE
[2026-05-12 19:29:43.717] [DETECTION   ] Drone detected
    frame: 948
    bbox: [np.int64(633), np.int64(201), np.int64(943), np.int64(391)]
    confidence: 0.87
    class: 0
[2026-05-12 19:29:43.717] [DETECTION   ] Drone detected
    frame: 948
    bbox: [np.int64(997), np.int64(143), np.int64(1280), np.int64(313)]
    confidence: 0.85
    class: 0
[2026-05-12 19:29:43.761] [TRACK       ] Track ID:4
    frame: 948
    track_id: 4
    position: (1137, 221)
    velocity: (-2.5, 3.5)
    speed: 4.3 px/f
    hits: 66
[2026-05-12 19:29:43.761] [TRACK       ] Track ID:5
    frame: 948
    track_id: 5
    position: (785, 289)
    velocity: (-5.8, 3.8)
    speed: 6.9 px/f
    hits: 65
[2026-05-12 19:29:43.761] [FRAME       ] Frame 948 processed
    frame: 948
    detections: 2
    tracks: 2
[2026-05-12 19:29:43.762] [THREAT      ] Track ID:5 - CRITICAL
    frame: 948
    track_id: 5
    distance: 19.8 px
    threat_level: CRITICAL
    pattern: turning
    speed: 6.9 px/f
    uncertainty: ±21.8 px
    evasion_point: (535, 176)
    commands: ⚠️ EVADE NOW!, EVADE LEFT, EVADE UP, PERPENDICULAR, FULL THROTTLE
[2026-05-12 19:29:43.809] [DETECTION   ] Drone detected
    frame: 949
    bbox: [np.int64(637), np.int64(199), np.int64(955), np.int64(389)]
    confidence: 0.88
    class: 0
[2026-05-12 19:29:43.810] [DETECTION   ] Drone detected
    frame: 949
    bbox: [np.int64(997), np.int64(139), np.int64(1280), np.int64(308)]
    confidence: 0.86
    class: 0
[2026-05-12 19:29:43.854] [TRACK       ] Track ID:4
    frame: 949
    track_id: 4
    position: (1136, 222)
    velocity: (-2.2, 4.0)
    speed: 4.6 px/f
    hits: 67
[2026-05-12 19:29:43.854] [TRACK       ] Track ID:5
    frame: 949
    track_id: 5
    position: (790, 292)
    velocity: (-3.0, 4.2)
    speed: 5.2 px/f
    hits: 66
[2026-05-12 19:29:43.854] [FRAME       ] Frame 949 processed
    frame: 949
    detections: 2
    tracks: 2
[2026-05-12 19:29:43.855] [THREAT      ] Track ID:5 - CRITICAL
    frame: 949
    track_id: 5
    distance: 86.4 px
    threat_level: CRITICAL
    pattern: turning
    speed: 5.2 px/f
    uncertainty: ±25.8 px
    evasion_point: (504, 195)
    commands: ⚠️ EVADE NOW!, EVADE LEFT, EVADE UP, PERPENDICULAR, FULL THROTTLE
[2026-05-12 19:29:43.904] [DETECTION   ] Drone detected
    frame: 950
    bbox: [np.int64(636), np.int64(199), np.int64(954), np.int64(388)]
    confidence: 0.88
    class: 0
[2026-05-12 19:29:43.904] [DETECTION   ] Drone detected
    frame: 950
    bbox: [np.int64(997), np.int64(140), np.int64(1280), np.int64(307)]
    confidence: 0.85
    class: 0
[2026-05-12 19:29:43.948] [TRACK       ] Track ID:4
    frame: 950
    track_id: 4
    position: (1136, 222)
    velocity: (-1.2, 3.5)
    speed: 3.7 px/f
    hits: 68
[2026-05-12 19:29:43.948] [TRACK       ] Track ID:5
    frame: 950
    track_id: 5
    position: (791, 293)
    velocity: (-0.8, 4.2)
    speed: 4.3 px/f
    hits: 67
[2026-05-12 19:29:43.948] [FRAME       ] Frame 950 processed
    frame: 950
    detections: 2
    tracks: 2
[2026-05-12 19:29:43.949] [THREAT      ] Track ID:5 - HIGH
    frame: 950
    track_id: 5
    distance: 155.3 px
    threat_level: HIGH
    pattern: turning
    speed: 4.3 px/f
    uncertainty: ±29.1 px
    evasion_point: (471, 227)
    commands: EVADE LEFT, EVADE UP, PERPENDICULAR, FULL THROTTLE
[2026-05-12 19:29:43.993] [DETECTION   ] Drone detected
    frame: 951
    bbox: [np.int64(992), np.int64(131), np.int64(1280), np.int64(304)]
    confidence: 0.88
    class: 0
[2026-05-12 19:29:43.993] [DETECTION   ] Drone detected
    frame: 951
    bbox: [np.int64(625), np.int64(195), np.int64(944), np.int64(379)]
    confidence: 0.87
    class: 0
[2026-05-12 19:29:44.037] [TRACK       ] Track ID:4
    frame: 951
    track_id: 4
    position: (1135, 218)
    velocity: (-1.2, 1.8)
    speed: 2.2 px/f
    hits: 69
[2026-05-12 19:29:44.037] [TRACK       ] Track ID:5
    frame: 951
    track_id: 5
    position: (785, 289)
    velocity: (-1.0, 2.2)
    speed: 2.5 px/f
    hits: 68
[2026-05-12 19:29:44.037] [FRAME       ] Frame 951 processed
    frame: 951
    detections: 2
    tracks: 2
[2026-05-12 19:29:44.037] [THREAT      ] Track ID:5 - CRITICAL
    frame: 951
    track_id: 5
    distance: 110.3 px
    threat_level: CRITICAL
    pattern: turning
    speed: 2.5 px/f
    uncertainty: ±42.8 px
    evasion_point: (480, 206)
    commands: ⚠️ EVADE NOW!, EVADE LEFT, EVADE UP, PERPENDICULAR
[2026-05-12 19:29:44.084] [DETECTION   ] Drone detected
    frame: 952
    bbox: [np.int64(987), np.int64(130), np.int64(1279), np.int64(306)]
    confidence: 0.87
    class: 0
[2026-05-12 19:29:44.084] [DETECTION   ] Drone detected
    frame: 952
    bbox: [np.int64(621), np.int64(195), np.int64(939), np.int64(381)]
    confidence: 0.87
    class: 0
[2026-05-12 19:29:44.128] [TRACK       ] Track ID:4
    frame: 952
    track_id: 4
    position: (1132, 218)
    velocity: (-1.2, -0.8)
    speed: 1.5 px/f
    hits: 70
[2026-05-12 19:29:44.128] [TRACK       ] Track ID:5
    frame: 952
    track_id: 5
    position: (780, 288)
    velocity: (-1.2, -0.2)
    speed: 1.3 px/f
    hits: 69
[2026-05-12 19:29:44.128] [FRAME       ] Frame 952 processed
    frame: 952
    detections: 2
    tracks: 2
[2026-05-12 19:29:44.128] [THREAT      ] Track ID:5 - CRITICAL
    frame: 952
    track_id: 5
    distance: 98.2 px
    threat_level: CRITICAL
    pattern: turning
    speed: 1.3 px/f
    uncertainty: ±60.0 px
    evasion_point: (604, 587)
    commands: ⚠️ EVADE NOW!, EVADE DOWN, PERPENDICULAR
[2026-05-12 19:29:44.177] [DETECTION   ] Drone detected
    frame: 953
    bbox: [np.int64(620), np.int64(199), np.int64(939), np.int64(388)]
    confidence: 0.87
    class: 0
[2026-05-12 19:29:44.177] [DETECTION   ] Drone detected
    frame: 953
    bbox: [np.int64(981), np.int64(135), np.int64(1279), np.int64(314)]
    confidence: 0.86
    class: 0
[2026-05-12 19:29:44.221] [TRACK       ] Track ID:4
    frame: 953
    track_id: 4
    position: (1129, 221)
    velocity: (-1.8, -0.2)
    speed: 1.8 px/f
    hits: 71
[2026-05-12 19:29:44.221] [TRACK       ] Track ID:5
    frame: 953
    track_id: 5
    position: (777, 291)
    velocity: (-3.2, -0.2)
    speed: 3.3 px/f
    hits: 70
[2026-05-12 19:29:44.221] [FRAME       ] Frame 953 processed
    frame: 953
    detections: 2
    tracks: 2
[2026-05-12 19:29:44.222] [THREAT      ] Track ID:5 - CRITICAL
    frame: 953
    track_id: 5
    distance: 82.3 px
    threat_level: CRITICAL
    pattern: turning
    speed: 3.3 px/f
    uncertainty: ±33.5 px
    evasion_point: (681, 572)
    commands: ⚠️ EVADE NOW!, EVADE DOWN, PERPENDICULAR
[2026-05-12 19:29:44.271] [DETECTION   ] Drone detected
    frame: 954
    bbox: [np.int64(992), np.int64(143), np.int64(1280), np.int64(314)]
    confidence: 0.87
    class: 0
[2026-05-12 19:29:44.271] [DETECTION   ] Drone detected
    frame: 954
    bbox: [np.int64(627), np.int64(199), np.int64(935), np.int64(389)]
    confidence: 0.86
    class: 0
[2026-05-12 19:29:44.314] [TRACK       ] Track ID:4
    frame: 954
    track_id: 4
    position: (1133, 225)
    velocity: (-0.8, 0.8)
    speed: 1.1 px/f
    hits: 72
[2026-05-12 19:29:44.315] [TRACK       ] Track ID:5
    frame: 954
    track_id: 5
    position: (778, 292)
    velocity: (-3.2, -0.2)
    speed: 3.3 px/f
    hits: 71
[2026-05-12 19:29:44.315] [FRAME       ] Frame 954 processed
    frame: 954
    detections: 2
    tracks: 2
[2026-05-12 19:29:44.315] [THREAT      ] Track ID:5 - CRITICAL
    frame: 954
    track_id: 5
    distance: 81.3 px
    threat_level: CRITICAL
    pattern: unknown
    speed: 3.3 px/f
    uncertainty: ±57.2 px
    evasion_point: (683, 584)
    commands: ⚠️ EVADE NOW!, EVADE DOWN
[2026-05-12 19:29:44.362] [DETECTION   ] Drone detected
    frame: 955
    bbox: [np.int64(627), np.int64(198), np.int64(938), np.int64(388)]
    confidence: 0.88
    class: 0
[2026-05-12 19:29:44.362] [DETECTION   ] Drone detected
    frame: 955
    bbox: [np.int64(992), np.int64(142), np.int64(1280), np.int64(314)]
    confidence: 0.86
    class: 0
[2026-05-12 19:29:44.406] [TRACK       ] Track ID:4
    frame: 955
    track_id: 4
    position: (1133, 227)
    velocity: (-0.5, 2.2)
    speed: 2.3 px/f
    hits: 73
[2026-05-12 19:29:44.407] [TRACK       ] Track ID:5
    frame: 955
    track_id: 5
    position: (779, 293)
    velocity: (-1.5, 1.0)
    speed: 1.8 px/f
    hits: 72
[2026-05-12 19:29:44.407] [FRAME       ] Frame 955 processed
    frame: 955
    detections: 2
    tracks: 2
[2026-05-12 19:29:44.407] [THREAT      ] Track ID:5 - CRITICAL
    frame: 955
    track_id: 5
    distance: 21.4 px
    threat_level: CRITICAL
    pattern: turning
    speed: 1.8 px/f
    uncertainty: ±52.8 px
    evasion_point: (527, 163)
    commands: ⚠️ EVADE NOW!, EVADE LEFT, EVADE UP, PERPENDICULAR
[2026-05-12 19:29:44.452] [DETECTION   ] Drone detected
    frame: 956
    bbox: [np.int64(628), np.int64(198), np.int64(942), np.int64(388)]
    confidence: 0.88
    class: 0
[2026-05-12 19:29:44.452] [DETECTION   ] Drone detected
    frame: 956
    bbox: [np.int64(993), np.int64(141), np.int64(1280), np.int64(315)]
    confidence: 0.86
    class: 0
[2026-05-12 19:29:44.496] [TRACK       ] Track ID:4
    frame: 956
    track_id: 4
    position: (1135, 227)
    velocity: (0.8, 2.2)
    speed: 2.4 px/f
    hits: 74
[2026-05-12 19:29:44.497] [TRACK       ] Track ID:5
    frame: 956
    track_id: 5
    position: (781, 293)
    velocity: (0.2, 1.2)
    speed: 1.3 px/f
    hits: 73
[2026-05-12 19:29:44.497] [FRAME       ] Frame 956 processed
    frame: 956
    detections: 2
    tracks: 2
[2026-05-12 19:29:44.497] [THREAT      ] Track ID:5 - HIGH
    frame: 956
    track_id: 5
    distance: 175.8 px
    threat_level: HIGH
    pattern: turning
    speed: 1.3 px/f
    uncertainty: ±60.0 px
    evasion_point: (422, 284)
    commands: EVADE LEFT, EVADE UP, PERPENDICULAR
[2026-05-12 19:29:44.547] [DETECTION   ] Drone detected
    frame: 957
    bbox: [np.int64(997), np.int64(129), np.int64(1280), np.int64(305)]
    confidence: 0.88
    class: 0
[2026-05-12 19:29:44.547] [DETECTION   ] Drone detected
    frame: 957
    bbox: [np.int64(629), np.int64(189), np.int64(940), np.int64(382)]
    confidence: 0.87
    class: 0
[2026-05-12 19:29:44.590] [TRACK       ] Track ID:4
    frame: 957
    track_id: 4
    position: (1136, 220)
    velocity: (1.8, -0.2)
    speed: 1.8 px/f
    hits: 75
[2026-05-12 19:29:44.591] [TRACK       ] Track ID:5
    frame: 957
    track_id: 5
    position: (782, 288)
    velocity: (1.2, -0.8)
    speed: 1.5 px/f
    hits: 74
[2026-05-12 19:29:44.591] [FRAME       ] Frame 957 processed
    frame: 957
    detections: 2
    tracks: 2
[2026-05-12 19:29:44.591] [THREAT      ] Track ID:5 - MEDIUM
    frame: 957
    track_id: 5
    distance: 304.8 px
    threat_level: MEDIUM
    pattern: turning
    speed: 1.5 px/f
    uncertainty: ±60.0 px
    evasion_point: (438, 470)
    commands: EVADE LEFT, EVADE DOWN, PERPENDICULAR
[2026-05-12 19:29:44.638] [DETECTION   ] Drone detected
    frame: 958
    bbox: [np.int64(994), np.int64(125), np.int64(1279), np.int64(300)]
    confidence: 0.88
    class: 0
[2026-05-12 19:29:44.638] [DETECTION   ] Drone detected
    frame: 958
    bbox: [np.int64(628), np.int64(186), np.int64(943), np.int64(382)]
    confidence: 0.87
    class: 0
[2026-05-12 19:29:44.683] [TRACK       ] Track ID:4
    frame: 958
    track_id: 4
    position: (1135, 214)
    velocity: (0.5, -2.8)
    speed: 2.8 px/f
    hits: 76
[2026-05-12 19:29:44.683] [TRACK       ] Track ID:5
    frame: 958
    track_id: 5
    position: (783, 284)
    velocity: (1.2, -2.0)
    speed: 2.4 px/f
    hits: 75
[2026-05-12 19:29:44.683] [FRAME       ] Frame 958 processed
    frame: 958
    detections: 2
    tracks: 2
[2026-05-12 19:29:44.683] [THREAT      ] Track ID:5 - MEDIUM
    frame: 958
    track_id: 5
    distance: 312.8 px
    threat_level: MEDIUM
    pattern: turning
    speed: 2.4 px/f
    uncertainty: ±44.3 px
    evasion_point: (477, 511)
    commands: EVADE LEFT, EVADE DOWN, PERPENDICULAR
[2026-05-12 19:29:44.729] [DETECTION   ] Drone detected
    frame: 959
    bbox: [np.int64(993), np.int64(125), np.int64(1280), np.int64(304)]
    confidence: 0.89
    class: 0
[2026-05-12 19:29:44.730] [DETECTION   ] Drone detected
    frame: 959
    bbox: [np.int64(632), np.int64(189), np.int64(948), np.int64(370)]
    confidence: 0.87
    class: 0
[2026-05-12 19:29:44.772] [TRACK       ] Track ID:4
    frame: 959
    track_id: 4
    position: (1135, 214)
    velocity: (0.5, -3.2)
    speed: 3.3 px/f
    hits: 77
[2026-05-12 19:29:44.773] [TRACK       ] Track ID:5
    frame: 959
    track_id: 5
    position: (787, 281)
    velocity: (2.0, -3.0)
    speed: 3.6 px/f
    hits: 76
[2026-05-12 19:29:44.773] [FRAME       ] Frame 959 processed
    frame: 959
    detections: 2
    tracks: 2
[2026-05-12 19:29:44.773] [THREAT      ] Track ID:5 - MEDIUM
    frame: 959
    track_id: 5
    distance: 323.8 px
    threat_level: MEDIUM
    pattern: turning
    speed: 3.6 px/f
    uncertainty: ±33.1 px
    evasion_point: (479, 505)
    commands: EVADE LEFT, EVADE DOWN, PERPENDICULAR
[2026-05-12 19:29:44.821] [DETECTION   ] Drone detected
    frame: 960
    bbox: [np.int64(991), np.int64(127), np.int64(1279), np.int64(306)]
    confidence: 0.87
    class: 0
[2026-05-12 19:29:44.821] [DETECTION   ] Drone detected
    frame: 960
    bbox: [np.int64(633), np.int64(189), np.int64(947), np.int64(371)]
    confidence: 0.87
    class: 0
[2026-05-12 19:29:44.865] [TRACK       ] Track ID:4
    frame: 960
    track_id: 4
    position: (1134, 215)
    velocity: (-0.2, -3.0)
    speed: 3.0 px/f
    hits: 78
[2026-05-12 19:29:44.865] [TRACK       ] Track ID:5
    frame: 960
    track_id: 5
    position: (788, 279)
    velocity: (1.8, -3.5)
    speed: 3.9 px/f
    hits: 77
[2026-05-12 19:29:44.865] [FRAME       ] Frame 960 processed
    frame: 960
    detections: 2
    tracks: 2
[2026-05-12 19:29:44.865] [THREAT      ] Track ID:5 - MEDIUM
    frame: 960
    track_id: 5
    distance: 322.0 px
    threat_level: MEDIUM
    pattern: turning
    speed: 3.9 px/f
    uncertainty: ±31.6 px
    evasion_point: (490, 515)
    commands: EVADE LEFT, EVADE DOWN, PERPENDICULAR
[2026-05-12 19:29:44.874] [STATS       ] Performance stats
    fps: 10.9
    processing_time: 2740.7 ms
[2026-05-12 19:29:44.911] [DETECTION   ] Drone detected
    frame: 961
    bbox: [np.int64(990), np.int64(133), np.int64(1280), np.int64(312)]
    confidence: 0.88
    class: 0
[2026-05-12 19:29:44.911] [DETECTION   ] Drone detected
    frame: 961
    bbox: [np.int64(628), np.int64(196), np.int64(942), np.int64(386)]
    confidence: 0.86
    class: 0
[2026-05-12 19:29:44.955] [TRACK       ] Track ID:4
    frame: 961
    track_id: 4
    position: (1134, 219)
    velocity: (-0.5, -0.2)
    speed: 0.6 px/f
    hits: 79
[2026-05-12 19:29:44.956] [TRACK       ] Track ID:5
    frame: 961
    track_id: 5
    position: (785, 286)
    velocity: (0.8, -0.5)
    speed: 0.9 px/f
    hits: 78
[2026-05-12 19:29:44.956] [FRAME       ] Frame 961 processed
    frame: 961
    detections: 2
    tracks: 2
[2026-05-12 19:29:44.956] [THREAT      ] Track ID:5 - HIGH
    frame: 961
    track_id: 5
    distance: 252.5 px
    threat_level: HIGH
    pattern: turning
    speed: 0.9 px/f
    uncertainty: ±60.0 px
    evasion_point: (439, 472)
    commands: EVADE LEFT, EVADE DOWN, PERPENDICULAR
[2026-05-12 19:29:45.001] [DETECTION   ] Drone detected
    frame: 962
    bbox: [np.int64(991), np.int64(133), np.int64(1280), np.int64(310)]
    confidence: 0.88
    class: 0
[2026-05-12 19:29:45.002] [DETECTION   ] Drone detected
    frame: 962
    bbox: [np.int64(631), np.int64(196), np.int64(944), np.int64(385)]
    confidence: 0.86
    class: 0
[2026-05-12 19:29:45.045] [TRACK       ] Track ID:4
    frame: 962
    track_id: 4
    position: (1134, 220)
    velocity: (-0.2, 1.5)
    speed: 1.5 px/f
    hits: 80
[2026-05-12 19:29:45.045] [TRACK       ] Track ID:5
    frame: 962
    track_id: 5
    position: (786, 289)
    velocity: (0.8, 1.2)
    speed: 1.5 px/f
    hits: 79
[2026-05-12 19:29:45.045] [FRAME       ] Frame 962 processed
    frame: 962
    detections: 2
    tracks: 2
[2026-05-12 19:29:45.045] [THREAT      ] Track ID:5 - HIGH
    frame: 962
    track_id: 5
    distance: 227.5 px
    threat_level: HIGH
    pattern: turning
    speed: 1.5 px/f
    uncertainty: ±60.0 px
    evasion_point: (416, 305)
    commands: EVADE LEFT, EVADE UP, PERPENDICULAR
[2026-05-12 19:29:45.095] [DETECTION   ] Drone detected
    frame: 963
    bbox: [np.int64(636), np.int64(204), np.int64(956), np.int64(393)]
    confidence: 0.87
    class: 0
[2026-05-12 19:29:45.096] [DETECTION   ] Drone detected
    frame: 963
    bbox: [np.int64(1001), np.int64(146), np.int64(1280), np.int64(313)]
    confidence: 0.86
    class: 0
[2026-05-12 19:29:45.139] [TRACK       ] Track ID:4
    frame: 963
    track_id: 4
    position: (1138, 226)
    velocity: (0.8, 3.0)
    speed: 3.1 px/f
    hits: 81
[2026-05-12 19:29:45.140] [TRACK       ] Track ID:5
    frame: 963
    track_id: 5
    position: (791, 294)
    velocity: (1.0, 3.2)
    speed: 3.4 px/f
    hits: 80
[2026-05-12 19:29:45.140] [FRAME       ] Frame 963 processed
    frame: 963
    detections: 2
    tracks: 2
[2026-05-12 19:29:45.140] [THREAT      ] Track ID:5 - HIGH
    frame: 963
    track_id: 5
    distance: 219.5 px
    threat_level: HIGH
    pattern: turning
    speed: 3.4 px/f
    uncertainty: ±34.2 px
    evasion_point: (442, 269)
    commands: EVADE LEFT, EVADE UP, PERPENDICULAR
[2026-05-12 19:29:45.185] [DETECTION   ] Drone detected
    frame: 964
    bbox: [np.int64(638), np.int64(205), np.int64(957), np.int64(392)]
    confidence: 0.87
    class: 0
[2026-05-12 19:29:45.185] [DETECTION   ] Drone detected
    frame: 964
    bbox: [np.int64(1004), np.int64(146), np.int64(1280), np.int64(315)]
    confidence: 0.85
    class: 0
[2026-05-12 19:29:45.229] [TRACK       ] Track ID:4
    frame: 964
    track_id: 4
    position: (1140, 229)
    velocity: (1.5, 3.5)
    speed: 3.8 px/f
    hits: 82
[2026-05-12 19:29:45.229] [TRACK       ] Track ID:5
    frame: 964
    track_id: 5
    position: (795, 297)
    velocity: (1.8, 4.5)
    speed: 4.8 px/f
    hits: 81
[2026-05-12 19:29:45.229] [FRAME       ] Frame 964 processed
    frame: 964
    detections: 2
    tracks: 2
[2026-05-12 19:29:45.230] [THREAT      ] Track ID:5 - MEDIUM
    frame: 964
    track_id: 5
    distance: 234.8 px
    threat_level: MEDIUM
    pattern: turning
    speed: 4.8 px/f
    uncertainty: ±27.3 px
    evasion_point: (443, 275)
    commands: EVADE LEFT, EVADE UP, PERPENDICULAR, FULL THROTTLE
[2026-05-12 19:29:45.272] [DETECTION   ] Drone detected
    frame: 965
    bbox: [np.int64(1017), np.int64(146), np.int64(1279), np.int64(320)]
    confidence: 0.88
    class: 0
[2026-05-12 19:29:45.272] [DETECTION   ] Drone detected
    frame: 965
    bbox: [np.int64(645), np.int64(211), np.int64(980), np.int64(399)]
    confidence: 0.87
    class: 0
[2026-05-12 19:29:45.318] [TRACK       ] Track ID:4
    frame: 965
    track_id: 4
    position: (1145, 231)
    velocity: (2.8, 3.0)
    speed: 4.1 px/f
    hits: 83
[2026-05-12 19:29:45.318] [TRACK       ] Track ID:5
    frame: 965
    track_id: 5
    position: (806, 302)
    velocity: (5.2, 4.0)
    speed: 6.6 px/f
    hits: 82
[2026-05-12 19:29:45.318] [FRAME       ] Frame 965 processed
    frame: 965
    detections: 2
    tracks: 2
[2026-05-12 19:29:45.318] [THREAT      ] Track ID:5 - MEDIUM
    frame: 965
    track_id: 5
    distance: 309.7 px
    threat_level: MEDIUM
    pattern: turning
    speed: 6.6 px/f
    uncertainty: ±23.3 px
    evasion_point: (430, 326)
    commands: EVADE LEFT, PERPENDICULAR, FULL THROTTLE
[2026-05-12 19:29:45.368] [DETECTION   ] Drone detected
    frame: 966
    bbox: [np.int64(1021), np.int64(149), np.int64(1280), np.int64(317)]
    confidence: 0.88
    class: 0
[2026-05-12 19:29:45.368] [DETECTION   ] Drone detected
    frame: 966
    bbox: [np.int64(648), np.int64(203), np.int64(972), np.int64(390)]
    confidence: 0.88
    class: 0
[2026-05-12 19:29:45.411] [TRACK       ] Track ID:4
    frame: 966
    track_id: 4
    position: (1148, 232)
    velocity: (3.5, 3.0)
    speed: 4.6 px/f
    hits: 84
[2026-05-12 19:29:45.411] [TRACK       ] Track ID:5
    frame: 966
    track_id: 5
    position: (809, 298)
    velocity: (5.8, 2.2)
    speed: 6.2 px/f
    hits: 83
[2026-05-12 19:29:45.411] [FRAME       ] Frame 966 processed
    frame: 966
    detections: 2
    tracks: 2
[2026-05-12 19:29:45.412] [THREAT      ] Track ID:5 - LOW
    frame: 966
    track_id: 5
    distance: 336.7 px
    threat_level: LOW
    pattern: turning
    speed: 6.2 px/f
    uncertainty: ±24.6 px
    evasion_point: (427, 357)
    commands: EVADE LEFT, PERPENDICULAR, FULL THROTTLE
[2026-05-12 19:29:45.458] [DETECTION   ] Drone detected
    frame: 967
    bbox: [np.int64(645), np.int64(202), np.int64(966), np.int64(387)]
    confidence: 0.87
    class: 0
[2026-05-12 19:29:45.458] [DETECTION   ] Drone detected
    frame: 967
    bbox: [np.int64(1015), np.int64(144), np.int64(1280), np.int64(312)]
    confidence: 0.87
    class: 0
[2026-05-12 19:29:45.501] [TRACK       ] Track ID:4
    frame: 967
    track_id: 4
    position: (1147, 229)
    velocity: (2.2, 0.8)
    speed: 2.4 px/f
    hits: 85
[2026-05-12 19:29:45.502] [TRACK       ] Track ID:5
    frame: 967
    track_id: 5
    position: (807, 296)
    velocity: (4.0, 0.5)
    speed: 4.0 px/f
    hits: 84
[2026-05-12 19:29:45.502] [FRAME       ] Frame 967 processed
    frame: 967
    detections: 2
    tracks: 2
[2026-05-12 19:29:45.502] [THREAT      ] Track ID:5 - LOW
    frame: 967
    track_id: 5
    distance: 347.0 px
    threat_level: LOW
    pattern: turning
    speed: 4.0 px/f
    uncertainty: ±32.2 px
    evasion_point: (425, 386)
    commands: EVADE LEFT, PERPENDICULAR, FULL THROTTLE
[2026-05-12 19:29:45.553] [DETECTION   ] Drone detected
    frame: 968
    bbox: [np.int64(657), np.int64(200), np.int64(970), np.int64(385)]
    confidence: 0.87
    class: 0
[2026-05-12 19:29:45.553] [DETECTION   ] Drone detected
    frame: 968
    bbox: [np.int64(1023), np.int64(136), np.int64(1280), np.int64(313)]
    confidence: 0.86
    class: 0
[2026-05-12 19:29:45.598] [TRACK       ] Track ID:4
    frame: 968
    track_id: 4
    position: (1150, 226)
    velocity: (2.5, -0.8)
    speed: 2.6 px/f
    hits: 86
[2026-05-12 19:29:45.598] [TRACK       ] Track ID:5
    frame: 968
    track_id: 5
    position: (811, 293)
    velocity: (4.0, -1.0)
    speed: 4.1 px/f
    hits: 85
[2026-05-12 19:29:45.598] [FRAME       ] Frame 968 processed
    frame: 968
    detections: 2
    tracks: 2
[2026-05-12 19:29:45.598] [THREAT      ] Track ID:5 - LOW
    frame: 968
    track_id: 5
    distance: 366.6 px
    threat_level: LOW
    pattern: turning
    speed: 4.1 px/f
    uncertainty: ±32.3 px
    evasion_point: (434, 425)
    commands: EVADE LEFT, EVADE DOWN, PERPENDICULAR, FULL THROTTLE
[2026-05-12 19:29:45.643] [DETECTION   ] Drone detected
    frame: 969
    bbox: [np.int64(658), np.int64(199), np.int64(976), np.int64(386)]
    confidence: 0.88
    class: 0
[2026-05-12 19:29:45.643] [DETECTION   ] Drone detected
    frame: 969
    bbox: [np.int64(1025), np.int64(142), np.int64(1280), np.int64(314)]
    confidence: 0.87
    class: 0
[2026-05-12 19:29:45.686] [TRACK       ] Track ID:4
    frame: 969
    track_id: 4
    position: (1151, 227)
    velocity: (1.5, -1.0)
    speed: 1.8 px/f
    hits: 87
[2026-05-12 19:29:45.686] [TRACK       ] Track ID:5
    frame: 969
    track_id: 5
    position: (815, 292)
    velocity: (2.2, -2.5)
    speed: 3.4 px/f
    hits: 86
[2026-05-12 19:29:45.687] [FRAME       ] Frame 969 processed
    frame: 969
    detections: 2
    tracks: 2
[2026-05-12 19:29:45.687] [THREAT      ] Track ID:5 - LOW
    frame: 969
    track_id: 5
    distance: 365.3 px
    threat_level: LOW
    pattern: turning
    speed: 3.4 px/f
    uncertainty: ±37.9 px
    evasion_point: (459, 484)
    commands: EVADE LEFT, EVADE DOWN, PERPENDICULAR
[2026-05-12 19:29:45.737] [DETECTION   ] Drone detected
    frame: 970
    bbox: [np.int64(669), np.int64(184), np.int64(979), np.int64(375)]
    confidence: 0.89
    class: 0
[2026-05-12 19:29:45.737] [DETECTION   ] Drone detected
    frame: 970
    bbox: [np.int64(1031), np.int64(121), np.int64(1279), np.int64(302)]
    confidence: 0.85
    class: 0
[2026-05-12 19:29:45.780] [TRACK       ] Track ID:4
    frame: 970
    track_id: 4
    position: (1153, 216)
    velocity: (1.2, -4.0)
    speed: 4.2 px/f
    hits: 88
[2026-05-12 19:29:45.780] [TRACK       ] Track ID:5
    frame: 970
    track_id: 5
    position: (821, 283)
    velocity: (3.0, -3.8)
    speed: 4.8 px/f
    hits: 87
[2026-05-12 19:29:45.781] [FRAME       ] Frame 970 processed
    frame: 970
    detections: 2
    tracks: 2
[2026-05-12 19:29:45.781] [THREAT      ] Track ID:5 - LOW
    frame: 970
    track_id: 5
    distance: 381.5 px
    threat_level: LOW
    pattern: turning
    speed: 4.8 px/f
    uncertainty: ±30.5 px
    evasion_point: (468, 490)
    commands: EVADE LEFT, EVADE DOWN, PERPENDICULAR, FULL THROTTLE
[2026-05-12 19:29:45.830] [DETECTION   ] Drone detected
    frame: 971
    bbox: [np.int64(682), np.int64(182), np.int64(1001), np.int64(377)]
    confidence: 0.89
    class: 0
[2026-05-12 19:29:45.830] [DETECTION   ] Drone detected
    frame: 971
    bbox: [np.int64(1047), np.int64(116), np.int64(1280), np.int64(300)]
    confidence: 0.84
    class: 0
[2026-05-12 19:29:45.873] [TRACK       ] Track ID:4
    frame: 971
    track_id: 4
    position: (1160, 210)
    velocity: (3.2, -4.8)
    speed: 5.8 px/f
    hits: 89
[2026-05-12 19:29:45.873] [TRACK       ] Track ID:5
    frame: 971
    track_id: 5
    position: (835, 280)
    velocity: (7.0, -4.0)
    speed: 8.1 px/f
    hits: 88
[2026-05-12 19:29:45.873] [FRAME       ] Frame 971 processed
    frame: 971
    detections: 2
    tracks: 2
[2026-05-12 19:29:45.873] [THREAT      ] Track ID:5 - LOW
    frame: 971
    track_id: 5
    distance: 420.7 px
    threat_level: LOW
    pattern: turning
    speed: 8.1 px/f
    uncertainty: ±23.1 px
    evasion_point: (449, 452)
    commands: EVADE LEFT, EVADE DOWN, PERPENDICULAR, FULL THROTTLE
[2026-05-12 19:29:45.920] [DETECTION   ] Drone detected
    frame: 972
    bbox: [np.int64(690), np.int64(184), np.int64(1005), np.int64(362)]
    confidence: 0.88
    class: 0
[2026-05-12 19:29:45.920] [DETECTION   ] Drone detected
    frame: 972
    bbox: [np.int64(1050), np.int64(114), np.int64(1280), np.int64(302)]
    confidence: 0.86
    class: 0
[2026-05-12 19:29:45.965] [TRACK       ] Track ID:4
    frame: 972
    track_id: 4
    position: (1164, 208)
    velocity: (3.5, -4.5)
    speed: 5.7 px/f
    hits: 90
[2026-05-12 19:29:45.965] [TRACK       ] Track ID:5
    frame: 972
    track_id: 5
    position: (844, 274)
    velocity: (8.2, -4.8)
    speed: 9.5 px/f
    hits: 89
[2026-05-12 19:29:45.965] [FRAME       ] Frame 972 processed
    frame: 972
    detections: 2
    tracks: 2
[2026-05-12 19:29:45.965] [THREAT      ] Track ID:5 - LOW
    frame: 972
    track_id: 5
    distance: 441.9 px
    threat_level: LOW
    pattern: turning
    speed: 9.5 px/f
    uncertainty: ±21.6 px
    evasion_point: (451, 453)
    commands: EVADE LEFT, EVADE DOWN, PERPENDICULAR, FULL THROTTLE
[2026-05-12 19:29:46.016] [DETECTION   ] Drone detected
    frame: 973
    bbox: [np.int64(1059), np.int64(134), np.int64(1280), np.int64(308)]
    confidence: 0.87
    class: 0
[2026-05-12 19:29:46.016] [DETECTION   ] Drone detected
    frame: 973
    bbox: [np.int64(696), np.int64(195), np.int64(1001), np.int64(382)]
    confidence: 0.86
    class: 0
[2026-05-12 19:29:46.059] [TRACK       ] Track ID:4
    frame: 973
    track_id: 4
    position: (1168, 215)
    velocity: (4.2, -3.0)
    speed: 5.2 px/f
    hits: 91
[2026-05-12 19:29:46.059] [TRACK       ] Track ID:5
    frame: 973
    track_id: 5
    position: (848, 283)
    velocity: (8.2, -2.2)
    speed: 8.6 px/f
    hits: 90
[2026-05-12 19:29:46.059] [FRAME       ] Frame 973 processed
    frame: 973
    detections: 2
    tracks: 2
[2026-05-12 19:29:46.060] [THREAT      ] Track ID:5 - LOW
    frame: 973
    track_id: 5
    distance: 443.2 px
    threat_level: LOW
    pattern: turning
    speed: 8.6 px/f
    uncertainty: ±23.0 px
    evasion_point: (438, 424)
    commands: EVADE LEFT, EVADE DOWN, PERPENDICULAR, FULL THROTTLE
[2026-05-12 19:29:46.104] [DETECTION   ] Drone detected
    frame: 974
    bbox: [np.int64(1069), np.int64(147), np.int64(1279), np.int64(317)]
    confidence: 0.88
    class: 0
[2026-05-12 19:29:46.105] [DETECTION   ] Drone detected
    frame: 974
    bbox: [np.int64(707), np.int64(208), np.int64(1010), np.int64(396)]
    confidence: 0.87
    class: 0
[2026-05-12 19:29:46.148] [TRACK       ] Track ID:4
    frame: 974
    track_id: 4
    position: (1172, 225)
    velocity: (4.8, 2.2)
    speed: 5.3 px/f
    hits: 92
[2026-05-12 19:29:46.148] [TRACK       ] Track ID:5
    frame: 974
    track_id: 5
    position: (856, 295)
    velocity: (8.8, 3.0)
    speed: 9.2 px/f
    hits: 91
[2026-05-12 19:29:46.148] [FRAME       ] Frame 974 processed
    frame: 974
    detections: 2
    tracks: 2
[2026-05-12 19:29:46.149] [THREAT      ] Track ID:5 - LOW
    frame: 974
    track_id: 5
    distance: 429.5 px
    threat_level: LOW
    pattern: turning
    speed: 9.2 px/f
    uncertainty: ±22.2 px
    evasion_point: (428, 355)
    commands: EVADE LEFT, PERPENDICULAR, FULL THROTTLE
[2026-05-12 19:29:46.200] [DETECTION   ] Drone detected
    frame: 975
    bbox: [np.int64(1084), np.int64(145), np.int64(1279), np.int64(322)]
    confidence: 0.85
    class: 0
[2026-05-12 19:29:46.200] [DETECTION   ] Drone detected
    frame: 975
    bbox: [np.int64(714), np.int64(208), np.int64(1024), np.int64(389)]
    confidence: 0.84
    class: 0
[2026-05-12 19:29:46.243] [TRACK       ] Track ID:4
    frame: 975
    track_id: 4
    position: (1179, 231)
    velocity: (4.8, 5.2)
    speed: 7.1 px/f
    hits: 93
[2026-05-12 19:29:46.243] [TRACK       ] Track ID:5
    frame: 975
    track_id: 5
    position: (866, 297)
    velocity: (7.8, 4.2)
    speed: 8.8 px/f
    hits: 92
[2026-05-12 19:29:46.243] [FRAME       ] Frame 975 processed
    frame: 975
    detections: 2
    tracks: 2
[2026-05-12 19:29:46.244] [THREAT      ] Track ID:5 - LOW
    frame: 975
    track_id: 5
    distance: 434.6 px
    threat_level: LOW
    pattern: turning
    speed: 8.8 px/f
    uncertainty: ±23.3 px
    evasion_point: (429, 335)
    commands: EVADE LEFT, PERPENDICULAR, FULL THROTTLE
[2026-05-12 19:29:46.290] [DETECTION   ] Drone detected
    frame: 976
    bbox: [np.int64(1084), np.int64(145), np.int64(1279), np.int64(322)]
    confidence: 0.85
    class: 0
[2026-05-12 19:29:46.290] [DETECTION   ] Drone detected
    frame: 976
    bbox: [np.int64(714), np.int64(208), np.int64(1024), np.int64(389)]
    confidence: 0.84
    class: 0
[2026-05-12 19:29:46.332] [TRACK       ] Track ID:4
    frame: 976
    track_id: 4
    position: (1181, 232)
    velocity: (4.2, 6.0)
    speed: 7.4 px/f
    hits: 94
[2026-05-12 19:29:46.333] [TRACK       ] Track ID:5
    frame: 976
    track_id: 5
    position: (869, 298)
    velocity: (6.2, 6.0)
    speed: 8.7 px/f
    hits: 93
[2026-05-12 19:29:46.333] [FRAME       ] Frame 976 processed
    frame: 976
    detections: 2
    tracks: 2
[2026-05-12 19:29:46.333] [THREAT      ] Track ID:5 - LOW
    frame: 976
    track_id: 5
    distance: 413.0 px
    threat_level: LOW
    pattern: turning
    speed: 8.7 px/f
    uncertainty: ±23.7 px
    evasion_point: (434, 307)
    commands: EVADE LEFT, EVADE UP, PERPENDICULAR, FULL THROTTLE
[2026-05-12 19:29:46.384] [DETECTION   ] Drone detected
    frame: 977
    bbox: [np.int64(1069), np.int64(116), np.int64(1280), np.int64(284)]
    confidence: 0.88
    class: 0
[2026-05-12 19:29:46.384] [DETECTION   ] Drone detected
    frame: 977
    bbox: [np.int64(711), np.int64(179), np.int64(1010), np.int64(362)]
    confidence: 0.88
    class: 0
[2026-05-12 19:29:46.429] [TRACK       ] Track ID:4
    frame: 977
    track_id: 4
    position: (1177, 211)
    velocity: (2.2, -1.0)
    speed: 2.5 px/f
    hits: 95
[2026-05-12 19:29:46.429] [TRACK       ] Track ID:5
    frame: 977
    track_id: 5
    position: (864, 280)
    velocity: (4.0, -0.8)
    speed: 4.1 px/f
    hits: 94
[2026-05-12 19:29:46.429] [FRAME       ] Frame 977 processed
    frame: 977
    detections: 2
    tracks: 2
[2026-05-12 19:29:46.430] [THREAT      ] Track ID:5 - LOW
    frame: 977
    track_id: 5
    distance: 474.2 px
    threat_level: LOW
    pattern: turning
    speed: 4.1 px/f
    uncertainty: ±39.2 px
    evasion_point: (428, 417)
    commands: EVADE LEFT, EVADE DOWN, PERPENDICULAR, FULL THROTTLE
[2026-05-12 19:29:46.479] [DETECTION   ] Drone detected
    frame: 978
    bbox: [np.int64(705), np.int64(173), np.int64(1003), np.int64(355)]
    confidence: 0.88
    class: 0
[2026-05-12 19:29:46.480] [DETECTION   ] Drone detected
    frame: 978
    bbox: [np.int64(1062), np.int64(110), np.int64(1279), np.int64(272)]
    confidence: 0.86
    class: 0
[2026-05-12 19:29:46.523] [TRACK       ] Track ID:4
    frame: 978
    track_id: 4
    position: (1173, 196)
    velocity: (0.2, -7.2)
    speed: 7.3 px/f
    hits: 96
[2026-05-12 19:29:46.524] [TRACK       ] Track ID:5
    frame: 978
    track_id: 5
    position: (858, 269)
    velocity: (0.5, -6.5)
    speed: 6.5 px/f
    hits: 95
[2026-05-12 19:29:46.524] [FRAME       ] Frame 978 processed
    frame: 978
    detections: 2
    tracks: 2
[2026-05-12 19:29:46.524] [THREAT      ] Track ID:5 - LOW
    frame: 978
    track_id: 5
    distance: 2192.3 px
    threat_level: LOW
    pattern: accelerating
    speed: 6.5 px/f
    uncertainty: ±24.5 px
    evasion_point: (748, 542)
    commands: EVADE RIGHT, EVADE DOWN, FULL THROTTLE
[2026-05-12 19:29:46.568] [DETECTION   ] Drone detected
    frame: 979
    bbox: [np.int64(701), np.int64(149), np.int64(1009), np.int64(340)]
    confidence: 0.88
    class: 0
[2026-05-12 19:29:46.569] [DETECTION   ] Drone detected
    frame: 979
    bbox: [np.int64(1054), np.int64(88), np.int64(1279), np.int64(251)]
    confidence: 0.84
    class: 0
[2026-05-12 19:29:46.615] [TRACK       ] Track ID:4
    frame: 979
    track_id: 4
    position: (1169, 177)
    velocity: (-2.5, -13.5)
    speed: 13.7 px/f
    hits: 97
[2026-05-12 19:29:46.615] [TRACK       ] Track ID:5
    frame: 979
    track_id: 5
    position: (857, 251)
    velocity: (-2.2, -11.5)
    speed: 11.7 px/f
    hits: 96
[2026-05-12 19:29:46.615] [FRAME       ] Frame 979 processed
    frame: 979
    detections: 2
    tracks: 2
[2026-05-12 19:29:46.616] [THREAT      ] Track ID:5 - LOW
    frame: 979
    track_id: 5
    distance: 1247.8 px
    threat_level: LOW
    pattern: accelerating
    speed: 11.7 px/f
    uncertainty: ±18.3 px
    evasion_point: (701, 559)
    commands: EVADE RIGHT, EVADE DOWN, FULL THROTTLE
[2026-05-12 19:29:46.671] [DETECTION   ] Drone detected
    frame: 980
    bbox: [np.int64(705), np.int64(154), np.int64(1006), np.int64(343)]
    confidence: 0.90
    class: 0
[2026-05-12 19:29:46.671] [DETECTION   ] Drone detected
    frame: 980
    bbox: [np.int64(1059), np.int64(94), np.int64(1280), np.int64(265)]
    confidence: 0.88
    class: 0
[2026-05-12 19:29:46.716] [TRACK       ] Track ID:4
    frame: 980
    track_id: 4
    position: (1169, 177)
    velocity: (-3.0, -13.8)
    speed: 14.1 px/f
    hits: 98
[2026-05-12 19:29:46.716] [TRACK       ] Track ID:5
    frame: 980
    track_id: 5
    position: (856, 247)
    velocity: (-3.2, -12.8)
    speed: 13.2 px/f
    hits: 97
[2026-05-12 19:29:46.716] [FRAME       ] Frame 980 processed
    frame: 980
    detections: 2
    tracks: 2
[2026-05-12 19:29:46.717] [THREAT      ] Track ID:5 - LOW
    frame: 980
    track_id: 5
    distance: 382.4 px
    threat_level: LOW
    pattern: turning
    speed: 13.2 px/f
    uncertainty: ±19.3 px
    evasion_point: (554, 551)
    commands: EVADE LEFT, EVADE DOWN, PERPENDICULAR, FULL THROTTLE
[2026-05-12 19:29:46.765] [DETECTION   ] Drone detected
    frame: 981
    bbox: [np.int64(709), np.int64(170), np.int64(1024), np.int64(345)]
    confidence: 0.87
    class: 0
[2026-05-12 19:29:46.766] [DETECTION   ] Drone detected
    frame: 981
    bbox: [np.int64(1066), np.int64(103), np.int64(1280), np.int64(275)]
    confidence: 0.86
    class: 0
[2026-05-12 19:29:46.810] [TRACK       ] Track ID:4
    frame: 981
    track_id: 4
    position: (1171, 183)
    velocity: (-1.5, -7.0)
    speed: 7.2 px/f
    hits: 99
[2026-05-12 19:29:46.810] [TRACK       ] Track ID:5
    frame: 981
    track_id: 5
    position: (863, 252)
    velocity: (-0.2, -7.0)
    speed: 7.0 px/f
    hits: 98
[2026-05-12 19:29:46.810] [FRAME       ] Frame 981 processed
    frame: 981
    detections: 2
    tracks: 2
[2026-05-12 19:29:46.811] [THREAT      ] Track ID:5 - LOW
    frame: 981
    track_id: 5
    distance: 415.1 px
    threat_level: LOW
    pattern: turning
    speed: 7.0 px/f
    uncertainty: ±27.7 px
    evasion_point: (529, 543)
    commands: EVADE LEFT, EVADE DOWN, PERPENDICULAR, FULL THROTTLE
[2026-05-12 19:29:46.858] [DETECTION   ] Drone detected
    frame: 982
    bbox: [np.int64(710), np.int64(169), np.int64(1027), np.int64(345)]
    confidence: 0.88
    class: 0
[2026-05-12 19:29:46.858] [DETECTION   ] Drone detected
    frame: 982
    bbox: [np.int64(1069), np.int64(107), np.int64(1280), np.int64(274)]
    confidence: 0.86
    class: 0
[2026-05-12 19:29:46.900] [TRACK       ] Track ID:4
    frame: 982
    track_id: 4
    position: (1173, 186)
    velocity: (0.0, -2.5)
    speed: 2.5 px/f
    hits: 100
[2026-05-12 19:29:46.900] [TRACK       ] Track ID:5
    frame: 982
    track_id: 5
    position: (867, 254)
    velocity: (2.2, -3.8)
    speed: 4.4 px/f
    hits: 99
[2026-05-12 19:29:46.900] [FRAME       ] Frame 982 processed
    frame: 982
    detections: 2
    tracks: 2
[2026-05-12 19:29:46.901] [THREAT      ] Track ID:5 - LOW
    frame: 982
    track_id: 5
    distance: 479.2 px
    threat_level: LOW
    pattern: turning
    speed: 4.4 px/f
    uncertainty: ±38.6 px
    evasion_point: (477, 506)
    commands: EVADE LEFT, EVADE DOWN, PERPENDICULAR, FULL THROTTLE
[2026-05-12 19:29:46.950] [DETECTION   ] Drone detected
    frame: 983
    bbox: [np.int64(714), np.int64(167), np.int64(1025), np.int64(345)]
    confidence: 0.87
    class: 0
[2026-05-12 19:29:46.950] [DETECTION   ] Drone detected
    frame: 983
    bbox: [np.int64(1070), np.int64(103), np.int64(1280), np.int64(277)]
    confidence: 0.87
    class: 0
[2026-05-12 19:29:46.993] [TRACK       ] Track ID:4
    frame: 983
    track_id: 4
    position: (1174, 188)
    velocity: (1.2, 2.8)
    speed: 3.0 px/f
    hits: 101
[2026-05-12 19:29:46.993] [TRACK       ] Track ID:5
    frame: 983
    track_id: 5
    position: (869, 254)
    velocity: (3.0, 0.8)
    speed: 3.1 px/f
    hits: 100
[2026-05-12 19:29:46.994] [FRAME       ] Frame 983 processed
    frame: 983
    detections: 2
    tracks: 2
[2026-05-12 19:29:46.994] [THREAT      ] Track ID:5 - LOW
    frame: 983
    track_id: 5
    distance: 475.9 px
    threat_level: LOW
    pattern: turning
    speed: 3.1 px/f
    uncertainty: ±50.8 px
    evasion_point: (415, 381)
    commands: EVADE LEFT, PERPENDICULAR
[2026-05-12 19:29:47.042] [DETECTION   ] Drone detected
    frame: 984
    bbox: [np.int64(1071), np.int64(102), np.int64(1280), np.int64(275)]
    confidence: 0.87
    class: 0
[2026-05-12 19:29:47.042] [DETECTION   ] Drone detected
    frame: 984
    bbox: [np.int64(715), np.int64(168), np.int64(1023), np.int64(345)]
    confidence: 0.86
    class: 0
[2026-05-12 19:29:47.086] [TRACK       ] Track ID:4
    frame: 984
    track_id: 4
    position: (1175, 187)
    velocity: (1.5, 2.5)
    speed: 2.9 px/f
    hits: 102
[2026-05-12 19:29:47.086] [TRACK       ] Track ID:5
    frame: 984
    track_id: 5
    position: (869, 254)
    velocity: (3.2, 1.8)
    speed: 3.7 px/f
    hits: 101
[2026-05-12 19:29:47.086] [FRAME       ] Frame 984 processed
    frame: 984
    detections: 2
    tracks: 2
[2026-05-12 19:29:47.086] [THREAT      ] Track ID:5 - LOW
    frame: 984
    track_id: 5
    distance: 451.4 px
    threat_level: LOW
    pattern: unknown
    speed: 3.7 px/f
    uncertainty: ±78.4 px
    evasion_point: (400, 352)
    commands: EVADE LEFT
[2026-05-12 19:29:47.135] [DETECTION   ] Drone detected
    frame: 985
    bbox: [np.int64(1078), np.int64(103), np.int64(1280), np.int64(277)]
    confidence: 0.88
    class: 0
[2026-05-12 19:29:47.135] [DETECTION   ] Drone detected
    frame: 985
    bbox: [np.int64(729), np.int64(168), np.int64(1033), np.int64(344)]
    confidence: 0.85
    class: 0
[2026-05-12 19:29:47.179] [TRACK       ] Track ID:4
    frame: 985
    track_id: 4
    position: (1177, 188)
    velocity: (1.5, 1.2)
    speed: 2.0 px/f
    hits: 103
[2026-05-12 19:29:47.179] [TRACK       ] Track ID:5
    frame: 985
    track_id: 5
    position: (877, 255)
    velocity: (3.5, 0.8)
    speed: 3.6 px/f
    hits: 102
[2026-05-12 19:29:47.180] [FRAME       ] Frame 985 processed
    frame: 985
    detections: 2
    tracks: 2
[2026-05-12 19:29:47.180] [THREAT      ] Track ID:5 - LOW
    frame: 985
    track_id: 5
    distance: 493.1 px
    threat_level: LOW
    pattern: unknown
    speed: 3.6 px/f
    uncertainty: ±82.4 px
    evasion_point: (400, 384)
    commands: EVADE LEFT
[2026-05-12 19:29:47.230] [DETECTION   ] Drone detected
    frame: 986
    bbox: [np.int64(1082), np.int64(101), np.int64(1280), np.int64(274)]
    confidence: 0.88
    class: 0
[2026-05-12 19:29:47.230] [DETECTION   ] Drone detected
    frame: 986
    bbox: [np.int64(730), np.int64(171), np.int64(1035), np.int64(345)]
    confidence: 0.84
    class: 0
[2026-05-12 19:29:47.277] [TRACK       ] Track ID:4
    frame: 986
    track_id: 4
    position: (1180, 186)
    velocity: (1.8, 0.0)
    speed: 1.8 px/f
    hits: 104
[2026-05-12 19:29:47.277] [TRACK       ] Track ID:5
    frame: 986
    track_id: 5
    position: (881, 256)
    velocity: (3.5, 0.5)
    speed: 3.5 px/f
    hits: 103
[2026-05-12 19:29:47.277] [FRAME       ] Frame 986 processed
    frame: 986
    detections: 2
    tracks: 2
[2026-05-12 19:29:47.277] [THREAT      ] Track ID:5 - LOW
    frame: 986
    track_id: 5
    distance: 505.3 px
    threat_level: LOW
    pattern: unknown
    speed: 3.5 px/f
    uncertainty: ±84.2 px
    evasion_point: (400, 392)
    commands: EVADE LEFT
[2026-05-12 19:29:47.327] [DETECTION   ] Drone detected
    frame: 987
    bbox: [np.int64(741), np.int64(182), np.int64(1049), np.int64(350)]
    confidence: 0.88
    class: 0
[2026-05-12 19:29:47.327] [DETECTION   ] Drone detected
    frame: 987
    bbox: [np.int64(1091), np.int64(116), np.int64(1280), np.int64(280)]
    confidence: 0.85
    class: 0
[2026-05-12 19:29:47.372] [TRACK       ] Track ID:4
    frame: 987
    track_id: 4
    position: (1183, 193)
    velocity: (2.2, 1.2)
    speed: 2.6 px/f
    hits: 105
[2026-05-12 19:29:47.372] [TRACK       ] Track ID:5
    frame: 987
    track_id: 5
    position: (891, 262)
    velocity: (5.5, 2.0)
    speed: 5.9 px/f
    hits: 104
[2026-05-12 19:29:47.373] [FRAME       ] Frame 987 processed
    frame: 987
    detections: 2
    tracks: 2
[2026-05-12 19:29:47.373] [THREAT      ] Track ID:5 - LOW
    frame: 987
    track_id: 5
    distance: 504.3 px
    threat_level: LOW
    pattern: unknown
    speed: 5.9 px/f
    uncertainty: ±56.0 px
    evasion_point: (411, 362)
    commands: EVADE LEFT, FULL THROTTLE
[2026-05-12 19:29:47.424] [DETECTION   ] Drone detected
    frame: 988
    bbox: [np.int64(749), np.int64(188), np.int64(1063), np.int64(357)]
    confidence: 0.87
    class: 0
[2026-05-12 19:29:47.425] [DETECTION   ] Drone detected
    frame: 988
    bbox: [np.int64(1105), np.int64(115), np.int64(1280), np.int64(284)]
    confidence: 0.84
    class: 0
[2026-05-12 19:29:47.469] [TRACK       ] Track ID:4
    frame: 988
    track_id: 4
    position: (1190, 197)
    velocity: (3.8, 2.5)
    speed: 4.5 px/f
    hits: 106
[2026-05-12 19:29:47.469] [TRACK       ] Track ID:5
    frame: 988
    track_id: 5
    position: (902, 268)
    velocity: (8.2, 3.5)
    speed: 9.0 px/f
    hits: 105
[2026-05-12 19:29:47.469] [FRAME       ] Frame 988 processed
    frame: 988
    detections: 2
    tracks: 2
[2026-05-12 19:29:47.469] [THREAT      ] Track ID:5 - LOW
    frame: 988
    track_id: 5
    distance: 517.9 px
    threat_level: LOW
    pattern: turning
    speed: 9.0 px/f
    uncertainty: ±25.5 px
    evasion_point: (427, 353)
    commands: EVADE LEFT, PERPENDICULAR, FULL THROTTLE
[2026-05-12 19:29:47.514] [DETECTION   ] Drone detected
    frame: 989
    bbox: [np.int64(750), np.int64(188), np.int64(1063), np.int64(359)]
    confidence: 0.88
    class: 0
[2026-05-12 19:29:47.514] [DETECTION   ] Drone detected
    frame: 989
    bbox: [np.int64(1105), np.int64(111), np.int64(1280), np.int64(289)]
    confidence: 0.84
    class: 0
[2026-05-12 19:29:47.560] [TRACK       ] Track ID:4
    frame: 989
    track_id: 4
    position: (1192, 198)
    velocity: (3.8, 2.5)
    speed: 4.5 px/f
    hits: 107
[2026-05-12 19:29:47.560] [TRACK       ] Track ID:5
    frame: 989
    track_id: 5
    position: (906, 272)
    velocity: (7.2, 4.2)
    speed: 8.4 px/f
    hits: 106
[2026-05-12 19:29:47.560] [FRAME       ] Frame 989 processed
    frame: 989
    detections: 2
    tracks: 2
[2026-05-12 19:29:47.560] [THREAT      ] Track ID:5 - LOW
    frame: 989
    track_id: 5
    distance: 510.5 px
    threat_level: LOW
    pattern: turning
    speed: 8.4 px/f
    uncertainty: ±26.7 px
    evasion_point: (427, 337)
    commands: EVADE LEFT, PERPENDICULAR, FULL THROTTLE
[2026-05-12 19:29:47.605] [DETECTION   ] Drone detected
    frame: 990
    bbox: [np.int64(748), np.int64(186), np.int64(1061), np.int64(359)]
    confidence: 0.88
    class: 0
[2026-05-12 19:29:47.605] [DETECTION   ] Drone detected
    frame: 990
    bbox: [np.int64(1107), np.int64(115), np.int64(1280), np.int64(286)]
    confidence: 0.84
    class: 0
[2026-05-12 19:29:47.651] [TRACK       ] Track ID:4
    frame: 990
    track_id: 4
    position: (1193, 199)
    velocity: (3.2, 3.2)
    speed: 4.6 px/f
    hits: 108
[2026-05-12 19:29:47.651] [TRACK       ] Track ID:5
    frame: 990
    track_id: 5
    position: (906, 272)
    velocity: (6.2, 4.0)
    speed: 7.4 px/f
    hits: 107
[2026-05-12 19:29:47.651] [FRAME       ] Frame 990 processed
    frame: 990
    detections: 2
    tracks: 2
[2026-05-12 19:29:47.651] [THREAT      ] Track ID:5 - LOW
    frame: 990
    track_id: 5
    distance: 505.9 px
    threat_level: LOW
    pattern: turning
    speed: 7.4 px/f
    uncertainty: ±28.9 px
    evasion_point: (427, 333)
    commands: EVADE LEFT, PERPENDICULAR, FULL THROTTLE
[2026-05-12 19:29:47.661] [STATS       ] Performance stats
    fps: 10.8
    processing_time: 2786.2 ms
[2026-05-12 19:29:47.697] [DETECTION   ] Drone detected
    frame: 991
    bbox: [np.int64(747), np.int64(187), np.int64(1061), np.int64(356)]
    confidence: 0.88
    class: 0
[2026-05-12 19:29:47.698] [DETECTION   ] Drone detected
    frame: 991
    bbox: [np.int64(1104), np.int64(114), np.int64(1280), np.int64(288)]
    confidence: 0.84
    class: 0
[2026-05-12 19:29:47.744] [TRACK       ] Track ID:4
    frame: 991
    track_id: 4
    position: (1193, 200)
    velocity: (2.5, 1.8)
    speed: 3.1 px/f
    hits: 109
[2026-05-12 19:29:47.744] [TRACK       ] Track ID:5
    frame: 991
    track_id: 5
    position: (906, 271)
    velocity: (3.8, 2.2)
    speed: 4.4 px/f
    hits: 108
[2026-05-12 19:29:47.744] [FRAME       ] Frame 991 processed
    frame: 991
    detections: 2
    tracks: 2
[2026-05-12 19:29:47.744] [THREAT      ] Track ID:5 - LOW
    frame: 991
    track_id: 5
    distance: 509.5 px
    threat_level: LOW
    pattern: turning
    speed: 4.4 px/f
    uncertainty: ±42.1 px
    evasion_point: (420, 336)
    commands: EVADE LEFT, PERPENDICULAR, FULL THROTTLE
[2026-05-12 19:29:47.792] [DETECTION   ] Drone detected
    frame: 992
    bbox: [np.int64(744), np.int64(182), np.int64(1057), np.int64(348)]
    confidence: 0.87
    class: 0
[2026-05-12 19:29:47.793] [DETECTION   ] Drone detected
    frame: 992
    bbox: [np.int64(1102), np.int64(118), np.int64(1280), np.int64(276)]
    confidence: 0.86
    class: 0
[2026-05-12 19:29:47.837] [TRACK       ] Track ID:4
    frame: 992
    track_id: 4
    position: (1191, 198)
    velocity: (0.2, 0.2)
    speed: 0.4 px/f
    hits: 110
[2026-05-12 19:29:47.837] [TRACK       ] Track ID:5
    frame: 992
    track_id: 5
    position: (903, 267)
    velocity: (0.2, -0.2)
    speed: 0.4 px/f
    hits: 109
[2026-05-12 19:29:47.837] [FRAME       ] Frame 992 processed
    frame: 992
    detections: 2
    tracks: 2
[2026-05-12 19:29:47.838] [THREAT      ] Track ID:5 - MEDIUM
    frame: 992
    track_id: 5
    distance: 311.2 px
    threat_level: MEDIUM
    pattern: unknown
    speed: 0.4 px/f
    uncertainty: ±110.0 px
    evasion_point: (404, 456)
    commands: EVADE LEFT, EVADE DOWN
[2026-05-12 19:29:47.887] [DETECTION   ] Drone detected
    frame: 993
    bbox: [np.int64(755), np.int64(180), np.int64(1062), np.int64(355)]
    confidence: 0.88
    class: 0
[2026-05-12 19:29:47.887] [DETECTION   ] Drone detected
    frame: 993
    bbox: [np.int64(1105), np.int64(114), np.int64(1280), np.int64(287)]
    confidence: 0.84
    class: 0
[2026-05-12 19:29:47.932] [TRACK       ] Track ID:4
    frame: 993
    track_id: 4
    position: (1192, 199)
    velocity: (0.0, 0.2)
    speed: 0.2 px/f
    hits: 111
[2026-05-12 19:29:47.932] [TRACK       ] Track ID:5
    frame: 993
    track_id: 5
    position: (907, 267)
    velocity: (0.2, -1.2)
    speed: 1.3 px/f
    hits: 110
[2026-05-12 19:29:47.932] [FRAME       ] Frame 993 processed
    frame: 993
    detections: 2
    tracks: 2
[2026-05-12 19:29:47.933] [THREAT      ] Track ID:5 - LOW
    frame: 993
    track_id: 5
    distance: 364.4 px
    threat_level: LOW
    pattern: turning
    speed: 1.3 px/f
    uncertainty: ±60.0 px
    evasion_point: (455, 497)
    commands: EVADE LEFT, EVADE DOWN, PERPENDICULAR
[2026-05-12 19:29:47.977] [DETECTION   ] Drone detected
    frame: 994
    bbox: [np.int64(759), np.int64(179), np.int64(1064), np.int64(353)]
    confidence: 0.89
    class: 0
[2026-05-12 19:29:47.978] [DETECTION   ] Drone detected
    frame: 994
    bbox: [np.int64(1107), np.int64(112), np.int64(1280), np.int64(290)]
    confidence: 0.84
    class: 0
[2026-05-12 19:29:48.023] [TRACK       ] Track ID:4
    frame: 994
    track_id: 4
    position: (1193, 200)
    velocity: (0.0, 0.2)
    speed: 0.2 px/f
    hits: 112
[2026-05-12 19:29:48.023] [TRACK       ] Track ID:5
    frame: 994
    track_id: 5
    position: (911, 266)
    velocity: (1.2, -1.5)
    speed: 2.0 px/f
    hits: 111
[2026-05-12 19:29:48.023] [FRAME       ] Frame 994 processed
    frame: 994
    detections: 2
    tracks: 2
[2026-05-12 19:29:48.024] [THREAT      ] Track ID:5 - LOW
    frame: 994
    track_id: 5
    distance: 465.1 px
    threat_level: LOW
    pattern: turning
    speed: 2.0 px/f
    uncertainty: ±60.0 px
    evasion_point: (444, 480)
    commands: EVADE LEFT, EVADE DOWN, PERPENDICULAR
[2026-05-12 19:29:48.070] [DETECTION   ] Drone detected
    frame: 995
    bbox: [np.int64(761), np.int64(177), np.int64(1064), np.int64(351)]
    confidence: 0.88
    class: 0
[2026-05-12 19:29:48.070] [DETECTION   ] Drone detected
    frame: 995
    bbox: [np.int64(1112), np.int64(115), np.int64(1280), np.int64(277)]
    confidence: 0.84
    class: 0
[2026-05-12 19:29:48.116] [TRACK       ] Track ID:4
    frame: 995
    track_id: 4
    position: (1195, 197)
    velocity: (0.5, -0.8)
    speed: 0.9 px/f
    hits: 113
[2026-05-12 19:29:48.116] [TRACK       ] Track ID:5
    frame: 995
    track_id: 5
    position: (912, 264)
    velocity: (1.5, -1.8)
    speed: 2.3 px/f
    hits: 112
[2026-05-12 19:29:48.116] [FRAME       ] Frame 995 processed
    frame: 995
    detections: 2
    tracks: 2
[2026-05-12 19:29:48.116] [THREAT      ] Track ID:5 - LOW
    frame: 995
    track_id: 5
    distance: 501.5 px
    threat_level: LOW
    pattern: turning
    speed: 2.3 px/f
    uncertainty: ±60.0 px
    evasion_point: (446, 484)
    commands: EVADE LEFT, EVADE DOWN, PERPENDICULAR
[2026-05-12 19:29:48.165] [DETECTION   ] Drone detected
    frame: 996
    bbox: [np.int64(762), np.int64(178), np.int64(1064), np.int64(349)]
    confidence: 0.88
    class: 0
[2026-05-12 19:29:48.166] [DETECTION   ] Drone detected
    frame: 996
    bbox: [np.int64(1112), np.int64(118), np.int64(1280), np.int64(274)]
    confidence: 0.84
    class: 0
[2026-05-12 19:29:48.213] [TRACK       ] Track ID:4
    frame: 996
    track_id: 4
    position: (1196, 196)
    velocity: (1.2, -0.5)
    speed: 1.3 px/f
    hits: 114
[2026-05-12 19:29:48.213] [TRACK       ] Track ID:5
    frame: 996
    track_id: 5
    position: (913, 263)
    velocity: (2.5, -1.0)
    speed: 2.7 px/f
    hits: 113
[2026-05-12 19:29:48.213] [FRAME       ] Frame 996 processed
    frame: 996
    detections: 2
    tracks: 2
[2026-05-12 19:29:48.214] [THREAT      ] Track ID:5 - LOW
    frame: 996
    track_id: 5
    distance: 558.9 px
    threat_level: LOW
    pattern: unknown
    speed: 2.7 px/f
    uncertainty: ±110.0 px
    evasion_point: (401, 449)
    commands: EVADE LEFT, EVADE DOWN
[2026-05-12 19:29:48.264] [DETECTION   ] Drone detected
    frame: 997
    bbox: [np.int64(751), np.int64(174), np.int64(1059), np.int64(347)]
    confidence: 0.86
    class: 0
[2026-05-12 19:29:48.264] [DETECTION   ] Drone detected
    frame: 997
    bbox: [np.int64(1106), np.int64(110), np.int64(1280), np.int64(273)]
    confidence: 0.85
    class: 0
[2026-05-12 19:29:48.310] [TRACK       ] Track ID:4
    frame: 997
    track_id: 4
    position: (1194, 192)
    velocity: (0.5, -1.8)
    speed: 1.8 px/f
    hits: 115
[2026-05-12 19:29:48.310] [TRACK       ] Track ID:5
    frame: 997
    track_id: 5
    position: (908, 261)
    velocity: (0.2, -1.5)
    speed: 1.5 px/f
    hits: 114
[2026-05-12 19:29:48.310] [FRAME       ] Frame 997 processed
    frame: 997
    detections: 2
    tracks: 2
[2026-05-12 19:29:48.310] [THREAT      ] Track ID:5 - MEDIUM
    frame: 997
    track_id: 5
    distance: 384.5 px
    threat_level: MEDIUM
    pattern: unknown
    speed: 1.5 px/f
    uncertainty: ±110.0 px
    evasion_point: (445, 525)
    commands: EVADE LEFT, EVADE DOWN
[2026-05-12 19:29:48.360] [DETECTION   ] Drone detected
    frame: 998
    bbox: [np.int64(1105), np.int64(104), np.int64(1280), np.int64(269)]
    confidence: 0.86
    class: 0
[2026-05-12 19:29:48.361] [DETECTION   ] Drone detected
    frame: 998
    bbox: [np.int64(752), np.int64(169), np.int64(1059), np.int64(346)]
    confidence: 0.86
    class: 0
[2026-05-12 19:29:48.405] [TRACK       ] Track ID:4
    frame: 998
    track_id: 4
    position: (1193, 188)
    velocity: (0.0, -3.0)
    speed: 3.0 px/f
    hits: 116
[2026-05-12 19:29:48.405] [TRACK       ] Track ID:5
    frame: 998
    track_id: 5
    position: (906, 258)
    velocity: (-1.2, -2.0)
    speed: 2.4 px/f
    hits: 115
[2026-05-12 19:29:48.405] [FRAME       ] Frame 998 processed
    frame: 998
    detections: 2
    tracks: 2
[2026-05-12 19:29:48.406] [THREAT      ] Track ID:5 - MEDIUM
    frame: 998
    track_id: 5
    distance: 333.3 px
    threat_level: MEDIUM
    pattern: unknown
    speed: 2.4 px/f
    uncertainty: ±110.0 px
    evasion_point: (532, 591)
    commands: EVADE LEFT, EVADE DOWN
[2026-05-12 19:29:48.452] [DETECTION   ] Drone detected
    frame: 999
    bbox: [np.int64(1105), np.int64(104), np.int64(1280), np.int64(269)]
    confidence: 0.86
    class: 0
[2026-05-12 19:29:48.453] [DETECTION   ] Drone detected
    frame: 999
    bbox: [np.int64(752), np.int64(169), np.int64(1059), np.int64(346)]
    confidence: 0.86
    class: 0
[2026-05-12 19:29:48.497] [TRACK       ] Track ID:4
    frame: 999
    track_id: 4
    position: (1192, 186)
    velocity: (-0.8, -2.8)
    speed: 2.9 px/f
    hits: 117
[2026-05-12 19:29:48.498] [TRACK       ] Track ID:5
    frame: 999
    track_id: 5
    position: (906, 257)
    velocity: (-1.5, -1.8)
    speed: 2.3 px/f
    hits: 116
[2026-05-12 19:29:48.498] [FRAME       ] Frame 999 processed
    frame: 999
    detections: 2
    tracks: 2
[2026-05-12 19:29:48.498] [THREAT      ] Track ID:5 - HIGH
    frame: 999
    track_id: 5
    distance: 301.2 px
    threat_level: HIGH
    pattern: unknown
    speed: 2.3 px/f
    uncertainty: ±110.0 px
    evasion_point: (541, 595)
    commands: EVADE LEFT, EVADE DOWN
[2026-05-12 19:29:48.549] [DETECTION   ] Drone detected
    frame: 1000
    bbox: [np.int64(754), np.int64(170), np.int64(1056), np.int64(346)]
    confidence: 0.86
    class: 0
[2026-05-12 19:29:48.549] [DETECTION   ] Drone detected
    frame: 1000
    bbox: [np.int64(1104), np.int64(103), np.int64(1280), np.int64(268)]
    confidence: 0.85
    class: 0
[2026-05-12 19:29:48.596] [TRACK       ] Track ID:4
    frame: 1000
    track_id: 4
    position: (1192, 185)
    velocity: (-1.0, -2.8)
    speed: 2.9 px/f
    hits: 118
[2026-05-12 19:29:48.596] [TRACK       ] Track ID:5
    frame: 1000
    track_id: 5
    position: (905, 257)
    velocity: (-2.0, -1.5)
    speed: 2.5 px/f
    hits: 117
[2026-05-12 19:29:48.596] [FRAME       ] Frame 1000 processed
    frame: 1000
    detections: 2
    tracks: 2
[2026-05-12 19:29:48.596] [THREAT      ] Track ID:5 - MEDIUM
    frame: 1000
    track_id: 5
    distance: 261.2 px
    threat_level: MEDIUM
    pattern: turning
    speed: 2.5 px/f
    uncertainty: ±60.0 px
    evasion_point: (582, 582)
    commands: EVADE LEFT, EVADE DOWN, PERPENDICULAR
[2026-05-12 19:29:48.643] [DETECTION   ] Drone detected
    frame: 1001
    bbox: [np.int64(757), np.int64(171), np.int64(1061), np.int64(346)]
    confidence: 0.87
    class: 0
[2026-05-12 19:29:48.643] [DETECTION   ] Drone detected
    frame: 1001
    bbox: [np.int64(1106), np.int64(106), np.int64(1280), np.int64(271)]
    confidence: 0.86
    class: 0
[2026-05-12 19:29:48.688] [TRACK       ] Track ID:4
    frame: 1001
    track_id: 4
    position: (1192, 186)
    velocity: (-0.5, -1.5)
    speed: 1.6 px/f
    hits: 119
[2026-05-12 19:29:48.688] [TRACK       ] Track ID:5
    frame: 1001
    track_id: 5
    position: (908, 257)
    velocity: (0.0, -1.0)
    speed: 1.0 px/f
    hits: 118
[2026-05-12 19:29:48.688] [FRAME       ] Frame 1001 processed
    frame: 1001
    detections: 2
    tracks: 2
[2026-05-12 19:29:48.688] [THREAT      ] Track ID:5 - MEDIUM
    frame: 1001
    track_id: 5
    distance: 336.2 px
    threat_level: MEDIUM
    pattern: unknown
    speed: 1.0 px/f
    uncertainty: ±110.0 px
    evasion_point: (436, 513)
    commands: EVADE LEFT, EVADE DOWN
[2026-05-12 19:29:48.735] [DETECTION   ] Drone detected
    frame: 1002
    bbox: [np.int64(765), np.int64(178), np.int64(1077), np.int64(367)]
    confidence: 0.88
    class: 0
[2026-05-12 19:29:48.735] [DETECTION   ] Drone detected
    frame: 1002
    bbox: [np.int64(1119), np.int64(111), np.int64(1280), np.int64(295)]
    confidence: 0.82
    class: 0
[2026-05-12 19:29:48.783] [TRACK       ] Track ID:4
    frame: 1002
    track_id: 4
    position: (1197, 197)
    velocity: (1.0, 2.2)
    speed: 2.5 px/f
    hits: 120
[2026-05-12 19:29:48.784] [TRACK       ] Track ID:5
    frame: 1002
    track_id: 5
    position: (916, 267)
    velocity: (2.5, 2.2)
    speed: 3.4 px/f
    hits: 119
[2026-05-12 19:29:48.784] [FRAME       ] Frame 1002 processed
    frame: 1002
    detections: 2
    tracks: 2
[2026-05-12 19:29:48.784] [THREAT      ] Track ID:5 - LOW
    frame: 1002
    track_id: 5
    distance: 502.9 px
    threat_level: LOW
    pattern: unknown
    speed: 3.4 px/f
    uncertainty: ±96.6 px
    evasion_point: (396, 309)
    commands: EVADE LEFT, EVADE UP
[2026-05-12 19:29:48.835] [DETECTION   ] Drone detected
    frame: 1003
    bbox: [np.int64(770), np.int64(181), np.int64(1077), np.int64(369)]
    confidence: 0.88
    class: 0
[2026-05-12 19:29:48.835] [DETECTION   ] Drone detected
    frame: 1003
    bbox: [np.int64(1131), np.int64(116), np.int64(1280), np.int64(312)]
    confidence: 0.84
    class: 0
[2026-05-12 19:29:48.882] [TRACK       ] Track ID:4
    frame: 1003
    track_id: 4
    position: (1202, 208)
    velocity: (2.5, 5.5)
    speed: 6.0 px/f
    hits: 121
[2026-05-12 19:29:48.883] [TRACK       ] Track ID:5
    frame: 1003
    track_id: 5
    position: (921, 272)
    velocity: (3.8, 3.8)
    speed: 5.3 px/f
    hits: 120
[2026-05-12 19:29:48.883] [FRAME       ] Frame 1003 processed
    frame: 1003
    detections: 2
    tracks: 2
[2026-05-12 19:29:48.883] [THREAT      ] Track ID:5 - LOW
    frame: 1003
    track_id: 5
    distance: 503.8 px
    threat_level: LOW
    pattern: unknown
    speed: 5.3 px/f
    uncertainty: ±65.5 px
    evasion_point: (413, 304)
    commands: EVADE LEFT, EVADE UP, FULL THROTTLE
[2026-05-12 19:29:48.932] [DETECTION   ] Drone detected
    frame: 1004
    bbox: [np.int64(768), np.int64(180), np.int64(1081), np.int64(369)]
    confidence: 0.88
    class: 0
[2026-05-12 19:29:48.932] [DETECTION   ] Drone detected
    frame: 1004
    bbox: [np.int64(1125), np.int64(118), np.int64(1280), np.int64(314)]
    confidence: 0.82
    class: 0
[2026-05-12 19:29:48.980] [TRACK       ] Track ID:4
    frame: 1004
    track_id: 4
    position: (1202, 213)
    velocity: (2.5, 7.0)
    speed: 7.4 px/f
    hits: 122
[2026-05-12 19:29:48.980] [TRACK       ] Track ID:5
    frame: 1004
    track_id: 5
    position: (924, 273)
    velocity: (4.8, 4.0)
    speed: 6.2 px/f
    hits: 121
[2026-05-12 19:29:48.980] [FRAME       ] Frame 1004 processed
    frame: 1004
    detections: 2
    tracks: 2
[2026-05-12 19:29:48.981] [THREAT      ] Track ID:5 - LOW
    frame: 1004
    track_id: 5
    distance: 2962.1 px
    threat_level: LOW
    pattern: accelerating
    speed: 6.2 px/f
    uncertainty: ±29.1 px
    evasion_point: (463, 238)
    commands: EVADE LEFT, EVADE UP, FULL THROTTLE
[2026-05-12 19:29:49.029] [DETECTION   ] Drone detected
    frame: 1005
    bbox: [np.int64(770), np.int64(191), np.int64(1071), np.int64(376)]
    confidence: 0.88
    class: 0
[2026-05-12 19:29:49.029] [DETECTION   ] Drone detected
    frame: 1005
    bbox: [np.int64(1125), np.int64(134), np.int64(1280), np.int64(316)]
    confidence: 0.76
    class: 0
[2026-05-12 19:29:49.076] [TRACK       ] Track ID:4
    frame: 1005
    track_id: 4
    position: (1202, 221)
    velocity: (2.5, 8.8)
    speed: 9.1 px/f
    hits: 123
[2026-05-12 19:29:49.077] [TRACK       ] Track ID:5
    frame: 1005
    track_id: 5
    position: (922, 280)
    velocity: (3.5, 5.8)
    speed: 6.7 px/f
    hits: 122
[2026-05-12 19:29:49.077] [FRAME       ] Frame 1005 processed
    frame: 1005
    detections: 2
    tracks: 2
[2026-05-12 19:29:49.077] [THREAT      ] Track ID:5 - LOW
    frame: 1005
    track_id: 5
    distance: 466.6 px
    threat_level: LOW
    pattern: turning
    speed: 6.7 px/f
    uncertainty: ±31.8 px
    evasion_point: (439, 281)
    commands: EVADE LEFT, EVADE UP, PERPENDICULAR, FULL THROTTLE
[2026-05-12 19:29:49.126] [DETECTION   ] Drone detected
    frame: 1006
    bbox: [np.int64(772), np.int64(195), np.int64(1074), np.int64(383)]
    confidence: 0.86
    class: 0
[2026-05-12 19:29:49.126] [DETECTION   ] Drone detected
    frame: 1006
    bbox: [np.int64(1130), np.int64(138), np.int64(1280), np.int64(322)]
    confidence: 0.81
    class: 0
[2026-05-12 19:29:49.172] [TRACK       ] Track ID:4
    frame: 1006
    track_id: 4
    position: (1204, 227)
    velocity: (1.8, 7.5)
    speed: 7.7 px/f
    hits: 124
[2026-05-12 19:29:49.172] [TRACK       ] Track ID:5
    frame: 1006
    track_id: 5
    position: (923, 286)
    velocity: (1.8, 4.8)
    speed: 5.1 px/f
    hits: 123
[2026-05-12 19:29:49.172] [FRAME       ] Frame 1006 processed
    frame: 1006
    detections: 2
    tracks: 2
[2026-05-12 19:29:49.173] [THREAT      ] Track ID:5 - LOW
    frame: 1006
    track_id: 5
    distance: 433.3 px
    threat_level: LOW
    pattern: turning
    speed: 5.1 px/f
    uncertainty: ±38.9 px
    evasion_point: (445, 258)
    commands: EVADE LEFT, EVADE UP, PERPENDICULAR, FULL THROTTLE
[2026-05-12 19:29:49.220] [DETECTION   ] Drone detected
    frame: 1007
    bbox: [np.int64(773), np.int64(200), np.int64(1075), np.int64(384)]
    confidence: 0.85
    class: 0
[2026-05-12 19:29:49.220] [DETECTION   ] Drone detected
    frame: 1007
    bbox: [np.int64(1133), np.int64(139), np.int64(1280), np.int64(326)]
    confidence: 0.79
    class: 0
[2026-05-12 19:29:49.268] [TRACK       ] Track ID:4
    frame: 1007
    track_id: 4
    position: (1206, 231)
    velocity: (1.0, 5.8)
    speed: 5.8 px/f
    hits: 125
[2026-05-12 19:29:49.268] [TRACK       ] Track ID:5
    frame: 1007
    track_id: 5
    position: (924, 290)
    velocity: (0.8, 4.5)
    speed: 4.6 px/f
    hits: 124
[2026-05-12 19:29:49.268] [FRAME       ] Frame 1007 processed
    frame: 1007
    detections: 2
    tracks: 2
[2026-05-12 19:29:49.269] [THREAT      ] Track ID:5 - LOW
    frame: 1007
    track_id: 5
    distance: 397.5 px
    threat_level: LOW
    pattern: turning
    speed: 4.6 px/f
    uncertainty: ±42.1 px
    evasion_point: (455, 238)
    commands: EVADE LEFT, EVADE UP, PERPENDICULAR, FULL THROTTLE
[2026-05-12 19:29:49.316] [DETECTION   ] Drone detected
    frame: 1008
    bbox: [np.int64(780), np.int64(206), np.int64(1098), np.int64(383)]
    confidence: 0.85
    class: 0
[2026-05-12 19:29:49.316] [DETECTION   ] Drone detected
    frame: 1008
    bbox: [np.int64(1139), np.int64(145), np.int64(1279), np.int64(327)]
    confidence: 0.82
    class: 0
[2026-05-12 19:29:49.363] [TRACK       ] Track ID:4
    frame: 1008
    track_id: 4
    position: (1208, 235)
    velocity: (1.5, 5.5)
    speed: 5.7 px/f
    hits: 126
[2026-05-12 19:29:49.363] [TRACK       ] Track ID:5
    frame: 1008
    track_id: 5
    position: (934, 293)
    velocity: (2.5, 5.0)
    speed: 5.6 px/f
    hits: 125
[2026-05-12 19:29:49.363] [FRAME       ] Frame 1008 processed
    frame: 1008
    detections: 2
    tracks: 2
[2026-05-12 19:29:49.364] [THREAT      ] Track ID:5 - LOW
    frame: 1008
    track_id: 5
    distance: 474.3 px
    threat_level: LOW
    pattern: unknown
    speed: 5.6 px/f
    uncertainty: ±63.9 px
    evasion_point: (430, 260)
    commands: EVADE LEFT, EVADE UP, FULL THROTTLE
[2026-05-12 19:29:49.412] [DETECTION   ] Drone detected
    frame: 1009
    bbox: [np.int64(780), np.int64(206), np.int64(1097), np.int64(384)]
    confidence: 0.85
    class: 0
[2026-05-12 19:29:49.412] [DETECTION   ] Drone detected
    frame: 1009
    bbox: [np.int64(1139), np.int64(146), np.int64(1279), np.int64(326)]
    confidence: 0.82
    class: 0
[2026-05-12 19:29:49.460] [TRACK       ] Track ID:4
    frame: 1009
    track_id: 4
    position: (1209, 236)
    velocity: (1.8, 3.8)
    speed: 4.1 px/f
    hits: 127
[2026-05-12 19:29:49.460] [TRACK       ] Track ID:5
    frame: 1009
    track_id: 5
    position: (937, 295)
    velocity: (3.8, 3.8)
    speed: 5.3 px/f
    hits: 126
[2026-05-12 19:29:49.460] [FRAME       ] Frame 1009 processed
    frame: 1009
    detections: 2
    tracks: 2
[2026-05-12 19:29:49.461] [THREAT      ] Track ID:5 - LOW
    frame: 1009
    track_id: 5
    distance: 533.5 px
    threat_level: LOW
    pattern: unknown
    speed: 5.3 px/f
    uncertainty: ±67.3 px
    evasion_point: (415, 294)
    commands: EVADE LEFT, EVADE UP, FULL THROTTLE
[2026-05-12 19:29:49.510] [DETECTION   ] Drone detected
    frame: 1010
    bbox: [np.int64(774), np.int64(201), np.int64(1071), np.int64(385)]
    confidence: 0.85
    class: 0
[2026-05-12 19:29:49.510] [DETECTION   ] Drone detected
    frame: 1010
    bbox: [np.int64(1133), np.int64(139), np.int64(1280), np.int64(322)]
    confidence: 0.78
    class: 0
[2026-05-12 19:29:49.557] [TRACK       ] Track ID:4
    frame: 1010
    track_id: 4
    position: (1207, 233)
    velocity: (0.8, 1.5)
    speed: 1.7 px/f
    hits: 128
[2026-05-12 19:29:49.557] [TRACK       ] Track ID:5
    frame: 1010
    track_id: 5
    position: (928, 294)
    velocity: (1.2, 2.0)
    speed: 2.4 px/f
    hits: 127
[2026-05-12 19:29:49.558] [FRAME       ] Frame 1010 processed
    frame: 1010
    detections: 2
    tracks: 2
[2026-05-12 19:29:49.558] [THREAT      ] Track ID:5 - LOW
    frame: 1010
    track_id: 5
    distance: 434.2 px
    threat_level: LOW
    pattern: unknown
    speed: 2.4 px/f
    uncertainty: ±110.0 px
    evasion_point: (397, 281)
    commands: EVADE LEFT, EVADE UP
[2026-05-12 19:29:49.605] [DETECTION   ] Drone detected
    frame: 1011
    bbox: [np.int64(756), np.int64(210), np.int64(1043), np.int64(394)]
    confidence: 0.87
    class: 0
[2026-05-12 19:29:49.605] [DETECTION   ] Drone detected
    frame: 1011
    bbox: [np.int64(1094), np.int64(139), np.int64(1279), np.int64(329)]
    confidence: 0.73
    class: 0
[2026-05-12 19:29:49.652] [TRACK       ] Track ID:4
    frame: 1011
    track_id: 4
    position: (1194, 234)
    velocity: (-3.0, 0.8)
    speed: 3.1 px/f
    hits: 129
[2026-05-12 19:29:49.652] [TRACK       ] Track ID:5
    frame: 1011
    track_id: 5
    position: (909, 299)
    velocity: (-3.8, 2.2)
    speed: 4.4 px/f
    hits: 128
[2026-05-12 19:29:49.653] [FRAME       ] Frame 1011 processed
    frame: 1011
    detections: 2
    tracks: 2
[2026-05-12 19:29:49.653] [THREAT      ] Track ID:5 - CRITICAL
    frame: 1011
    track_id: 5
    distance: 87.2 px
    threat_level: CRITICAL
    pattern: turning
    speed: 4.4 px/f
    uncertainty: ±41.5 px
    evasion_point: (557, 155)
    commands: ⚠️ EVADE NOW!, EVADE LEFT, EVADE UP, PERPENDICULAR, FULL THROTTLE
[2026-05-12 19:29:49.701] [DETECTION   ] Drone detected
    frame: 1012
    bbox: [np.int64(753), np.int64(213), np.int64(1038), np.int64(393)]
    confidence: 0.88
    class: 0
[2026-05-12 19:29:49.701] [DETECTION   ] Drone detected
    frame: 1012
    bbox: [np.int64(1085), np.int64(142), np.int64(1280), np.int64(331)]
    confidence: 0.85
    class: 0
[2026-05-12 19:29:49.747] [TRACK       ] Track ID:4
    frame: 1012
    track_id: 4
    position: (1185, 236)
    velocity: (-5.8, 0.2)
    speed: 5.8 px/f
    hits: 130
[2026-05-12 19:29:49.748] [TRACK       ] Track ID:5
    frame: 1012
    track_id: 5
    position: (899, 302)
    velocity: (-8.8, 2.2)
    speed: 9.0 px/f
    hits: 129
[2026-05-12 19:29:49.748] [FRAME       ] Frame 1012 processed
    frame: 1012
    detections: 2
    tracks: 2
[2026-05-12 19:29:49.748] [THREAT      ] Track ID:5 - CRITICAL
    frame: 1012
    track_id: 5
    distance: 8.3 px
    threat_level: CRITICAL
    pattern: turning
    speed: 9.0 px/f
    uncertainty: ±24.7 px
    evasion_point: (590, 153)
    commands: ⚠️ EVADE NOW!, EVADE UP, PERPENDICULAR, FULL THROTTLE
[2026-05-12 19:29:49.799] [DETECTION   ] Drone detected
    frame: 1013
    bbox: [np.int64(759), np.int64(222), np.int64(1017), np.int64(378)]
    confidence: 0.88
    class: 0
[2026-05-12 19:29:49.799] [DETECTION   ] Drone detected
    frame: 1013
    bbox: [np.int64(1055), np.int64(168), np.int64(1279), np.int64(313)]
    confidence: 0.85
    class: 0
[2026-05-12 19:29:49.847] [TRACK       ] Track ID:4
    frame: 1013
    track_id: 4
    position: (1173, 239)
    velocity: (-9.0, 0.8)
    speed: 9.0 px/f
    hits: 131
[2026-05-12 19:29:49.847] [TRACK       ] Track ID:5
    frame: 1013
    track_id: 5
    position: (891, 301)
    velocity: (-11.5, 1.5)
    speed: 11.6 px/f
    hits: 130
[2026-05-12 19:29:49.847] [FRAME       ] Frame 1013 processed
    frame: 1013
    detections: 2
    tracks: 2
[2026-05-12 19:29:49.847] [THREAT      ] Track ID:5 - CRITICAL
    frame: 1013
    track_id: 5
    distance: 26.1 px
    threat_level: CRITICAL
    pattern: turning
    speed: 11.6 px/f
    uncertainty: ±21.1 px
    evasion_point: (677, 567)
    commands: ⚠️ EVADE NOW!, EVADE DOWN, PERPENDICULAR, FULL THROTTLE
[2026-05-12 19:29:49.894] [DETECTION   ] Drone detected
    frame: 1014
    bbox: [np.int64(1032), np.int64(173), np.int64(1240), np.int64(299)]
    confidence: 0.86
    class: 0
[2026-05-12 19:29:49.894] [DETECTION   ] Drone detected
    frame: 1014
    bbox: [np.int64(775), np.int64(217), np.int64(1007), np.int64(355)]
    confidence: 0.85
    class: 0
[2026-05-12 19:29:49.942] [TRACK       ] Track ID:4
    frame: 1014
    track_id: 4
    position: (1146, 237)
    velocity: (-15.2, 1.0)
    speed: 15.3 px/f
    hits: 132
[2026-05-12 19:29:49.942] [TRACK       ] Track ID:5
    frame: 1014
    track_id: 5
    position: (889, 291)
    velocity: (-9.8, -0.8)
    speed: 9.8 px/f
    hits: 131
[2026-05-12 19:29:49.942] [FRAME       ] Frame 1014 processed
    frame: 1014
    detections: 2
    tracks: 2
[2026-05-12 19:29:49.942] [THREAT      ] Track ID:5 - CRITICAL
    frame: 1014
    track_id: 5
    distance: 89.2 px
    threat_level: CRITICAL
    pattern: turning
    speed: 9.8 px/f
    uncertainty: ±23.2 px
    evasion_point: (660, 570)
    commands: ⚠️ EVADE NOW!, EVADE DOWN, PERPENDICULAR, FULL THROTTLE
[2026-05-12 19:29:49.990] [DETECTION   ] Drone detected
    frame: 1015
    bbox: [np.int64(783), np.int64(222), np.int64(1009), np.int64(363)]
    confidence: 0.87
    class: 0
[2026-05-12 19:29:49.990] [DETECTION   ] Drone detected
    frame: 1015
    bbox: [np.int64(1034), np.int64(183), np.int64(1233), np.int64(298)]
    confidence: 0.86
    class: 0
[2026-05-12 19:29:50.037] [TRACK       ] Track ID:4
    frame: 1015
    track_id: 4
    position: (1135, 239)
    velocity: (-14.8, 1.2)
    speed: 14.8 px/f
    hits: 133
[2026-05-12 19:29:50.037] [TRACK       ] Track ID:5
    frame: 1015
    track_id: 5
    position: (893, 291)
    velocity: (-4.0, -2.0)
    speed: 4.5 px/f
    hits: 132
[2026-05-12 19:29:50.037] [FRAME       ] Frame 1015 processed
    frame: 1015
    detections: 2
    tracks: 2
[2026-05-12 19:29:50.038] [THREAT      ] Track ID:5 - HIGH
    frame: 1015
    track_id: 5
    distance: 187.2 px
    threat_level: HIGH
    pattern: turning
    speed: 4.5 px/f
    uncertainty: ±39.3 px
    evasion_point: (618, 578)
    commands: EVADE DOWN, PERPENDICULAR, FULL THROTTLE
[2026-05-12 19:29:50.089] [DETECTION   ] Drone detected
    frame: 1016
    bbox: [np.int64(810), np.int64(228), np.int64(1011), np.int64(356)]
    confidence: 0.85
    class: 0
[2026-05-12 19:29:50.117] [TRACK       ] Track ID:4
    frame: 1016
    track_id: 4
    position: (1128, 241)
    velocity: (-14.2, 1.2)
    speed: 14.3 px/f
    hits: 134
[2026-05-12 19:29:50.118] [TRACK       ] Track ID:5
    frame: 1016
    track_id: 5
    position: (904, 291)
    velocity: (1.2, -2.8)
    speed: 3.0 px/f
    hits: 133
[2026-05-12 19:29:50.118] [FRAME       ] Frame 1016 processed
    frame: 1016
    detections: 1
    tracks: 2
[2026-05-12 19:29:50.118] [THREAT      ] Track ID:5 - LOW
    frame: 1016
    track_id: 5
    distance: 467.4 px
    threat_level: LOW
    pattern: zigzag
    speed: 3.0 px/f
    uncertainty: ±82.3 px
    evasion_point: (463, 523)
    commands: EVADE LEFT, EVADE DOWN, EVASIVE ZIGZAG
[2026-05-12 19:29:50.164] [DETECTION   ] Drone detected
    frame: 1017
    bbox: [np.int64(803), np.int64(229), np.int64(992), np.int64(351)]
    confidence: 0.70
    class: 0
[2026-05-12 19:29:50.165] [DETECTION   ] Drone detected
    frame: 1017
    bbox: [np.int64(866), np.int64(177), np.int64(916), np.int64(206)]
    confidence: 0.43
    class: 0
[2026-05-12 19:29:50.219] [TRACK       ] Track ID:4
    frame: 1017
    track_id: 4
    position: (1122, 243)
    velocity: (-12.8, 1.0)
    speed: 12.8 px/f
    hits: 135
[2026-05-12 19:29:50.219] [TRACK       ] Track ID:5
    frame: 1017
    track_id: 5
    position: (899, 290)
    velocity: (2.0, -2.8)
    speed: 3.4 px/f
    hits: 134
[2026-05-12 19:29:50.219] [FRAME       ] Frame 1017 processed
    frame: 1017
    detections: 2
    tracks: 2
[2026-05-12 19:29:50.219] [THREAT      ] Track ID:5 - LOW
    frame: 1017
    track_id: 5
    distance: 506.0 px
    threat_level: LOW
    pattern: turning
    speed: 3.4 px/f
    uncertainty: ±49.5 px
    evasion_point: (454, 487)
    commands: EVADE LEFT, EVADE DOWN, PERPENDICULAR
[2026-05-12 19:29:50.263] [DETECTION   ] Drone detected
    frame: 1018
    bbox: [np.int64(786), np.int64(231), np.int64(954), np.int64(339)]
    confidence: 0.79
    class: 0
[2026-05-12 19:29:50.263] [DETECTION   ] Drone detected
    frame: 1018
    bbox: [np.int64(975), np.int64(204), np.int64(1124), np.int64(283)]
    confidence: 0.63
    class: 0
[2026-05-12 19:29:50.312] [TRACK       ] Track ID:4
    frame: 1018
    track_id: 4
    position: (1116, 245)
    velocity: (-7.5, 2.0)
    speed: 7.8 px/f
    hits: 136
[2026-05-12 19:29:50.312] [TRACK       ] Track ID:5
    frame: 1018
    track_id: 5
    position: (878, 286)
    velocity: (-2.8, -1.2)
    speed: 3.0 px/f
    hits: 135
[2026-05-12 19:29:50.312] [FRAME       ] Frame 1018 processed
    frame: 1018
    detections: 2
    tracks: 2
[2026-05-12 19:29:50.312] [THREAT      ] Track ID:5 - HIGH
    frame: 1018
    track_id: 5
    distance: 194.0 px
    threat_level: HIGH
    pattern: zigzag
    speed: 3.0 px/f
    uncertainty: ±76.0 px
    evasion_point: (542, 577)
    commands: EVADE LEFT, EVADE DOWN, EVASIVE ZIGZAG
[2026-05-12 19:29:50.358] [DETECTION   ] Drone detected
    frame: 1019
    bbox: [np.int64(762), np.int64(229), np.int64(919), np.int64(332)]
    confidence: 0.83
    class: 0
[2026-05-12 19:29:50.358] [DETECTION   ] Drone detected
    frame: 1019
    bbox: [np.int64(951), np.int64(200), np.int64(1071), np.int64(269)]
    confidence: 0.81
    class: 0
[2026-05-12 19:29:50.403] [TRACK       ] Track ID:4
    frame: 1019
    track_id: 4
    position: (1109, 246)
    velocity: (-6.5, 1.8)
    speed: 6.7 px/f
    hits: 137
[2026-05-12 19:29:50.404] [TRACK       ] Track ID:5
    frame: 1019
    track_id: 5
    position: (849, 281)
    velocity: (-11.0, -2.5)
    speed: 11.3 px/f
    hits: 136
[2026-05-12 19:29:50.404] [FRAME       ] Frame 1019 processed
    frame: 1019
    detections: 2
    tracks: 2
[2026-05-12 19:29:50.404] [THREAT      ] Track ID:5 - HIGH
    frame: 1019
    track_id: 5
    distance: 140.4 px
    threat_level: HIGH
    pattern: zigzag
    speed: 11.3 px/f
    uncertainty: ±25.8 px
    evasion_point: (554, 554)
    commands: ⚠️ EVADE NOW!, EVADE LEFT, EVADE DOWN, EVASIVE ZIGZAG, FULL THROTTLE
[2026-05-12 19:29:50.452] [DETECTION   ] Drone detected
    frame: 1020
    bbox: [np.int64(760), np.int64(235), np.int64(905), np.int64(332)]
    confidence: 0.84
    class: 0
[2026-05-12 19:29:50.452] [DETECTION   ] Drone detected
    frame: 1020
    bbox: [np.int64(945), np.int64(204), np.int64(1062), np.int64(272)]
    confidence: 0.78
    class: 0
[2026-05-12 19:29:50.498] [TRACK       ] Track ID:4
    frame: 1020
    track_id: 4
    position: (1102, 248)
    velocity: (-6.5, 1.8)
    speed: 6.7 px/f
    hits: 138
[2026-05-12 19:29:50.498] [TRACK       ] Track ID:5
    frame: 1020
    track_id: 5
    position: (834, 282)
    velocity: (-17.5, -2.2)
    speed: 17.6 px/f
    hits: 137
[2026-05-12 19:29:50.498] [FRAME       ] Frame 1020 processed
    frame: 1020
    detections: 2
    tracks: 2
[2026-05-12 19:29:50.499] [THREAT      ] Track ID:5 - CRITICAL
    frame: 1020
    track_id: 5
    distance: 115.5 px
    threat_level: CRITICAL
    pattern: zigzag
    speed: 17.6 px/f
    uncertainty: ±19.5 px
    evasion_point: (551, 550)
    commands: ⚠️ EVADE NOW!, EVADE LEFT, EVADE DOWN, EVASIVE ZIGZAG, FULL THROTTLE
[2026-05-12 19:29:50.507] [STATS       ] Performance stats
    fps: 10.5
    processing_time: 2846.0 ms
[2026-05-12 19:29:50.548] [DETECTION   ] Drone detected
    frame: 1021
    bbox: [np.int64(737), np.int64(269), np.int64(871), np.int64(350)]
    confidence: 0.82
    class: 0
[2026-05-12 19:29:50.549] [DETECTION   ] Drone detected
    frame: 1021
    bbox: [np.int64(918), np.int64(234), np.int64(1016), np.int64(294)]
    confidence: 0.69
    class: 0
[2026-05-12 19:29:50.597] [TRACK       ] Track ID:4
    frame: 1021
    track_id: 4
    position: (1096, 250)
    velocity: (-6.5, 1.8)
    speed: 6.7 px/f
    hits: 139
[2026-05-12 19:29:50.597] [TRACK       ] Track ID:5
    frame: 1021
    track_id: 5
    position: (810, 301)
    velocity: (-22.2, 2.8)
    speed: 22.4 px/f
    hits: 138
[2026-05-12 19:29:50.597] [FRAME       ] Frame 1021 processed
    frame: 1021
    detections: 2
    tracks: 2
[2026-05-12 19:29:50.598] [THREAT      ] Track ID:5 - CRITICAL
    frame: 1021
    track_id: 5
    distance: 58.2 px
    threat_level: CRITICAL
    pattern: zigzag
    speed: 22.4 px/f
    uncertainty: ±16.4 px
    evasion_point: (479, 492)
    commands: ⚠️ EVADE NOW!, EVADE LEFT, EVADE DOWN, EVASIVE ZIGZAG, FULL THROTTLE
[2026-05-12 19:29:50.644] [DETECTION   ] Drone detected
    frame: 1022
    bbox: [np.int64(735), np.int64(270), np.int64(864), np.int64(358)]
    confidence: 0.80
    class: 0
[2026-05-12 19:29:50.644] [DETECTION   ] Drone detected
    frame: 1022
    bbox: [np.int64(905), np.int64(236), np.int64(1011), np.int64(296)]
    confidence: 0.77
    class: 0
[2026-05-12 19:29:50.691] [TRACK       ] Track ID:4
    frame: 1022
    track_id: 4
    position: (1090, 252)
    velocity: (-6.5, 1.8)
    speed: 6.7 px/f
    hits: 140
[2026-05-12 19:29:50.691] [TRACK       ] Track ID:5
    frame: 1022
    track_id: 5
    position: (798, 311)
    velocity: (-20.0, 6.2)
    speed: 21.0 px/f
    hits: 139
[2026-05-12 19:29:50.691] [FRAME       ] Frame 1022 processed
    frame: 1022
    detections: 2
    tracks: 2
[2026-05-12 19:29:50.691] [THREAT      ] Track ID:5 - CRITICAL
    frame: 1022
    track_id: 5
    distance: 47.5 px
    threat_level: CRITICAL
    pattern: zigzag
    speed: 21.0 px/f
    uncertainty: ±16.3 px
    evasion_point: (431, 358)
    commands: ⚠️ EVADE NOW!, EVADE LEFT, EVASIVE ZIGZAG, FULL THROTTLE
[2026-05-12 19:29:50.741] [DETECTION   ] Drone detected
    frame: 1023
    bbox: [np.int64(725), np.int64(290), np.int64(854), np.int64(367)]
    confidence: 0.83
    class: 0
[2026-05-12 19:29:50.742] [DETECTION   ] Drone detected
    frame: 1023
    bbox: [np.int64(895), np.int64(260), np.int64(980), np.int64(310)]
    confidence: 0.58
    class: 0
[2026-05-12 19:29:50.789] [TRACK       ] Track ID:4
    frame: 1023
    track_id: 4
    position: (1083, 253)
    velocity: (-6.5, 1.8)
    speed: 6.7 px/f
    hits: 141
[2026-05-12 19:29:50.789] [TRACK       ] Track ID:5
    frame: 1023
    track_id: 5
    position: (788, 324)
    velocity: (-15.2, 10.8)
    speed: 18.7 px/f
    hits: 140
[2026-05-12 19:29:50.789] [TRACK       ] Track ID:7
    frame: 1023
    track_id: 7
    position: (975, 235)
    velocity: (-9.7, -0.7)
    speed: 9.7 px/f
    hits: 4
[2026-05-12 19:29:50.789] [FRAME       ] Frame 1023 processed
    frame: 1023
    detections: 2
    tracks: 3
[2026-05-12 19:29:50.789] [THREAT      ] Track ID:5 - CRITICAL
    frame: 1023
    track_id: 5
    distance: 79.9 px
    threat_level: CRITICAL
    pattern: zigzag
    speed: 18.7 px/f
    uncertainty: ±16.5 px
    evasion_point: (481, 225)
    commands: ⚠️ EVADE NOW!, EVADE LEFT, EVADE UP, EVASIVE ZIGZAG, FULL THROTTLE
[2026-05-12 19:29:50.836] [DETECTION   ] Drone detected
    frame: 1024
    bbox: [np.int64(876), np.int64(272), np.int64(969), np.int64(327)]
    confidence: 0.81
    class: 0
[2026-05-12 19:29:50.836] [DETECTION   ] Drone detected
    frame: 1024
    bbox: [np.int64(707), np.int64(299), np.int64(833), np.int64(383)]
    confidence: 0.81
    class: 0
[2026-05-12 19:29:50.892] [TRACK       ] Track ID:4
    frame: 1024
    track_id: 4
    position: (1077, 255)
    velocity: (-6.2, 1.8)
    speed: 6.5 px/f
    hits: 142
[2026-05-12 19:29:50.892] [TRACK       ] Track ID:5
    frame: 1024
    track_id: 5
    position: (771, 337)
    velocity: (-15.8, 13.8)
    speed: 20.9 px/f
    hits: 141
[2026-05-12 19:29:50.892] [TRACK       ] Track ID:7
    frame: 1024
    track_id: 7
    position: (965, 235)
    velocity: (-9.8, -0.5)
    speed: 9.8 px/f
    hits: 5
[2026-05-12 19:29:50.892] [FRAME       ] Frame 1024 processed
    frame: 1024
    detections: 2
    tracks: 3
[2026-05-12 19:29:50.893] [THREAT      ] Track ID:5 - CRITICAL
    frame: 1024
    track_id: 5
    distance: 88.7 px
    threat_level: CRITICAL
    pattern: zigzag
    speed: 20.9 px/f
    uncertainty: ±15.1 px
    evasion_point: (497, 209)
    commands: ⚠️ EVADE NOW!, EVADE LEFT, EVADE UP, EVASIVE ZIGZAG, FULL THROTTLE
[2026-05-12 19:29:50.938] [DETECTION   ] Drone detected
    frame: 1025
    bbox: [np.int64(877), np.int64(273), np.int64(969), np.int64(328)]
    confidence: 0.80
    class: 0
[2026-05-12 19:29:50.938] [DETECTION   ] Drone detected
    frame: 1025
    bbox: [np.int64(707), np.int64(303), np.int64(834), np.int64(385)]
    confidence: 0.79
    class: 0
[2026-05-12 19:29:50.984] [TRACK       ] Track ID:4
    frame: 1025
    track_id: 4
    position: (1071, 257)
    velocity: (-6.2, 1.8)
    speed: 6.5 px/f
    hits: 143
[2026-05-12 19:29:50.985] [TRACK       ] Track ID:5
    frame: 1025
    track_id: 5
    position: (767, 344)
    velocity: (-10.8, 10.8)
    speed: 15.2 px/f
    hits: 142
[2026-05-12 19:29:50.985] [TRACK       ] Track ID:7
    frame: 1025
    track_id: 7
    position: (956, 235)
    velocity: (-9.5, -0.2)
    speed: 9.5 px/f
    hits: 6
[2026-05-12 19:29:50.985] [FRAME       ] Frame 1025 processed
    frame: 1025
    detections: 2
    tracks: 3
[2026-05-12 19:29:50.985] [THREAT      ] Track ID:5 - CRITICAL
    frame: 1025
    track_id: 5
    distance: 98.0 px
    threat_level: CRITICAL
    pattern: zigzag
    speed: 15.2 px/f
    uncertainty: ±16.7 px
    evasion_point: (504, 201)
    commands: ⚠️ EVADE NOW!, EVADE LEFT, EVADE UP, EVASIVE ZIGZAG, FULL THROTTLE
[2026-05-12 19:29:51.029] [DETECTION   ] Drone detected
    frame: 1026
    bbox: [np.int64(691), np.int64(306), np.int64(822), np.int64(394)]
    confidence: 0.87
    class: 0
[2026-05-12 19:29:51.030] [DETECTION   ] Drone detected
    frame: 1026
    bbox: [np.int64(857), np.int64(277), np.int64(953), np.int64(334)]
    confidence: 0.80
    class: 0
[2026-05-12 19:29:51.075] [TRACK       ] Track ID:4
    frame: 1026
    track_id: 4
    position: (1064, 258)
    velocity: (-6.5, 1.5)
    speed: 6.7 px/f
    hits: 144
[2026-05-12 19:29:51.075] [TRACK       ] Track ID:5
    frame: 1026
    track_id: 5
    position: (756, 350)
    velocity: (-10.5, 9.8)
    speed: 14.3 px/f
    hits: 143
[2026-05-12 19:29:51.075] [TRACK       ] Track ID:7
    frame: 1026
    track_id: 7
    position: (946, 234)
    velocity: (-9.5, -0.5)
    speed: 9.5 px/f
    hits: 7
[2026-05-12 19:29:51.076] [TRACK       ] Track ID:8
    frame: 1026
    track_id: 8
    position: (906, 306)
    velocity: (-11.7, 8.7)
    speed: 14.5 px/f
    hits: 4
[2026-05-12 19:29:51.076] [FRAME       ] Frame 1026 processed
    frame: 1026
    detections: 2
    tracks: 4
[2026-05-12 19:29:51.076] [THREAT      ] Track ID:5 - CRITICAL
    frame: 1026
    track_id: 5
    distance: 89.2 px
    threat_level: CRITICAL
    pattern: zigzag
    speed: 14.3 px/f
    uncertainty: ±16.5 px
    evasion_point: (508, 198)
    commands: ⚠️ EVADE NOW!, EVADE LEFT, EVADE UP, EVASIVE ZIGZAG, FULL THROTTLE
[2026-05-12 19:29:51.125] [DETECTION   ] Drone detected
    frame: 1027
    bbox: [np.int64(687), np.int64(307), np.int64(805), np.int64(392)]
    confidence: 0.84
    class: 0
[2026-05-12 19:29:51.125] [DETECTION   ] Drone detected
    frame: 1027
    bbox: [np.int64(841), np.int64(277), np.int64(936), np.int64(335)]
    confidence: 0.82
    class: 0
[2026-05-12 19:29:51.172] [TRACK       ] Track ID:4
    frame: 1027
    track_id: 4
    position: (1058, 260)
    velocity: (-6.2, 1.8)
    speed: 6.5 px/f
    hits: 145
[2026-05-12 19:29:51.172] [TRACK       ] Track ID:5
    frame: 1027
    track_id: 5
    position: (745, 351)
    velocity: (-10.8, 6.8)
    speed: 12.7 px/f
    hits: 144
[2026-05-12 19:29:51.172] [TRACK       ] Track ID:7
    frame: 1027
    track_id: 7
    position: (936, 234)
    velocity: (-9.8, -0.2)
    speed: 9.8 px/f
    hits: 8
[2026-05-12 19:29:51.172] [TRACK       ] Track ID:8
    frame: 1027
    track_id: 8
    position: (890, 308)
    velocity: (-12.8, 7.0)
    speed: 14.5 px/f
    hits: 5
[2026-05-12 19:29:51.172] [FRAME       ] Frame 1027 processed
    frame: 1027
    detections: 2
    tracks: 4
[2026-05-12 19:29:51.173] [THREAT      ] Track ID:5 - CRITICAL
    frame: 1027
    track_id: 5
    distance: 63.4 px
    threat_level: CRITICAL
    pattern: zigzag
    speed: 12.7 px/f
    uncertainty: ±16.6 px
    evasion_point: (500, 205)
    commands: ⚠️ EVADE NOW!, EVADE LEFT, EVADE UP, EVASIVE ZIGZAG, FULL THROTTLE
[2026-05-12 19:29:51.222] [DETECTION   ] Drone detected
    frame: 1028
    bbox: [np.int64(678), np.int64(306), np.int64(807), np.int64(392)]
    confidence: 0.86
    class: 0
[2026-05-12 19:29:51.222] [DETECTION   ] Drone detected
    frame: 1028
    bbox: [np.int64(843), np.int64(275), np.int64(936), np.int64(334)]
    confidence: 0.82
    class: 0
[2026-05-12 19:29:51.267] [TRACK       ] Track ID:4
    frame: 1028
    track_id: 4
    position: (1051, 262)
    velocity: (-6.5, 1.8)
    speed: 6.7 px/f
    hits: 146
[2026-05-12 19:29:51.267] [TRACK       ] Track ID:5
    frame: 1028
    track_id: 5
    position: (739, 351)
    velocity: (-8.0, 3.5)
    speed: 8.7 px/f
    hits: 145
[2026-05-12 19:29:51.267] [TRACK       ] Track ID:7
    frame: 1028
    track_id: 7
    position: (927, 233)
    velocity: (-9.5, -0.5)
    speed: 9.5 px/f
    hits: 9
[2026-05-12 19:29:51.267] [TRACK       ] Track ID:8
    frame: 1028
    track_id: 8
    position: (886, 307)
    velocity: (-9.5, 2.5)
    speed: 9.8 px/f
    hits: 6
[2026-05-12 19:29:51.267] [FRAME       ] Frame 1028 processed
    frame: 1028
    detections: 2
    tracks: 4
[2026-05-12 19:29:51.268] [THREAT      ] Track ID:5 - CRITICAL
    frame: 1028
    track_id: 5
    distance: 46.8 px
    threat_level: CRITICAL
    pattern: zigzag
    speed: 8.7 px/f
    uncertainty: ±19.1 px
    evasion_point: (482, 222)
    commands: ⚠️ EVADE NOW!, EVADE LEFT, EVADE UP, EVASIVE ZIGZAG, FULL THROTTLE
[2026-05-12 19:29:51.318] [DETECTION   ] Drone detected
    frame: 1029
    bbox: [np.int64(679), np.int64(310), np.int64(799), np.int64(395)]
    confidence: 0.83
    class: 0
[2026-05-12 19:29:51.318] [DETECTION   ] Drone detected
    frame: 1029
    bbox: [np.int64(834), np.int64(277), np.int64(931), np.int64(335)]
    confidence: 0.82
    class: 0
[2026-05-12 19:29:51.364] [TRACK       ] Track ID:4
    frame: 1029
    track_id: 4
    position: (1045, 264)
    velocity: (-6.5, 1.8)
    speed: 6.7 px/f
    hits: 147
[2026-05-12 19:29:51.364] [TRACK       ] Track ID:5
    frame: 1029
    track_id: 5
    position: (735, 353)
    velocity: (-8.0, 2.2)
    speed: 8.3 px/f
    hits: 146
[2026-05-12 19:29:51.364] [TRACK       ] Track ID:7
    frame: 1029
    track_id: 7
    position: (917, 233)
    velocity: (-9.8, -0.5)
    speed: 9.8 px/f
    hits: 10
[2026-05-12 19:29:51.365] [TRACK       ] Track ID:8
    frame: 1029
    track_id: 8
    position: (880, 308)
    velocity: (-10.0, 1.5)
    speed: 10.1 px/f
    hits: 7
[2026-05-12 19:29:51.365] [FRAME       ] Frame 1029 processed
    frame: 1029
    detections: 2
    tracks: 4
[2026-05-12 19:29:51.365] [THREAT      ] Track ID:5 - CRITICAL
    frame: 1029
    track_id: 5
    distance: 36.1 px
    threat_level: CRITICAL
    pattern: zigzag
    speed: 8.3 px/f
    uncertainty: ±19.2 px
    evasion_point: (461, 250)
    commands: ⚠️ EVADE NOW!, EVADE LEFT, EVADE UP, EVASIVE ZIGZAG, FULL THROTTLE
[2026-05-12 19:29:51.413] [DETECTION   ] Drone detected
    frame: 1030
    bbox: [np.int64(679), np.int64(311), np.int64(799), np.int64(394)]
    confidence: 0.83
    class: 0
[2026-05-12 19:29:51.413] [DETECTION   ] Drone detected
    frame: 1030
    bbox: [np.int64(834), np.int64(277), np.int64(930), np.int64(335)]
    confidence: 0.83
    class: 0
[2026-05-12 19:29:51.458] [TRACK       ] Track ID:4
    frame: 1030
    track_id: 4
    position: (1038, 265)
    velocity: (-6.5, 1.8)
    speed: 6.7 px/f
    hits: 148
[2026-05-12 19:29:51.458] [TRACK       ] Track ID:5
    frame: 1030
    track_id: 5
    position: (734, 354)
    velocity: (-5.5, 1.0)
    speed: 5.6 px/f
    hits: 147
[2026-05-12 19:29:51.458] [TRACK       ] Track ID:7
    frame: 1030
    track_id: 7
    position: (907, 233)
    velocity: (-9.8, -0.2)
    speed: 9.8 px/f
    hits: 11
[2026-05-12 19:29:51.458] [TRACK       ] Track ID:8
    frame: 1030
    track_id: 8
    position: (878, 308)
    velocity: (-7.0, 0.5)
    speed: 7.0 px/f
    hits: 8
[2026-05-12 19:29:51.458] [FRAME       ] Frame 1030 processed
    frame: 1030
    detections: 2
    tracks: 4
[2026-05-12 19:29:51.458] [THREAT      ] Track ID:5 - CRITICAL
    frame: 1030
    track_id: 5
    distance: 10.9 px
    threat_level: CRITICAL
    pattern: unknown
    speed: 5.6 px/f
    uncertainty: ±26.8 px
    evasion_point: (614, 148)
    commands: ⚠️ EVADE NOW!, EVADE UP, FULL THROTTLE
[2026-05-12 19:29:51.506] [DETECTION   ] Drone detected
    frame: 1031
    bbox: [np.int64(680), np.int64(321), np.int64(805), np.int64(399)]
    confidence: 0.82
    class: 0
[2026-05-12 19:29:51.506] [DETECTION   ] Drone detected
    frame: 1031
    bbox: [np.int64(846), np.int64(290), np.int64(933), np.int64(344)]
    confidence: 0.76
    class: 0
[2026-05-12 19:29:51.553] [TRACK       ] Track ID:4
    frame: 1031
    track_id: 4
    position: (1032, 267)
    velocity: (-6.5, 1.8)
    speed: 6.7 px/f
    hits: 149
[2026-05-12 19:29:51.553] [TRACK       ] Track ID:5
    frame: 1031
    track_id: 5
    position: (737, 359)
    velocity: (-2.0, 2.0)
    speed: 2.8 px/f
    hits: 148
[2026-05-12 19:29:51.553] [TRACK       ] Track ID:7
    frame: 1031
    track_id: 7
    position: (898, 233)
    velocity: (-9.5, -0.2)
    speed: 9.5 px/f
    hits: 12
[2026-05-12 19:29:51.553] [TRACK       ] Track ID:8
    frame: 1031
    track_id: 8
    position: (882, 315)
    velocity: (-2.0, 1.8)
    speed: 2.7 px/f
    hits: 9
[2026-05-12 19:29:51.553] [FRAME       ] Frame 1031 processed
    frame: 1031
    detections: 2
    tracks: 4
[2026-05-12 19:29:51.554] [THREAT      ] Track ID:5 - CRITICAL
    frame: 1031
    track_id: 5
    distance: 73.3 px
    threat_level: CRITICAL
    pattern: unknown
    speed: 2.8 px/f
    uncertainty: ±44.3 px
    evasion_point: (553, 155)
    commands: ⚠️ EVADE NOW!, EVADE LEFT, EVADE UP
[2026-05-12 19:29:51.605] [DETECTION   ] Drone detected
    frame: 1032
    bbox: [np.int64(684), np.int64(321), np.int64(808), np.int64(404)]
    confidence: 0.86
    class: 0
[2026-05-12 19:29:51.605] [DETECTION   ] Drone detected
    frame: 1032
    bbox: [np.int64(846), np.int64(289), np.int64(936), np.int64(347)]
    confidence: 0.81
    class: 0
[2026-05-12 19:29:51.652] [TRACK       ] Track ID:4
    frame: 1032
    track_id: 4
    position: (1025, 269)
    velocity: (-6.5, 1.8)
    speed: 6.7 px/f
    hits: 150
[2026-05-12 19:29:51.652] [TRACK       ] Track ID:5
    frame: 1032
    track_id: 5
    position: (740, 362)
    velocity: (0.2, 2.8)
    speed: 2.8 px/f
    hits: 149
[2026-05-12 19:29:51.652] [TRACK       ] Track ID:7
    frame: 1032
    track_id: 7
    position: (888, 232)
    velocity: (-9.8, -0.2)
    speed: 9.8 px/f
    hits: 13
[2026-05-12 19:29:51.652] [TRACK       ] Track ID:8
    frame: 1032
    track_id: 8
    position: (885, 318)
    velocity: (-0.2, 2.8)
    speed: 2.8 px/f
    hits: 10
[2026-05-12 19:29:51.652] [FRAME       ] Frame 1032 processed
    frame: 1032
    detections: 2
    tracks: 4
[2026-05-12 19:29:51.653] [THREAT      ] Track ID:5 - HIGH
    frame: 1032
    track_id: 5
    distance: 147.1 px
    threat_level: HIGH
    pattern: zigzag
    speed: 2.8 px/f
    uncertainty: ±39.0 px
    evasion_point: (481, 208)
    commands: ⚠️ EVADE NOW!, EVADE LEFT, EVADE UP, EVASIVE ZIGZAG
[2026-05-12 19:29:51.702] [DETECTION   ] Drone detected
    frame: 1033
    bbox: [np.int64(681), np.int64(320), np.int64(807), np.int64(402)]
    confidence: 0.84
    class: 0
[2026-05-12 19:29:51.702] [DETECTION   ] Drone detected
    frame: 1033
    bbox: [np.int64(845), np.int64(289), np.int64(936), np.int64(345)]
    confidence: 0.79
    class: 0
[2026-05-12 19:29:51.747] [TRACK       ] Track ID:4
    frame: 1033
    track_id: 4
    position: (1019, 271)
    velocity: (-6.5, 1.8)
    speed: 6.7 px/f
    hits: 151
[2026-05-12 19:29:51.747] [TRACK       ] Track ID:5
    frame: 1033
    track_id: 5
    position: (740, 362)
    velocity: (1.2, 2.2)
    speed: 2.6 px/f
    hits: 150
[2026-05-12 19:29:51.747] [TRACK       ] Track ID:7
    frame: 1033
    track_id: 7
    position: (878, 232)
    velocity: (-9.8, -0.2)
    speed: 9.8 px/f
    hits: 14
[2026-05-12 19:29:51.747] [TRACK       ] Track ID:8
    frame: 1033
    track_id: 8
    position: (887, 318)
    velocity: (1.8, 2.5)
    speed: 3.1 px/f
    hits: 11
[2026-05-12 19:29:51.747] [FRAME       ] Frame 1033 processed
    frame: 1033
    detections: 2
    tracks: 4
[2026-05-12 19:29:51.748] [THREAT      ] Track ID:5 - HIGH
    frame: 1033
    track_id: 5
    distance: 161.1 px
    threat_level: HIGH
    pattern: zigzag
    speed: 2.6 px/f
    uncertainty: ±41.1 px
    evasion_point: (456, 237)
    commands: EVADE LEFT, EVADE UP, EVASIVE ZIGZAG
[2026-05-12 19:29:51.797] [DETECTION   ] Drone detected
    frame: 1034
    bbox: [np.int64(673), np.int64(320), np.int64(802), np.int64(402)]
    confidence: 0.84
    class: 0
[2026-05-12 19:29:51.797] [DETECTION   ] Drone detected
    frame: 1034
    bbox: [np.int64(834), np.int64(287), np.int64(929), np.int64(343)]
    confidence: 0.79
    class: 0
[2026-05-12 19:29:51.842] [TRACK       ] Track ID:4
    frame: 1034
    track_id: 4
    position: (1013, 272)
    velocity: (-6.2, 1.8)
    speed: 6.5 px/f
    hits: 152
[2026-05-12 19:29:51.843] [TRACK       ] Track ID:5
    frame: 1034
    track_id: 5
    position: (736, 362)
    velocity: (0.5, 2.0)
    speed: 2.1 px/f
    hits: 151
[2026-05-12 19:29:51.843] [TRACK       ] Track ID:7
    frame: 1034
    track_id: 7
    position: (869, 232)
    velocity: (-9.5, -0.2)
    speed: 9.5 px/f
    hits: 15
[2026-05-12 19:29:51.843] [TRACK       ] Track ID:8
    frame: 1034
    track_id: 8
    position: (881, 317)
    velocity: (0.8, 2.2)
    speed: 2.4 px/f
    hits: 12
[2026-05-12 19:29:51.843] [FRAME       ] Frame 1034 processed
    frame: 1034
    detections: 2
    tracks: 4
[2026-05-12 19:29:51.843] [THREAT      ] Track ID:5 - CRITICAL
    frame: 1034
    track_id: 5
    distance: 147.2 px
    threat_level: CRITICAL
    pattern: zigzag
    speed: 2.1 px/f
    uncertainty: ±47.3 px
    evasion_point: (469, 215)
    commands: ⚠️ EVADE NOW!, EVADE LEFT, EVADE UP, EVASIVE ZIGZAG
[2026-05-12 19:29:51.893] [DETECTION   ] Drone detected
    frame: 1035
    bbox: [np.int64(671), np.int64(316), np.int64(797), np.int64(398)]
    confidence: 0.82
    class: 0
[2026-05-12 19:29:51.893] [DETECTION   ] Drone detected
    frame: 1035
    bbox: [np.int64(828), np.int64(283), np.int64(926), np.int64(343)]
    confidence: 0.79
    class: 0
[2026-05-12 19:29:51.938] [TRACK       ] Track ID:4
    frame: 1035
    track_id: 4
    position: (1006, 274)
    velocity: (-6.5, 1.8)
    speed: 6.7 px/f
    hits: 153
[2026-05-12 19:29:51.938] [TRACK       ] Track ID:5
    frame: 1035
    track_id: 5
    position: (732, 359)
    velocity: (-1.2, 0.0)
    speed: 1.2 px/f
    hits: 152
[2026-05-12 19:29:51.938] [TRACK       ] Track ID:7
    frame: 1035
    track_id: 7
    position: (859, 231)
    velocity: (-9.8, -0.5)
    speed: 9.8 px/f
    hits: 16
[2026-05-12 19:29:51.938] [TRACK       ] Track ID:8
    frame: 1035
    track_id: 8
    position: (876, 315)
    velocity: (-1.5, 0.0)
    speed: 1.5 px/f
    hits: 13
[2026-05-12 19:29:51.938] [FRAME       ] Frame 1035 processed
    frame: 1035
    detections: 2
    tracks: 4
[2026-05-12 19:29:51.939] [THREAT      ] Track ID:5 - CRITICAL
    frame: 1035
    track_id: 5
    distance: 27.6 px
    threat_level: CRITICAL
    pattern: zigzag
    speed: 1.2 px/f
    uncertainty: ±68.9 px
    evasion_point: (405, 368)
    commands: ⚠️ EVADE NOW!, EVADE LEFT, EVASIVE ZIGZAG
[2026-05-12 19:29:51.986] [DETECTION   ] Drone detected
    frame: 1036
    bbox: [np.int64(669), np.int64(315), np.int64(794), np.int64(399)]
    confidence: 0.82
    class: 0
[2026-05-12 19:29:51.986] [DETECTION   ] Drone detected
    frame: 1036
    bbox: [np.int64(828), np.int64(283), np.int64(926), np.int64(344)]
    confidence: 0.77
    class: 0
[2026-05-12 19:29:52.034] [TRACK       ] Track ID:4
    frame: 1036
    track_id: 4
    position: (1000, 276)
    velocity: (-6.2, 1.8)
    speed: 6.5 px/f
    hits: 154
[2026-05-12 19:29:52.035] [TRACK       ] Track ID:5
    frame: 1036
    track_id: 5
    position: (730, 358)
    velocity: (-2.5, -1.0)
    speed: 2.7 px/f
    hits: 153
[2026-05-12 19:29:52.035] [TRACK       ] Track ID:7
    frame: 1036
    track_id: 7
    position: (849, 231)
    velocity: (-9.8, -0.2)
    speed: 9.8 px/f
    hits: 17
[2026-05-12 19:29:52.035] [TRACK       ] Track ID:8
    frame: 1036
    track_id: 8
    position: (875, 314)
    velocity: (-2.5, -1.0)
    speed: 2.7 px/f
    hits: 14
[2026-05-12 19:29:52.035] [FRAME       ] Frame 1036 processed
    frame: 1036
    detections: 2
    tracks: 4
[2026-05-12 19:29:52.035] [THREAT      ] Track ID:5 - CRITICAL
    frame: 1036
    track_id: 5
    distance: 47.4 px
    threat_level: CRITICAL
    pattern: zigzag
    speed: 2.7 px/f
    uncertainty: ±36.7 px
    evasion_point: (494, 523)
    commands: ⚠️ EVADE NOW!, EVADE LEFT, EVADE DOWN, EVASIVE ZIGZAG
[2026-05-12 19:29:52.085] [DETECTION   ] Drone detected
    frame: 1037
    bbox: [np.int64(669), np.int64(315), np.int64(793), np.int64(397)]
    confidence: 0.81
    class: 0
[2026-05-12 19:29:52.085] [DETECTION   ] Drone detected
    frame: 1037
    bbox: [np.int64(828), np.int64(280), np.int64(925), np.int64(342)]
    confidence: 0.80
    class: 0
[2026-05-12 19:29:52.131] [TRACK       ] Track ID:4
    frame: 1037
    track_id: 4
    position: (993, 277)
    velocity: (-6.5, 1.5)
    speed: 6.7 px/f
    hits: 155
[2026-05-12 19:29:52.131] [TRACK       ] Track ID:5
    frame: 1037
    track_id: 5
    position: (729, 357)
    velocity: (-2.8, -1.2)
    speed: 3.0 px/f
    hits: 154
[2026-05-12 19:29:52.131] [TRACK       ] Track ID:7
    frame: 1037
    track_id: 7
    position: (840, 230)
    velocity: (-9.5, -0.5)
    speed: 9.5 px/f
    hits: 18
[2026-05-12 19:29:52.131] [TRACK       ] Track ID:8
    frame: 1037
    track_id: 8
    position: (874, 312)
    velocity: (-3.2, -1.5)
    speed: 3.6 px/f
    hits: 15
[2026-05-12 19:29:52.131] [FRAME       ] Frame 1037 processed
    frame: 1037
    detections: 2
    tracks: 4
[2026-05-12 19:29:52.131] [THREAT      ] Track ID:5 - CRITICAL
    frame: 1037
    track_id: 5
    distance: 40.6 px
    threat_level: CRITICAL
    pattern: unknown
    speed: 3.0 px/f
    uncertainty: ±39.5 px
    evasion_point: (597, 575)
    commands: ⚠️ EVADE NOW!, EVADE DOWN
[2026-05-12 19:29:52.186] [DETECTION   ] Drone detected
    frame: 1038
    bbox: [np.int64(819), np.int64(275), np.int64(922), np.int64(343)]
    confidence: 0.82
    class: 0
[2026-05-12 19:29:52.186] [DETECTION   ] Drone detected
    frame: 1038
    bbox: [np.int64(661), np.int64(314), np.int64(788), np.int64(396)]
    confidence: 0.82
    class: 0
[2026-05-12 19:29:52.234] [TRACK       ] Track ID:4
    frame: 1038
    track_id: 4
    position: (987, 279)
    velocity: (-6.5, 1.8)
    speed: 6.7 px/f
    hits: 156
[2026-05-12 19:29:52.234] [TRACK       ] Track ID:5
    frame: 1038
    track_id: 5
    position: (724, 356)
    velocity: (-3.0, -1.5)
    speed: 3.4 px/f
    hits: 155
[2026-05-12 19:29:52.235] [TRACK       ] Track ID:7
    frame: 1038
    track_id: 7
    position: (830, 230)
    velocity: (-9.8, -0.5)
    speed: 9.8 px/f
    hits: 19
[2026-05-12 19:29:52.235] [TRACK       ] Track ID:8
    frame: 1038
    track_id: 8
    position: (870, 310)
    velocity: (-2.8, -1.8)
    speed: 3.3 px/f
    hits: 16
[2026-05-12 19:29:52.235] [FRAME       ] Frame 1038 processed
    frame: 1038
    detections: 2
    tracks: 4
[2026-05-12 19:29:52.235] [THREAT      ] Track ID:5 - CRITICAL
    frame: 1038
    track_id: 5
    distance: 42.5 px
    threat_level: CRITICAL
    pattern: unknown
    speed: 3.4 px/f
    uncertainty: ±35.1 px
    evasion_point: (595, 572)
    commands: ⚠️ EVADE NOW!, EVADE DOWN
[2026-05-12 19:29:52.283] [DETECTION   ] Drone detected
    frame: 1039
    bbox: [np.int64(816), np.int64(277), np.int64(919), np.int64(340)]
    confidence: 0.84
    class: 0
[2026-05-12 19:29:52.284] [DETECTION   ] Drone detected
    frame: 1039
    bbox: [np.int64(660), np.int64(314), np.int64(787), np.int64(395)]
    confidence: 0.82
    class: 0
[2026-05-12 19:29:52.328] [TRACK       ] Track ID:4
    frame: 1039
    track_id: 4
    position: (980, 281)
    velocity: (-6.5, 1.8)
    speed: 6.7 px/f
    hits: 157
[2026-05-12 19:29:52.329] [TRACK       ] Track ID:5
    frame: 1039
    track_id: 5
    position: (722, 355)
    velocity: (-2.5, -1.0)
    speed: 2.7 px/f
    hits: 156
[2026-05-12 19:29:52.329] [TRACK       ] Track ID:7
    frame: 1039
    track_id: 7
    position: (821, 229)
    velocity: (-9.5, -0.5)
    speed: 9.5 px/f
    hits: 20
[2026-05-12 19:29:52.329] [TRACK       ] Track ID:8
    frame: 1039
    track_id: 8
    position: (866, 309)
    velocity: (-2.5, -1.5)
    speed: 2.9 px/f
    hits: 17
[2026-05-12 19:29:52.329] [FRAME       ] Frame 1039 processed
    frame: 1039
    detections: 2
    tracks: 4
[2026-05-12 19:29:52.329] [THREAT      ] Track ID:5 - CRITICAL
    frame: 1039
    track_id: 5
    distance: 36.0 px
    threat_level: CRITICAL
    pattern: unknown
    speed: 2.7 px/f
    uncertainty: ±40.5 px
    evasion_point: (604, 577)
    commands: ⚠️ EVADE NOW!, EVADE DOWN
[2026-05-12 19:29:52.409] [DETECTION   ] Drone detected
    frame: 1040
    bbox: [np.int64(816), np.int64(274), np.int64(912), np.int64(334)]
    confidence: 0.83
    class: 0
[2026-05-12 19:29:52.409] [DETECTION   ] Drone detected
    frame: 1040
    bbox: [np.int64(660), np.int64(311), np.int64(786), np.int64(394)]
    confidence: 0.83
    class: 0
[2026-05-12 19:29:52.455] [TRACK       ] Track ID:4
    frame: 1040
    track_id: 4
    position: (974, 283)
    velocity: (-6.5, 1.8)
    speed: 6.7 px/f
    hits: 158
[2026-05-12 19:29:52.455] [TRACK       ] Track ID:5
    frame: 1040
    track_id: 5
    position: (721, 353)
    velocity: (-2.2, -1.2)
    speed: 2.6 px/f
    hits: 157
[2026-05-12 19:29:52.455] [TRACK       ] Track ID:7
    frame: 1040
    track_id: 7
    position: (811, 229)
    velocity: (-9.5, -0.5)
    speed: 9.5 px/f
    hits: 21
[2026-05-12 19:29:52.455] [TRACK       ] Track ID:8
    frame: 1040
    track_id: 8
    position: (863, 306)
    velocity: (-3.0, -2.0)
    speed: 3.6 px/f
    hits: 18
[2026-05-12 19:29:52.455] [FRAME       ] Frame 1040 processed
    frame: 1040
    detections: 2
    tracks: 4
[2026-05-12 19:29:52.455] [THREAT      ] Track ID:5 - CRITICAL
    frame: 1040
    track_id: 5
    distance: 47.5 px
    threat_level: CRITICAL
    pattern: unknown
    speed: 2.6 px/f
    uncertainty: ±41.6 px
    evasion_point: (593, 575)
    commands: ⚠️ EVADE NOW!, EVADE DOWN
[2026-05-12 19:29:52.530] [DETECTION   ] Drone detected
    frame: 1041
    bbox: [np.int64(658), np.int64(314), np.int64(785), np.int64(394)]
    confidence: 0.83
    class: 0
[2026-05-12 19:29:52.530] [DETECTION   ] Drone detected
    frame: 1041
    bbox: [np.int64(816), np.int64(275), np.int64(913), np.int64(336)]
    confidence: 0.82
    class: 0
[2026-05-12 19:29:52.576] [TRACK       ] Track ID:4
    frame: 1041
    track_id: 4
    position: (968, 284)
    velocity: (-6.2, 1.8)
    speed: 6.5 px/f
    hits: 159
[2026-05-12 19:29:52.577] [TRACK       ] Track ID:5
    frame: 1041
    track_id: 5
    position: (720, 354)
    velocity: (-2.2, -0.8)
    speed: 2.4 px/f
    hits: 158
[2026-05-12 19:29:52.577] [TRACK       ] Track ID:7
    frame: 1041
    track_id: 7
    position: (802, 229)
    velocity: (-9.5, -0.2)
    speed: 9.5 px/f
    hits: 22
[2026-05-12 19:29:52.577] [TRACK       ] Track ID:8
    frame: 1041
    track_id: 8
    position: (862, 305)
    velocity: (-3.0, -1.8)
    speed: 3.5 px/f
    hits: 19
[2026-05-12 19:29:52.577] [FRAME       ] Frame 1041 processed
    frame: 1041
    detections: 2
    tracks: 4
[2026-05-12 19:29:52.577] [THREAT      ] Track ID:5 - CRITICAL
    frame: 1041
    track_id: 5
    distance: 31.6 px
    threat_level: CRITICAL
    pattern: unknown
    speed: 2.4 px/f
    uncertainty: ±43.8 px
    evasion_point: (612, 580)
    commands: ⚠️ EVADE NOW!, EVADE DOWN
[2026-05-12 19:29:52.624] [DETECTION   ] Drone detected
    frame: 1042
    bbox: [np.int64(659), np.int64(313), np.int64(790), np.int64(397)]
    confidence: 0.84
    class: 0
[2026-05-12 19:29:52.624] [DETECTION   ] Drone detected
    frame: 1042
    bbox: [np.int64(819), np.int64(278), np.int64(918), np.int64(342)]
    confidence: 0.82
    class: 0
[2026-05-12 19:29:52.672] [TRACK       ] Track ID:4
    frame: 1042
    track_id: 4
    position: (961, 286)
    velocity: (-6.5, 1.8)
    speed: 6.7 px/f
    hits: 160
[2026-05-12 19:29:52.672] [TRACK       ] Track ID:5
    frame: 1042
    track_id: 5
    position: (721, 354)
    velocity: (-0.8, -0.5)
    speed: 0.9 px/f
    hits: 159
[2026-05-12 19:29:52.672] [TRACK       ] Track ID:7
    frame: 1042
    track_id: 7
    position: (792, 228)
    velocity: (-9.5, -0.5)
    speed: 9.5 px/f
    hits: 23
[2026-05-12 19:29:52.672] [TRACK       ] Track ID:8
    frame: 1042
    track_id: 8
    position: (865, 308)
    velocity: (-1.2, -0.5)
    speed: 1.3 px/f
    hits: 20
[2026-05-12 19:29:52.672] [FRAME       ] Frame 1042 processed
    frame: 1042
    detections: 2
    tracks: 4
[2026-05-12 19:29:52.672] [THREAT      ] Track ID:5 - CRITICAL
    frame: 1042
    track_id: 5
    distance: 52.8 px
    threat_level: CRITICAL
    pattern: turning
    speed: 0.9 px/f
    uncertainty: ±55.1 px
    evasion_point: (582, 580)
    commands: ⚠️ EVADE NOW!, EVADE LEFT, EVADE DOWN, PERPENDICULAR
[2026-05-12 19:29:52.721] [DETECTION   ] Drone detected
    frame: 1043
    bbox: [np.int64(658), np.int64(313), np.int64(789), np.int64(396)]
    confidence: 0.84
    class: 0
[2026-05-12 19:29:52.721] [DETECTION   ] Drone detected
    frame: 1043
    bbox: [np.int64(819), np.int64(278), np.int64(918), np.int64(342)]
    confidence: 0.83
    class: 0
[2026-05-12 19:29:52.773] [TRACK       ] Track ID:4
    frame: 1043
    track_id: 4
    position: (955, 288)
    velocity: (-6.2, 1.8)
    speed: 6.5 px/f
    hits: 161
[2026-05-12 19:29:52.773] [TRACK       ] Track ID:5
    frame: 1043
    track_id: 5
    position: (721, 354)
    velocity: (-0.2, -0.2)
    speed: 0.4 px/f
    hits: 160
[2026-05-12 19:29:52.773] [TRACK       ] Track ID:7
    frame: 1043
    track_id: 7
    position: (782, 228)
    velocity: (-9.8, -0.2)
    speed: 9.8 px/f
    hits: 24
[2026-05-12 19:29:52.774] [TRACK       ] Track ID:8
    frame: 1043
    track_id: 8
    position: (866, 309)
    velocity: (0.0, 0.0)
    speed: 0.0 px/f
    hits: 21
[2026-05-12 19:29:52.774] [FRAME       ] Frame 1043 processed
    frame: 1043
    detections: 2
    tracks: 4
[2026-05-12 19:29:52.774] [THREAT      ] Track ID:5 - CRITICAL
    frame: 1043
    track_id: 5
    distance: 64.0 px
    threat_level: CRITICAL
    pattern: turning
    speed: 0.4 px/f
    uncertainty: ±60.0 px
    evasion_point: (438, 471)
    commands: ⚠️ EVADE NOW!, EVADE LEFT, EVADE DOWN, PERPENDICULAR
[2026-05-12 19:29:52.822] [DETECTION   ] Drone detected
    frame: 1044
    bbox: [np.int64(657), np.int64(313), np.int64(787), np.int64(396)]
    confidence: 0.83
    class: 0
[2026-05-12 19:29:52.822] [DETECTION   ] Drone detected
    frame: 1044
    bbox: [np.int64(816), np.int64(276), np.int64(918), np.int64(340)]
    confidence: 0.83
    class: 0
[2026-05-12 19:29:52.869] [TRACK       ] Track ID:4
    frame: 1044
    track_id: 4
    position: (948, 289)
    velocity: (-6.5, 1.5)
    speed: 6.7 px/f
    hits: 162
[2026-05-12 19:29:52.870] [TRACK       ] Track ID:5
    frame: 1044
    track_id: 5
    position: (720, 354)
    velocity: (-0.2, 0.2)
    speed: 0.4 px/f
    hits: 161
[2026-05-12 19:29:52.870] [TRACK       ] Track ID:7
    frame: 1044
    track_id: 7
    position: (773, 228)
    velocity: (-9.5, -0.2)
    speed: 9.5 px/f
    hits: 25
[2026-05-12 19:29:52.870] [TRACK       ] Track ID:8
    frame: 1044
    track_id: 8
    position: (865, 308)
    velocity: (0.5, 0.5)
    speed: 0.7 px/f
    hits: 22
[2026-05-12 19:29:52.870] [FRAME       ] Frame 1044 processed
    frame: 1044
    detections: 2
    tracks: 4
[2026-05-12 19:29:52.870] [THREAT      ] Track ID:5 - CRITICAL
    frame: 1044
    track_id: 5
    distance: 58.2 px
    threat_level: CRITICAL
    pattern: unknown
    speed: 0.4 px/f
    uncertainty: ±110.0 px
    evasion_point: (398, 276)
    commands: ⚠️ EVADE NOW!, EVADE LEFT, EVADE UP
[2026-05-12 19:29:52.917] [DETECTION   ] Drone detected
    frame: 1045
    bbox: [np.int64(817), np.int64(278), np.int64(916), np.int64(342)]
    confidence: 0.82
    class: 0
[2026-05-12 19:29:52.917] [DETECTION   ] Drone detected
    frame: 1045
    bbox: [np.int64(659), np.int64(315), np.int64(790), np.int64(398)]
    confidence: 0.81
    class: 0
[2026-05-12 19:29:52.962] [TRACK       ] Track ID:4
    frame: 1045
    track_id: 4
    position: (942, 291)
    velocity: (-6.5, 1.8)
    speed: 6.7 px/f
    hits: 163
[2026-05-12 19:29:52.962] [TRACK       ] Track ID:5
    frame: 1045
    track_id: 5
    position: (722, 355)
    velocity: (0.5, 0.2)
    speed: 0.6 px/f
    hits: 162
[2026-05-12 19:29:52.963] [TRACK       ] Track ID:7
    frame: 1045
    track_id: 7
    position: (763, 228)
    velocity: (-9.8, -0.2)
    speed: 9.8 px/f
    hits: 26
[2026-05-12 19:29:52.963] [TRACK       ] Track ID:8
    frame: 1045
    track_id: 8
    position: (865, 309)
    velocity: (0.8, 1.0)
    speed: 1.2 px/f
    hits: 23
[2026-05-12 19:29:52.963] [FRAME       ] Frame 1045 processed
    frame: 1045
    detections: 2
    tracks: 4
[2026-05-12 19:29:52.963] [THREAT      ] Track ID:5 - CRITICAL
    frame: 1045
    track_id: 5
    distance: 118.7 px
    threat_level: CRITICAL
    pattern: zigzag
    speed: 0.6 px/f
    uncertainty: ±90.0 px
    evasion_point: (398, 318)
    commands: ⚠️ EVADE NOW!, EVADE LEFT, EVASIVE ZIGZAG
[2026-05-12 19:29:53.009] [DETECTION   ] Drone detected
    frame: 1046
    bbox: [np.int64(817), np.int64(278), np.int64(916), np.int64(342)]
    confidence: 0.82
    class: 0
[2026-05-12 19:29:53.009] [DETECTION   ] Drone detected
    frame: 1046
    bbox: [np.int64(659), np.int64(315), np.int64(790), np.int64(398)]
    confidence: 0.81
    class: 0
[2026-05-12 19:29:53.056] [TRACK       ] Track ID:5
    frame: 1046
    track_id: 5
    position: (722, 356)
    velocity: (0.2, 0.5)
    speed: 0.6 px/f
    hits: 163
[2026-05-12 19:29:53.056] [TRACK       ] Track ID:7
    frame: 1046
    track_id: 7
    position: (754, 227)
    velocity: (-9.5, -0.2)
    speed: 9.5 px/f
    hits: 27
[2026-05-12 19:29:53.056] [TRACK       ] Track ID:8
    frame: 1046
    track_id: 8
    position: (865, 310)
    velocity: (0.0, 0.5)
    speed: 0.5 px/f
    hits: 24
[2026-05-12 19:29:53.056] [FRAME       ] Frame 1046 processed
    frame: 1046
    detections: 2
    tracks: 3
[2026-05-12 19:29:53.057] [THREAT      ] Track ID:5 - CRITICAL
    frame: 1046
    track_id: 5
    distance: 109.6 px
    threat_level: CRITICAL
    pattern: zigzag
    speed: 0.6 px/f
    uncertainty: ±90.0 px
    evasion_point: (417, 257)
    commands: ⚠️ EVADE NOW!, EVADE LEFT, EVADE UP, EVASIVE ZIGZAG
[2026-05-12 19:29:53.098] [DETECTION   ] Drone detected
    frame: 1047
    bbox: [np.int64(661), np.int64(314), np.int64(790), np.int64(397)]
    confidence: 0.84
    class: 0
[2026-05-12 19:29:53.098] [DETECTION   ] Drone detected
    frame: 1047
    bbox: [np.int64(818), np.int64(280), np.int64(916), np.int64(342)]
    confidence: 0.83
    class: 0
[2026-05-12 19:29:53.146] [TRACK       ] Track ID:5
    frame: 1047
    track_id: 5
    position: (723, 355)
    velocity: (0.5, 0.2)
    speed: 0.6 px/f
    hits: 164
[2026-05-12 19:29:53.146] [TRACK       ] Track ID:7
    frame: 1047
    track_id: 7
    position: (744, 227)
    velocity: (-9.5, -0.2)
    speed: 9.5 px/f
    hits: 28
[2026-05-12 19:29:53.146] [TRACK       ] Track ID:8
    frame: 1047
    track_id: 8
    position: (865, 310)
    velocity: (-0.2, 0.2)
    speed: 0.4 px/f
    hits: 25
[2026-05-12 19:29:53.146] [FRAME       ] Frame 1047 processed
    frame: 1047
    detections: 2
    tracks: 3
[2026-05-12 19:29:53.146] [THREAT      ] Track ID:5 - CRITICAL
    frame: 1047
    track_id: 5
    distance: 119.7 px
    threat_level: CRITICAL
    pattern: zigzag
    speed: 0.6 px/f
    uncertainty: ±90.0 px
    evasion_point: (398, 319)
    commands: ⚠️ EVADE NOW!, EVADE LEFT, EVASIVE ZIGZAG
[2026-05-12 19:29:53.189] [DETECTION   ] Drone detected
    frame: 1048
    bbox: [np.int64(664), np.int64(319), np.int64(792), np.int64(401)]
    confidence: 0.85
    class: 0
[2026-05-12 19:29:53.189] [DETECTION   ] Drone detected
    frame: 1048
    bbox: [np.int64(823), np.int64(282), np.int64(914), np.int64(342)]
    confidence: 0.82
    class: 0
[2026-05-12 19:29:53.236] [TRACK       ] Track ID:5
    frame: 1048
    track_id: 5
    position: (726, 358)
    velocity: (1.5, 1.0)
    speed: 1.8 px/f
    hits: 165
[2026-05-12 19:29:53.236] [TRACK       ] Track ID:7
    frame: 1048
    track_id: 7
    position: (734, 226)
    velocity: (-9.8, -0.5)
    speed: 9.8 px/f
    hits: 29
[2026-05-12 19:29:53.236] [TRACK       ] Track ID:8
    frame: 1048
    track_id: 8
    position: (866, 311)
    velocity: (0.2, 0.8)
    speed: 0.8 px/f
    hits: 26
[2026-05-12 19:29:53.236] [FRAME       ] Frame 1048 processed
    frame: 1048
    detections: 2
    tracks: 3
[2026-05-12 19:29:53.236] [THREAT      ] Track ID:5 - CRITICAL
    frame: 1048
    track_id: 5
    distance: 143.6 px
    threat_level: CRITICAL
    pattern: zigzag
    speed: 1.8 px/f
    uncertainty: ±48.2 px
    evasion_point: (427, 288)
    commands: ⚠️ EVADE NOW!, EVADE LEFT, EVADE UP, EVASIVE ZIGZAG
[2026-05-12 19:29:53.285] [DETECTION   ] Drone detected
    frame: 1049
    bbox: [np.int64(664), np.int64(322), np.int64(794), np.int64(408)]
    confidence: 0.87
    class: 0
[2026-05-12 19:29:53.285] [DETECTION   ] Drone detected
    frame: 1049
    bbox: [np.int64(819), np.int64(290), np.int64(914), np.int64(348)]
    confidence: 0.84
    class: 0
[2026-05-12 19:29:53.331] [TRACK       ] Track ID:5
    frame: 1049
    track_id: 5
    position: (727, 362)
    velocity: (1.2, 1.8)
    speed: 2.2 px/f
    hits: 166
[2026-05-12 19:29:53.331] [TRACK       ] Track ID:7
    frame: 1049
    track_id: 7
    position: (725, 226)
    velocity: (-9.5, -0.5)
    speed: 9.5 px/f
    hits: 30
[2026-05-12 19:29:53.331] [TRACK       ] Track ID:8
    frame: 1049
    track_id: 8
    position: (866, 316)
    velocity: (0.2, 1.8)
    speed: 1.8 px/f
    hits: 27
[2026-05-12 19:29:53.331] [FRAME       ] Frame 1049 processed
    frame: 1049
    detections: 2
    tracks: 3
[2026-05-12 19:29:53.331] [THREAT      ] Track ID:5 - HIGH
    frame: 1049
    track_id: 5
    distance: 142.4 px
    threat_level: HIGH
    pattern: zigzag
    speed: 2.2 px/f
    uncertainty: ±42.4 px
    evasion_point: (449, 246)
    commands: ⚠️ EVADE NOW!, EVADE LEFT, EVADE UP, EVASIVE ZIGZAG
[2026-05-12 19:29:53.380] [DETECTION   ] Drone detected
    frame: 1050
    bbox: [np.int64(666), np.int64(323), np.int64(796), np.int64(409)]
    confidence: 0.86
    class: 0
[2026-05-12 19:29:53.381] [DETECTION   ] Drone detected
    frame: 1050
    bbox: [np.int64(821), np.int64(291), np.int64(919), np.int64(351)]
    confidence: 0.86
    class: 0
[2026-05-12 19:29:53.428] [TRACK       ] Track ID:5
    frame: 1050
    track_id: 5
    position: (729, 365)
    velocity: (1.8, 2.2)
    speed: 2.9 px/f
    hits: 167
[2026-05-12 19:29:53.428] [TRACK       ] Track ID:7
    frame: 1050
    track_id: 7
    position: (715, 225)
    velocity: (-9.8, -0.5)
    speed: 9.8 px/f
    hits: 31
[2026-05-12 19:29:53.428] [TRACK       ] Track ID:8
    frame: 1050
    track_id: 8
    position: (867, 319)
    velocity: (0.5, 2.2)
    speed: 2.3 px/f
    hits: 28
[2026-05-12 19:29:53.429] [FRAME       ] Frame 1050 processed
    frame: 1050
    detections: 2
    tracks: 3
[2026-05-12 19:29:53.429] [THREAT      ] Track ID:5 - HIGH
    frame: 1050
    track_id: 5
    distance: 147.9 px
    threat_level: HIGH
    pattern: zigzag
    speed: 2.9 px/f
    uncertainty: ±35.0 px
    evasion_point: (452, 249)
    commands: ⚠️ EVADE NOW!, EVADE LEFT, EVADE UP, EVASIVE ZIGZAG
[2026-05-12 19:29:53.440] [STATS       ] Performance stats
    fps: 10.2
    processing_time: 2932.6 ms
[2026-05-12 19:29:53.478] [DETECTION   ] Drone detected
    frame: 1051
    bbox: [np.int64(669), np.int64(323), np.int64(794), np.int64(409)]
    confidence: 0.85
    class: 0
[2026-05-12 19:29:53.478] [DETECTION   ] Drone detected
    frame: 1051
    bbox: [np.int64(822), np.int64(291), np.int64(918), np.int64(349)]
    confidence: 0.84
    class: 0
[2026-05-12 19:29:53.524] [TRACK       ] Track ID:5
    frame: 1051
    track_id: 5
    position: (730, 366)
    velocity: (1.8, 2.8)
    speed: 3.3 px/f
    hits: 168
[2026-05-12 19:29:53.524] [TRACK       ] Track ID:8
    frame: 1051
    track_id: 8
    position: (868, 320)
    velocity: (0.8, 2.5)
    speed: 2.6 px/f
    hits: 29
[2026-05-12 19:29:53.524] [FRAME       ] Frame 1051 processed
    frame: 1051
    detections: 2
    tracks: 2
[2026-05-12 19:29:53.524] [THREAT      ] Track ID:5 - HIGH
    frame: 1051
    track_id: 5
    distance: 160.9 px
    threat_level: HIGH
    pattern: unknown
    speed: 3.3 px/f
    uncertainty: ±37.7 px
    evasion_point: (451, 248)
    commands: EVADE LEFT, EVADE UP
[2026-05-12 19:29:53.574] [DETECTION   ] Drone detected
    frame: 1052
    bbox: [np.int64(667), np.int64(320), np.int64(793), np.int64(403)]
    confidence: 0.85
    class: 0
[2026-05-12 19:29:53.574] [DETECTION   ] Drone detected
    frame: 1052
    bbox: [np.int64(819), np.int64(288), np.int64(911), np.int64(345)]
    confidence: 0.85
    class: 0
[2026-05-12 19:29:53.618] [TRACK       ] Track ID:5
    frame: 1052
    track_id: 5
    position: (729, 363)
    velocity: (0.8, 1.2)
    speed: 1.5 px/f
    hits: 169
[2026-05-12 19:29:53.619] [TRACK       ] Track ID:8
    frame: 1052
    track_id: 8
    position: (866, 317)
    velocity: (0.0, 1.5)
    speed: 1.5 px/f
    hits: 30
[2026-05-12 19:29:53.619] [FRAME       ] Frame 1052 processed
    frame: 1052
    detections: 2
    tracks: 2
[2026-05-12 19:29:53.619] [THREAT      ] Track ID:5 - CRITICAL
    frame: 1052
    track_id: 5
    distance: 156.4 px
    threat_level: CRITICAL
    pattern: unknown
    speed: 1.5 px/f
    uncertainty: ±71.1 px
    evasion_point: (437, 240)
    commands: EVADE LEFT, EVADE UP
[2026-05-12 19:29:53.668] [DETECTION   ] Drone detected
    frame: 1053
    bbox: [np.int64(820), np.int64(281), np.int64(918), np.int64(342)]
    confidence: 0.84
    class: 0
[2026-05-12 19:29:53.668] [DETECTION   ] Drone detected
    frame: 1053
    bbox: [np.int64(659), np.int64(313), np.int64(792), np.int64(398)]
    confidence: 0.82
    class: 0
[2026-05-12 19:29:53.713] [TRACK       ] Track ID:5
    frame: 1053
    track_id: 5
    position: (726, 358)
    velocity: (-0.2, -1.0)
    speed: 1.0 px/f
    hits: 170
[2026-05-12 19:29:53.713] [TRACK       ] Track ID:8
    frame: 1053
    track_id: 8
    position: (867, 313)
    velocity: (0.2, -0.8)
    speed: 0.8 px/f
    hits: 31
[2026-05-12 19:29:53.713] [FRAME       ] Frame 1053 processed
    frame: 1053
    detections: 2
    tracks: 2
[2026-05-12 19:29:53.713] [THREAT      ] Track ID:5 - CRITICAL
    frame: 1053
    track_id: 5
    distance: 111.4 px
    threat_level: CRITICAL
    pattern: zigzag
    speed: 1.0 px/f
    uncertainty: ±76.8 px
    evasion_point: (487, 542)
    commands: ⚠️ EVADE NOW!, EVADE LEFT, EVADE DOWN, EVASIVE ZIGZAG
[2026-05-12 19:29:53.759] [DETECTION   ] Drone detected
    frame: 1054
    bbox: [np.int64(822), np.int64(278), np.int64(921), np.int64(343)]
    confidence: 0.84
    class: 0
[2026-05-12 19:29:53.759] [DETECTION   ] Drone detected
    frame: 1054
    bbox: [np.int64(659), np.int64(313), np.int64(791), np.int64(398)]
    confidence: 0.83
    class: 0
[2026-05-12 19:29:53.806] [TRACK       ] Track ID:5
    frame: 1054
    track_id: 5
    position: (725, 356)
    velocity: (-1.0, -2.2)
    speed: 2.5 px/f
    hits: 171
[2026-05-12 19:29:53.806] [TRACK       ] Track ID:8
    frame: 1054
    track_id: 8
    position: (869, 311)
    velocity: (0.5, -2.0)
    speed: 2.1 px/f
    hits: 32
[2026-05-12 19:29:53.806] [FRAME       ] Frame 1054 processed
    frame: 1054
    detections: 2
    tracks: 2
[2026-05-12 19:29:53.806] [THREAT      ] Track ID:5 - CRITICAL
    frame: 1054
    track_id: 5
    distance: 96.1 px
    threat_level: CRITICAL
    pattern: turning
    speed: 2.5 px/f
    uncertainty: ±27.3 px
    evasion_point: (527, 541)
    commands: ⚠️ EVADE NOW!, EVADE LEFT, EVADE DOWN, PERPENDICULAR
[2026-05-12 19:29:53.852] [DETECTION   ] Drone detected
    frame: 1055
    bbox: [np.int64(667), np.int64(315), np.int64(802), np.int64(410)]
    confidence: 0.85
    class: 0
[2026-05-12 19:29:53.852] [DETECTION   ] Drone detected
    frame: 1055
    bbox: [np.int64(841), np.int64(285), np.int64(941), np.int64(347)]
    confidence: 0.83
    class: 0
[2026-05-12 19:29:53.899] [TRACK       ] Track ID:5
    frame: 1055
    track_id: 5
    position: (731, 360)
    velocity: (0.2, -1.5)
    speed: 1.5 px/f
    hits: 172
[2026-05-12 19:29:53.899] [TRACK       ] Track ID:8
    frame: 1055
    track_id: 8
    position: (883, 314)
    velocity: (3.8, -1.5)
    speed: 4.0 px/f
    hits: 33
[2026-05-12 19:29:53.899] [FRAME       ] Frame 1055 processed
    frame: 1055
    detections: 2
    tracks: 2
[2026-05-12 19:29:53.899] [THREAT      ] Track ID:5 - CRITICAL
    frame: 1055
    track_id: 5
    distance: 135.5 px
    threat_level: CRITICAL
    pattern: zigzag
    speed: 1.5 px/f
    uncertainty: ±57.9 px
    evasion_point: (468, 511)
    commands: ⚠️ EVADE NOW!, EVADE LEFT, EVADE DOWN, EVASIVE ZIGZAG
[2026-05-12 19:29:53.944] [DETECTION   ] Drone detected
    frame: 1056
    bbox: [np.int64(662), np.int64(314), np.int64(804), np.int64(410)]
    confidence: 0.87
    class: 0
[2026-05-12 19:29:53.944] [DETECTION   ] Drone detected
    frame: 1056
    bbox: [np.int64(841), np.int64(281), np.int64(949), np.int64(347)]
    confidence: 0.81
    class: 0
[2026-05-12 19:29:53.990] [TRACK       ] Track ID:5
    frame: 1056
    track_id: 5
    position: (732, 361)
    velocity: (0.8, -0.5)
    speed: 0.9 px/f
    hits: 173
[2026-05-12 19:29:53.990] [TRACK       ] Track ID:8
    frame: 1056
    track_id: 8
    position: (891, 313)
    velocity: (6.2, -1.0)
    speed: 6.3 px/f
    hits: 34
[2026-05-12 19:29:53.990] [FRAME       ] Frame 1056 processed
    frame: 1056
    detections: 2
    tracks: 2
[2026-05-12 19:29:53.990] [THREAT      ] Track ID:5 - CRITICAL
    frame: 1056
    track_id: 5
    distance: 152.6 px
    threat_level: CRITICAL
    pattern: zigzag
    speed: 0.9 px/f
    uncertainty: ±90.0 px
    evasion_point: (407, 438)
    commands: EVADE LEFT, EVADE DOWN, EVASIVE ZIGZAG
[2026-05-12 19:29:54.037] [DETECTION   ] Drone detected
    frame: 1057
    bbox: [np.int64(660), np.int64(300), np.int64(824), np.int64(399)]
    confidence: 0.87
    class: 0
[2026-05-12 19:29:54.037] [DETECTION   ] Drone detected
    frame: 1057
    bbox: [np.int64(855), np.int64(271), np.int64(975), np.int64(342)]
    confidence: 0.85
    class: 0
[2026-05-12 19:29:54.080] [TRACK       ] Track ID:5
    frame: 1057
    track_id: 5
    position: (738, 353)
    velocity: (3.0, -1.2)
    speed: 3.2 px/f
    hits: 174
[2026-05-12 19:29:54.081] [TRACK       ] Track ID:8
    frame: 1057
    track_id: 8
    position: (906, 308)
    velocity: (9.8, -1.2)
    speed: 9.8 px/f
    hits: 35
[2026-05-12 19:29:54.081] [FRAME       ] Frame 1057 processed
    frame: 1057
    detections: 2
    tracks: 2
[2026-05-12 19:29:54.081] [THREAT      ] Track ID:5 - HIGH
    frame: 1057
    track_id: 5
    distance: 167.6 px
    threat_level: HIGH
    pattern: zigzag
    speed: 3.2 px/f
    uncertainty: ±34.2 px
    evasion_point: (430, 418)
    commands: EVADE LEFT, EVADE DOWN, EVASIVE ZIGZAG
[2026-05-12 19:29:54.128] [DETECTION   ] Drone detected
    frame: 1058
    bbox: [np.int64(858), np.int64(264), np.int64(984), np.int64(341)]
    confidence: 0.86
    class: 0
[2026-05-12 19:29:54.128] [DETECTION   ] Drone detected
    frame: 1058
    bbox: [np.int64(657), np.int64(297), np.int64(824), np.int64(398)]
    confidence: 0.84
    class: 0
[2026-05-12 19:29:54.128] [DETECTION   ] Drone detected
    frame: 1058
    bbox: [np.int64(715), np.int64(240), np.int64(744), np.int64(265)]
    confidence: 0.41
    class: 0
[2026-05-12 19:29:54.219] [TRACK       ] Track ID:5
    frame: 1058
    track_id: 5
    position: (739, 349)
    velocity: (3.5, -1.8)
    speed: 3.9 px/f
    hits: 175
[2026-05-12 19:29:54.219] [TRACK       ] Track ID:8
    frame: 1058
    track_id: 8
    position: (917, 304)
    velocity: (12.0, -1.8)
    speed: 12.1 px/f
    hits: 36
[2026-05-12 19:29:54.219] [FRAME       ] Frame 1058 processed
    frame: 1058
    detections: 3
    tracks: 2
[2026-05-12 19:29:54.219] [THREAT      ] Track ID:5 - HIGH
    frame: 1058
    track_id: 5
    distance: 170.7 px
    threat_level: HIGH
    pattern: zigzag
    speed: 3.9 px/f
    uncertainty: ±30.4 px
    evasion_point: (436, 430)
    commands: EVADE LEFT, EVADE DOWN, EVASIVE ZIGZAG
[2026-05-12 19:29:54.267] [DETECTION   ] Drone detected
    frame: 1059
    bbox: [np.int64(677), np.int64(291), np.int64(863), np.int64(408)]
    confidence: 0.89
    class: 0
[2026-05-12 19:29:54.267] [DETECTION   ] Drone detected
    frame: 1059
    bbox: [np.int64(890), np.int64(263), np.int64(1047), np.int64(351)]
    confidence: 0.86
    class: 0
[2026-05-12 19:29:54.314] [TRACK       ] Track ID:5
    frame: 1059
    track_id: 5
    position: (759, 349)
    velocity: (7.0, -2.8)
    speed: 7.5 px/f
    hits: 176
[2026-05-12 19:29:54.315] [TRACK       ] Track ID:8
    frame: 1059
    track_id: 8
    position: (950, 305)
    velocity: (16.8, -2.2)
    speed: 16.9 px/f
    hits: 37
[2026-05-12 19:29:54.315] [FRAME       ] Frame 1059 processed
    frame: 1059
    detections: 2
    tracks: 2
[2026-05-12 19:29:54.315] [THREAT      ] Track ID:5 - HIGH
    frame: 1059
    track_id: 5
    distance: 204.3 px
    threat_level: HIGH
    pattern: zigzag
    speed: 7.5 px/f
    uncertainty: ±22.7 px
    evasion_point: (436, 416)
    commands: EVADE LEFT, EVADE DOWN, EVASIVE ZIGZAG, FULL THROTTLE
[2026-05-12 19:29:54.362] [DETECTION   ] Drone detected
    frame: 1060
    bbox: [np.int64(898), np.int64(264), np.int64(1061), np.int64(354)]
    confidence: 0.88
    class: 0
[2026-05-12 19:29:54.362] [DETECTION   ] Drone detected
    frame: 1060
    bbox: [np.int64(678), np.int64(294), np.int64(866), np.int64(414)]
    confidence: 0.87
    class: 0
[2026-05-12 19:29:54.362] [DETECTION   ] Drone detected
    frame: 1060
    bbox: [np.int64(744), np.int64(233), np.int64(787), np.int64(262)]
    confidence: 0.46
    class: 0
[2026-05-12 19:29:54.437] [TRACK       ] Track ID:5
    frame: 1060
    track_id: 5
    position: (767, 351)
    velocity: (8.8, -2.5)
    speed: 9.1 px/f
    hits: 177
[2026-05-12 19:29:54.437] [TRACK       ] Track ID:8
    frame: 1060
    track_id: 8
    position: (970, 307)
    velocity: (19.8, -1.5)
    speed: 19.8 px/f
    hits: 38
[2026-05-12 19:29:54.438] [FRAME       ] Frame 1060 processed
    frame: 1060
    detections: 3
    tracks: 2
[2026-05-12 19:29:54.438] [THREAT      ] Track ID:5 - HIGH
    frame: 1060
    track_id: 5
    distance: 217.2 px
    threat_level: HIGH
    pattern: zigzag
    speed: 9.1 px/f
    uncertainty: ±21.2 px
    evasion_point: (433, 402)
    commands: EVADE LEFT, EVASIVE ZIGZAG, FULL THROTTLE
[2026-05-12 19:29:54.485] [DETECTION   ] Drone detected
    frame: 1061
    bbox: [np.int64(693), np.int64(292), np.int64(899), np.int64(423)]
    confidence: 0.87
    class: 0
[2026-05-12 19:29:54.486] [DETECTION   ] Drone detected
    frame: 1061
    bbox: [np.int64(930), np.int64(267), np.int64(1112), np.int64(364)]
    confidence: 0.83
    class: 0
[2026-05-12 19:29:54.486] [DETECTION   ] Drone detected
    frame: 1061
    bbox: [np.int64(768), np.int64(232), np.int64(811), np.int64(261)]
    confidence: 0.42
    class: 0
[2026-05-12 19:29:54.580] [TRACK       ] Track ID:5
    frame: 1061
    track_id: 5
    position: (786, 354)
    velocity: (12.0, 0.2)
    speed: 12.0 px/f
    hits: 178
[2026-05-12 19:29:54.581] [TRACK       ] Track ID:8
    frame: 1061
    track_id: 8
    position: (1004, 312)
    velocity: (24.5, 1.0)
    speed: 24.5 px/f
    hits: 39
[2026-05-12 19:29:54.581] [FRAME       ] Frame 1061 processed
    frame: 1061
    detections: 3
    tracks: 2
[2026-05-12 19:29:54.581] [THREAT      ] Track ID:5 - MEDIUM
    frame: 1061
    track_id: 5
    distance: 248.3 px
    threat_level: MEDIUM
    pattern: zigzag
    speed: 12.0 px/f
    uncertainty: ±19.7 px
    evasion_point: (430, 362)
    commands: EVADE LEFT, EVASIVE ZIGZAG, FULL THROTTLE
[2026-05-12 19:29:54.627] [DETECTION   ] Drone detected
    frame: 1062
    bbox: [np.int64(717), np.int64(298), np.int64(925), np.int64(425)]
    confidence: 0.61
    class: 0
[2026-05-12 19:29:54.627] [DETECTION   ] Drone detected
    frame: 1062
    bbox: [np.int64(793), np.int64(237), np.int64(836), np.int64(265)]
    confidence: 0.57
    class: 0
[2026-05-12 19:29:54.627] [DETECTION   ] Drone detected
    frame: 1062
    bbox: [np.int64(1039), np.int64(211), np.int64(1104), np.int64(243)]
    confidence: 0.53
    class: 0
[2026-05-12 19:29:54.706] [TRACK       ] Track ID:5
    frame: 1062
    track_id: 5
    position: (809, 359)
    velocity: (17.5, 2.5)
    speed: 17.7 px/f
    hits: 179
[2026-05-12 19:29:54.706] [TRACK       ] Track ID:8
    frame: 1062
    track_id: 8
    position: (1014, 311)
    velocity: (24.2, 1.8)
    speed: 24.3 px/f
    hits: 40
[2026-05-12 19:29:54.706] [FRAME       ] Frame 1062 processed
    frame: 1062
    detections: 3
    tracks: 2
[2026-05-12 19:29:54.707] [THREAT      ] Track ID:5 - MEDIUM
    frame: 1062
    track_id: 5
    distance: 287.0 px
    threat_level: MEDIUM
    pattern: zigzag
    speed: 17.7 px/f
    uncertainty: ±17.6 px
    evasion_point: (431, 343)
    commands: EVADE LEFT, EVASIVE ZIGZAG, FULL THROTTLE
[2026-05-12 19:29:54.753] [DETECTION   ] Drone detected
    frame: 1063
    bbox: [np.int64(738), np.int64(283), np.int64(947), np.int64(407)]
    confidence: 0.86
    class: 0
[2026-05-12 19:29:54.753] [DETECTION   ] Drone detected
    frame: 1063
    bbox: [np.int64(1003), np.int64(247), np.int64(1182), np.int64(353)]
    confidence: 0.64
    class: 0
[2026-05-12 19:29:54.811] [TRACK       ] Track ID:5
    frame: 1063
    track_id: 5
    position: (832, 349)
    velocity: (18.2, 0.0)
    speed: 18.2 px/f
    hits: 180
[2026-05-12 19:29:54.811] [TRACK       ] Track ID:8
    frame: 1063
    track_id: 8
    position: (1024, 312)
    velocity: (18.5, 1.8)
    speed: 18.6 px/f
    hits: 41
[2026-05-12 19:29:54.811] [FRAME       ] Frame 1063 processed
    frame: 1063
    detections: 2
    tracks: 2
[2026-05-12 19:29:54.811] [THREAT      ] Track ID:5 - LOW
    frame: 1063
    track_id: 5
    distance: 326.8 px
    threat_level: LOW
    pattern: zigzag
    speed: 18.2 px/f
    uncertainty: ±18.4 px
    evasion_point: (430, 367)
    commands: EVADE LEFT, EVASIVE ZIGZAG, FULL THROTTLE
[2026-05-12 19:29:54.862] [DETECTION   ] Drone detected
    frame: 1064
    bbox: [np.int64(991), np.int64(195), np.int64(1189), np.int64(302)]
    confidence: 0.90
    class: 0
[2026-05-12 19:29:54.863] [DETECTION   ] Drone detected
    frame: 1064
    bbox: [np.int64(732), np.int64(231), np.int64(959), np.int64(362)]
    confidence: 0.87
    class: 0
[2026-05-12 19:29:54.912] [TRACK       ] Track ID:5
    frame: 1064
    track_id: 5
    position: (843, 315)
    velocity: (19.0, -9.0)
    speed: 21.0 px/f
    hits: 181
[2026-05-12 19:29:54.912] [TRACK       ] Track ID:8
    frame: 1064
    track_id: 8
    position: (1033, 312)
    velocity: (15.8, 1.2)
    speed: 15.8 px/f
    hits: 42
[2026-05-12 19:29:54.912] [FRAME       ] Frame 1064 processed
    frame: 1064
    detections: 2
    tracks: 2
[2026-05-12 19:29:54.913] [THREAT      ] Track ID:5 - LOW
    frame: 1064
    track_id: 5
    distance: 413.2 px
    threat_level: LOW
    pattern: turning
    speed: 21.0 px/f
    uncertainty: ±14.9 px
    evasion_point: (443, 427)
    commands: EVADE LEFT, EVADE DOWN, PERPENDICULAR, FULL THROTTLE
[2026-05-12 19:29:54.962] [DETECTION   ] Drone detected
    frame: 1065
    bbox: [np.int64(988), np.int64(190), np.int64(1180), np.int64(296)]
    confidence: 0.89
    class: 0
[2026-05-12 19:29:54.962] [DETECTION   ] Drone detected
    frame: 1065
    bbox: [np.int64(725), np.int64(221), np.int64(956), np.int64(358)]
    confidence: 0.87
    class: 0
[2026-05-12 19:29:55.013] [TRACK       ] Track ID:5
    frame: 1065
    track_id: 5
    position: (843, 297)
    velocity: (14.2, -14.2)
    speed: 20.2 px/f
    hits: 182
[2026-05-12 19:29:55.013] [TRACK       ] Track ID:8
    frame: 1065
    track_id: 8
    position: (1043, 312)
    velocity: (9.8, 0.0)
    speed: 9.8 px/f
    hits: 43
[2026-05-12 19:29:55.014] [FRAME       ] Frame 1065 processed
    frame: 1065
    detections: 2
    tracks: 2
[2026-05-12 19:29:55.014] [THREAT      ] Track ID:5 - LOW
    frame: 1065
    track_id: 5
    distance: 412.7 px
    threat_level: LOW
    pattern: turning
    speed: 20.2 px/f
    uncertainty: ±15.3 px
    evasion_point: (462, 467)
    commands: EVADE LEFT, EVADE DOWN, PERPENDICULAR, FULL THROTTLE
[2026-05-12 19:29:55.064] [DETECTION   ] Drone detected
    frame: 1066
    bbox: [np.int64(693), np.int64(199), np.int64(919), np.int64(337)]
    confidence: 0.82
    class: 0
[2026-05-12 19:29:55.064] [DETECTION   ] Drone detected
    frame: 1066
    bbox: [np.int64(954), np.int64(161), np.int64(1149), np.int64(278)]
    confidence: 0.66
    class: 0
[2026-05-12 19:29:55.115] [TRACK       ] Track ID:5
    frame: 1066
    track_id: 5
    position: (822, 276)
    velocity: (3.2, -20.8)
    speed: 21.0 px/f
    hits: 183
[2026-05-12 19:29:55.115] [TRACK       ] Track ID:8
    frame: 1066
    track_id: 8
    position: (1052, 311)
    velocity: (9.5, 0.0)
    speed: 9.5 px/f
    hits: 44
[2026-05-12 19:29:55.115] [FRAME       ] Frame 1066 processed
    frame: 1066
    detections: 2
    tracks: 2
[2026-05-12 19:29:55.115] [THREAT      ] Track ID:5 - LOW
    frame: 1066
    track_id: 5
    distance: 353.4 px
    threat_level: LOW
    pattern: turning
    speed: 21.0 px/f
    uncertainty: ±14.8 px
    evasion_point: (515, 525)
    commands: EVADE LEFT, EVADE DOWN, PERPENDICULAR, FULL THROTTLE
[2026-05-12 19:29:55.163] [DETECTION   ] Drone detected
    frame: 1067
    bbox: [np.int64(664), np.int64(189), np.int64(891), np.int64(328)]
    confidence: 0.88
    class: 0
[2026-05-12 19:29:55.163] [DETECTION   ] Drone detected
    frame: 1067
    bbox: [np.int64(920), np.int64(156), np.int64(1108), np.int64(264)]
    confidence: 0.88
    class: 0
[2026-05-12 19:29:55.215] [TRACK       ] Track ID:5
    frame: 1067
    track_id: 5
    position: (794, 262)
    velocity: (-9.5, -21.8)
    speed: 23.7 px/f
    hits: 184
[2026-05-12 19:29:55.216] [TRACK       ] Track ID:8
    frame: 1067
    track_id: 8
    position: (1062, 312)
    velocity: (9.5, 0.0)
    speed: 9.5 px/f
    hits: 45
[2026-05-12 19:29:55.216] [FRAME       ] Frame 1067 processed
    frame: 1067
    detections: 2
    tracks: 2
[2026-05-12 19:29:55.216] [THREAT      ] Track ID:5 - MEDIUM
    frame: 1067
    track_id: 5
    distance: 284.5 px
    threat_level: MEDIUM
    pattern: zigzag
    speed: 23.7 px/f
    uncertainty: ±16.2 px
    evasion_point: (564, 554)
    commands: EVADE LEFT, EVADE DOWN, EVASIVE ZIGZAG, FULL THROTTLE
[2026-05-12 19:29:55.263] [DETECTION   ] Drone detected
    frame: 1068
    bbox: [np.int64(626), np.int64(161), np.int64(850), np.int64(301)]
    confidence: 0.87
    class: 0
[2026-05-12 19:29:55.264] [DETECTION   ] Drone detected
    frame: 1068
    bbox: [np.int64(880), np.int64(126), np.int64(1061), np.int64(233)]
    confidence: 0.83
    class: 0
[2026-05-12 19:29:55.313] [TRACK       ] Track ID:5
    frame: 1068
    track_id: 5
    position: (758, 239)
    velocity: (-21.2, -19.0)
    speed: 28.5 px/f
    hits: 185
[2026-05-12 19:29:55.313] [TRACK       ] Track ID:8
    frame: 1068
    track_id: 8
    position: (1071, 312)
    velocity: (9.5, 0.0)
    speed: 9.5 px/f
    hits: 46
[2026-05-12 19:29:55.313] [TRACK       ] Track ID:14
    frame: 1068
    track_id: 14
    position: (980, 183)
    velocity: (-35.0, -20.0)
    speed: 40.3 px/f
    hits: 4
[2026-05-12 19:29:55.313] [FRAME       ] Frame 1068 processed
    frame: 1068
    detections: 2
    tracks: 3
[2026-05-12 19:29:55.313] [THREAT      ] Track ID:5 - MEDIUM
    frame: 1068
    track_id: 5
    distance: 235.5 px
    threat_level: MEDIUM
    pattern: zigzag
    speed: 28.5 px/f
    uncertainty: ±14.7 px
    evasion_point: (613, 565)
    commands: EVADE DOWN, EVASIVE ZIGZAG, FULL THROTTLE
[2026-05-12 19:29:55.363] [DETECTION   ] Drone detected
    frame: 1069
    bbox: [np.int64(619), np.int64(154), np.int64(835), np.int64(289)]
    confidence: 0.89
    class: 0
[2026-05-12 19:29:55.364] [DETECTION   ] Drone detected
    frame: 1069
    bbox: [np.int64(868), np.int64(118), np.int64(1048), np.int64(223)]
    confidence: 0.86
    class: 0
[2026-05-12 19:29:55.418] [TRACK       ] Track ID:5
    frame: 1069
    track_id: 5
    position: (737, 225)
    velocity: (-26.5, -18.0)
    speed: 32.0 px/f
    hits: 186
[2026-05-12 19:29:55.418] [TRACK       ] Track ID:8
    frame: 1069
    track_id: 8
    position: (1081, 312)
    velocity: (9.5, 0.0)
    speed: 9.5 px/f
    hits: 47
[2026-05-12 19:29:55.418] [TRACK       ] Track ID:14
    frame: 1069
    track_id: 14
    position: (957, 169)
    velocity: (-32.0, -18.5)
    speed: 37.0 px/f
    hits: 5
[2026-05-12 19:29:55.418] [FRAME       ] Frame 1069 processed
    frame: 1069
    detections: 2
    tracks: 3
[2026-05-12 19:29:55.419] [THREAT      ] Track ID:5 - MEDIUM
    frame: 1069
    track_id: 5
    distance: 228.4 px
    threat_level: MEDIUM
    pattern: zigzag
    speed: 32.0 px/f
    uncertainty: ±14.2 px
    evasion_point: (639, 567)
    commands: EVADE DOWN, EVASIVE ZIGZAG, FULL THROTTLE
[2026-05-12 19:29:55.467] [DETECTION   ] Drone detected
    frame: 1070
    bbox: [np.int64(595), np.int64(127), np.int64(806), np.int64(256)]
    confidence: 0.91
    class: 0
[2026-05-12 19:29:55.468] [DETECTION   ] Drone detected
    frame: 1070
    bbox: [np.int64(831), np.int64(89), np.int64(1007), np.int64(190)]
    confidence: 0.88
    class: 0
[2026-05-12 19:29:55.517] [TRACK       ] Track ID:5
    frame: 1070
    track_id: 5
    position: (711, 199)
    velocity: (-27.8, -19.2)
    speed: 33.8 px/f
    hits: 187
[2026-05-12 19:29:55.517] [TRACK       ] Track ID:8
    frame: 1070
    track_id: 8
    position: (1090, 312)
    velocity: (9.5, 0.2)
    speed: 9.5 px/f
    hits: 48
[2026-05-12 19:29:55.517] [TRACK       ] Track ID:14
    frame: 1070
    track_id: 14
    position: (923, 143)
    velocity: (-33.8, -19.8)
    speed: 39.1 px/f
    hits: 6
[2026-05-12 19:29:55.517] [FRAME       ] Frame 1070 processed
    frame: 1070
    detections: 2
    tracks: 3
[2026-05-12 19:29:55.518] [THREAT      ] Track ID:5 - MEDIUM
    frame: 1070
    track_id: 5
    distance: 263.0 px
    threat_level: MEDIUM
    pattern: zigzag
    speed: 33.8 px/f
    uncertainty: ±14.2 px
    evasion_point: (663, 565)
    commands: EVADE DOWN, EVASIVE ZIGZAG, FULL THROTTLE
[2026-05-12 19:29:55.569] [DETECTION   ] Drone detected
    frame: 1071
    bbox: [np.int64(602), np.int64(104), np.int64(804), np.int64(237)]
    confidence: 0.90
    class: 0
[2026-05-12 19:29:55.569] [DETECTION   ] Drone detected
    frame: 1071
    bbox: [np.int64(821), np.int64(63), np.int64(997), np.int64(171)]
    confidence: 0.88
    class: 0
[2026-05-12 19:29:55.618] [TRACK       ] Track ID:5
    frame: 1071
    track_id: 5
    position: (703, 176)
    velocity: (-22.8, -21.5)
    speed: 31.3 px/f
    hits: 188
[2026-05-12 19:29:55.619] [TRACK       ] Track ID:8
    frame: 1071
    track_id: 8
    position: (1100, 312)
    velocity: (9.5, 0.0)
    speed: 9.5 px/f
    hits: 49
[2026-05-12 19:29:55.619] [TRACK       ] Track ID:14
    frame: 1071
    track_id: 14
    position: (905, 119)
    velocity: (-29.5, -22.5)
    speed: 37.1 px/f
    hits: 7
[2026-05-12 19:29:55.619] [FRAME       ] Frame 1071 processed
    frame: 1071
    detections: 2
    tracks: 3
[2026-05-12 19:29:55.619] [THREAT      ] Track ID:5 - LOW
    frame: 1071
    track_id: 5
    distance: 319.6 px
    threat_level: LOW
    pattern: zigzag
    speed: 31.3 px/f
    uncertainty: ±15.0 px
    evasion_point: (663, 566)
    commands: EVADE DOWN, EVASIVE ZIGZAG, FULL THROTTLE
[2026-05-12 19:29:55.667] [DETECTION   ] Drone detected
    frame: 1072
    bbox: [np.int64(607), np.int64(105), np.int64(806), np.int64(237)]
    confidence: 0.89
    class: 0
[2026-05-12 19:29:55.667] [DETECTION   ] Drone detected
    frame: 1072
    bbox: [np.int64(822), np.int64(64), np.int64(997), np.int64(171)]
    confidence: 0.88
    class: 0
[2026-05-12 19:29:55.719] [TRACK       ] Track ID:5
    frame: 1072
    track_id: 5
    position: (703, 168)
    velocity: (-13.8, -17.8)
    speed: 22.5 px/f
    hits: 189
[2026-05-12 19:29:55.719] [TRACK       ] Track ID:8
    frame: 1072
    track_id: 8
    position: (1109, 312)
    velocity: (9.5, 0.0)
    speed: 9.5 px/f
    hits: 50
[2026-05-12 19:29:55.719] [TRACK       ] Track ID:14
    frame: 1072
    track_id: 14
    position: (900, 111)
    velocity: (-20.0, -18.0)
    speed: 26.9 px/f
    hits: 8
[2026-05-12 19:29:55.719] [FRAME       ] Frame 1072 processed
    frame: 1072
    detections: 2
    tracks: 3
[2026-05-12 19:29:55.719] [THREAT      ] Track ID:5 - LOW
    frame: 1072
    track_id: 5
    distance: 339.4 px
    threat_level: LOW
    pattern: accelerating
    speed: 22.5 px/f
    uncertainty: ±13.6 px
    evasion_point: (630, 566)
    commands: EVADE DOWN, FULL THROTTLE
[2026-05-12 19:29:55.771] [DETECTION   ] Drone detected
    frame: 1073
    bbox: [np.int64(657), np.int64(122), np.int64(854), np.int64(252)]
    confidence: 0.90
    class: 0
[2026-05-12 19:29:55.771] [DETECTION   ] Drone detected
    frame: 1073
    bbox: [np.int64(875), np.int64(85), np.int64(1035), np.int64(179)]
    confidence: 0.82
    class: 0
[2026-05-12 19:29:55.820] [TRACK       ] Track ID:5
    frame: 1073
    track_id: 5
    position: (735, 176)
    velocity: (-0.5, -12.2)
    speed: 12.3 px/f
    hits: 190
[2026-05-12 19:29:55.820] [TRACK       ] Track ID:8
    frame: 1073
    track_id: 8
    position: (1119, 312)
    velocity: (9.5, 0.0)
    speed: 9.5 px/f
    hits: 51
[2026-05-12 19:29:55.820] [TRACK       ] Track ID:14
    frame: 1073
    track_id: 14
    position: (879, 94)
    velocity: (-19.5, -18.8)
    speed: 27.1 px/f
    hits: 9
[2026-05-12 19:29:55.821] [FRAME       ] Frame 1073 processed
    frame: 1073
    detections: 2
    tracks: 3
[2026-05-12 19:29:55.821] [THREAT      ] Track ID:5 - LOW
    frame: 1073
    track_id: 5
    distance: 1030.6 px
    threat_level: LOW
    pattern: accelerating
    speed: 12.3 px/f
    uncertainty: ±16.8 px
    evasion_point: (435, 397)
    commands: EVADE LEFT, FULL THROTTLE
[2026-05-12 19:29:55.872] [DETECTION   ] Drone detected
    frame: 1074
    bbox: [np.int64(949), np.int64(61), np.int64(1001), np.int64(92)]
    confidence: 0.50
    class: 0
[2026-05-12 19:29:55.872] [DETECTION   ] Drone detected
    frame: 1074
    bbox: [np.int64(737), np.int64(89), np.int64(778), np.int64(119)]
    confidence: 0.45
    class: 0
[2026-05-12 19:29:55.922] [TRACK       ] Track ID:5
    frame: 1074
    track_id: 5
    position: (734, 167)
    velocity: (5.8, -8.0)
    speed: 9.9 px/f
    hits: 191
[2026-05-12 19:29:55.922] [TRACK       ] Track ID:8
    frame: 1074
    track_id: 8
    position: (1129, 312)
    velocity: (9.8, 0.0)
    speed: 9.8 px/f
    hits: 52
[2026-05-12 19:29:55.922] [TRACK       ] Track ID:14
    frame: 1074
    track_id: 14
    position: (858, 77)
    velocity: (-16.2, -16.5)
    speed: 23.2 px/f
    hits: 10
[2026-05-12 19:29:55.922] [FRAME       ] Frame 1074 processed
    frame: 1074
    detections: 2
    tracks: 3
[2026-05-12 19:29:55.923] [THREAT      ] Track ID:5 - LOW
    frame: 1074
    track_id: 5
    distance: 2227.8 px
    threat_level: LOW
    pattern: accelerating
    speed: 9.9 px/f
    uncertainty: ±18.7 px
    evasion_point: (432, 331)
    commands: EVADE LEFT, FULL THROTTLE
[2026-05-12 19:29:55.971] [DETECTION   ] Drone detected
    frame: 1075
    bbox: [np.int64(664), np.int64(154), np.int64(856), np.int64(280)]
    confidence: 0.80
    class: 0
[2026-05-12 19:29:56.008] [TRACK       ] Track ID:5
    frame: 1075
    track_id: 5
    position: (732, 158)
    velocity: (7.2, -4.5)
    speed: 8.5 px/f
    hits: 192
[2026-05-12 19:29:56.008] [TRACK       ] Track ID:8
    frame: 1075
    track_id: 8
    position: (1138, 312)
    velocity: (9.5, 0.0)
    speed: 9.5 px/f
    hits: 53
[2026-05-12 19:29:56.008] [TRACK       ] Track ID:14
    frame: 1075
    track_id: 14
    position: (837, 59)
    velocity: (-17.0, -15.0)
    speed: 22.7 px/f
    hits: 11
[2026-05-12 19:29:56.008] [FRAME       ] Frame 1075 processed
    frame: 1075
    detections: 1
    tracks: 3
[2026-05-12 19:29:56.009] [THREAT      ] Track ID:5 - LOW
    frame: 1075
    track_id: 5
    distance: 3032.0 px
    threat_level: LOW
    pattern: accelerating
    speed: 8.5 px/f
    uncertainty: ±20.4 px
    evasion_point: (444, 282)
    commands: EVADE LEFT, EVADE UP, FULL THROTTLE
[2026-05-12 19:29:56.061] [TRACK       ] Track ID:5
    frame: 1076
    track_id: 5
    position: (732, 149)
    velocity: (7.2, -4.8)
    speed: 8.7 px/f
    hits: 193
[2026-05-12 19:29:56.062] [TRACK       ] Track ID:8
    frame: 1076
    track_id: 8
    position: (1148, 312)
    velocity: (9.8, 0.0)
    speed: 9.8 px/f
    hits: 54
[2026-05-12 19:29:56.062] [TRACK       ] Track ID:14
    frame: 1076
    track_id: 14
    position: (816, 43)
    velocity: (-21.0, -17.0)
    speed: 27.0 px/f
    hits: 12
[2026-05-12 19:29:56.062] [FRAME       ] Frame 1076 processed
    frame: 1076
    detections: 0
    tracks: 3
[2026-05-12 19:29:56.062] [THREAT      ] Track ID:5 - LOW
    frame: 1076
    track_id: 5
    distance: 2284.0 px
    threat_level: LOW
    pattern: accelerating
    speed: 8.7 px/f
    uncertainty: ±20.6 px
    evasion_point: (443, 285)
    commands: EVADE LEFT, EVADE UP, FULL THROTTLE
[2026-05-12 19:29:56.109] [DETECTION   ] Drone detected
    frame: 1077
    bbox: [np.int64(839), np.int64(143), np.int64(1003), np.int64(242)]
    confidence: 0.42
    class: 0
[2026-05-12 19:29:56.149] [TRACK       ] Track ID:5
    frame: 1077
    track_id: 5
    position: (730, 139)
    velocity: (-1.2, -9.2)
    speed: 9.3 px/f
    hits: 194
[2026-05-12 19:29:56.150] [TRACK       ] Track ID:8
    frame: 1077
    track_id: 8
    position: (1158, 312)
    velocity: (9.8, 0.0)
    speed: 9.8 px/f
    hits: 55
[2026-05-12 19:29:56.150] [TRACK       ] Track ID:14
    frame: 1077
    track_id: 14
    position: (795, 26)
    velocity: (-21.0, -17.0)
    speed: 27.0 px/f
    hits: 13
[2026-05-12 19:29:56.150] [FRAME       ] Frame 1077 processed
    frame: 1077
    detections: 1
    tracks: 3
[2026-05-12 19:29:56.150] [THREAT      ] Track ID:5 - LOW
    frame: 1077
    track_id: 5
    distance: 462.4 px
    threat_level: LOW
    pattern: zigzag
    speed: 9.3 px/f
    uncertainty: ±30.5 px
    evasion_point: (608, 572)
    commands: EVADE DOWN, EVASIVE ZIGZAG, FULL THROTTLE
[2026-05-12 19:29:56.200] [DETECTION   ] Drone detected
    frame: 1078
    bbox: [np.int64(592), np.int64(187), np.int64(785), np.int64(319)]
    confidence: 0.56
    class: 0
[2026-05-12 19:29:56.236] [TRACK       ] Track ID:5
    frame: 1078
    track_id: 5
    position: (729, 130)
    velocity: (-1.2, -9.2)
    speed: 9.3 px/f
    hits: 195
[2026-05-12 19:29:56.236] [TRACK       ] Track ID:8
    frame: 1078
    track_id: 8
    position: (1167, 312)
    velocity: (9.5, 0.0)
    speed: 9.5 px/f
    hits: 56
[2026-05-12 19:29:56.236] [TRACK       ] Track ID:14
    frame: 1078
    track_id: 14
    position: (774, 8)
    velocity: (-21.0, -17.2)
    speed: 27.2 px/f
    hits: 14
[2026-05-12 19:29:56.236] [FRAME       ] Frame 1078 processed
    frame: 1078
    detections: 1
    tracks: 3
[2026-05-12 19:29:56.236] [THREAT      ] Track ID:5 - LOW
    frame: 1078
    track_id: 5
    distance: 479.0 px
    threat_level: LOW
    pattern: zigzag
    speed: 9.3 px/f
    uncertainty: ±31.1 px
    evasion_point: (610, 573)
    commands: EVADE DOWN, EVASIVE ZIGZAG, FULL THROTTLE
[2026-05-12 19:29:56.288] [DETECTION   ] Drone detected
    frame: 1079
    bbox: [np.int64(807), np.int64(163), np.int64(966), np.int64(264)]
    confidence: 0.83
    class: 0
[2026-05-12 19:29:56.289] [DETECTION   ] Drone detected
    frame: 1079
    bbox: [np.int64(583), np.int64(197), np.int64(775), np.int64(322)]
    confidence: 0.79
    class: 0
[2026-05-12 19:29:56.289] [DETECTION   ] Drone detected
    frame: 1079
    bbox: [np.int64(650), np.int64(140), np.int64(693), np.int64(168)]
    confidence: 0.55
    class: 0
[2026-05-12 19:29:56.289] [DETECTION   ] Drone detected
    frame: 1079
    bbox: [np.int64(865), np.int64(110), np.int64(918), np.int64(139)]
    confidence: 0.54
    class: 0
[2026-05-12 19:29:56.469] [TRACK       ] Track ID:5
    frame: 1079
    track_id: 5
    position: (728, 121)
    velocity: (-1.0, -9.2)
    speed: 9.3 px/f
    hits: 196
[2026-05-12 19:29:56.470] [TRACK       ] Track ID:8
    frame: 1079
    track_id: 8
    position: (1177, 312)
    velocity: (9.8, 0.0)
    speed: 9.8 px/f
    hits: 57
[2026-05-12 19:29:56.470] [TRACK       ] Track ID:14
    frame: 1079
    track_id: 14
    position: (753, -9)
    velocity: (-21.0, -17.0)
    speed: 27.0 px/f
    hits: 15
[2026-05-12 19:29:56.470] [FRAME       ] Frame 1079 processed
    frame: 1079
    detections: 4
    tracks: 3
[2026-05-12 19:29:56.470] [THREAT      ] Track ID:5 - LOW
    frame: 1079
    track_id: 5
    distance: 497.0 px
    threat_level: LOW
    pattern: zigzag
    speed: 9.3 px/f
    uncertainty: ±31.9 px
    evasion_point: (610, 573)
    commands: EVADE DOWN, EVASIVE ZIGZAG, FULL THROTTLE
[2026-05-12 19:29:56.528] [DETECTION   ] Drone detected
    frame: 1080
    bbox: [np.int64(820), np.int64(194), np.int64(995), np.int64(295)]
    confidence: 0.88
    class: 0
[2026-05-12 19:29:56.528] [DETECTION   ] Drone detected
    frame: 1080
    bbox: [np.int64(599), np.int64(224), np.int64(797), np.int64(354)]
    confidence: 0.87
    class: 0
[2026-05-12 19:29:56.529] [DETECTION   ] Drone detected
    frame: 1080
    bbox: [np.int64(883), np.int64(138), np.int64(943), np.int64(169)]
    confidence: 0.41
    class: 0
[2026-05-12 19:29:56.643] [TRACK       ] Track ID:5
    frame: 1080
    track_id: 5
    position: (726, 112)
    velocity: (-1.5, -9.2)
    speed: 9.4 px/f
    hits: 197
[2026-05-12 19:29:56.643] [TRACK       ] Track ID:8
    frame: 1080
    track_id: 8
    position: (1186, 312)
    velocity: (9.5, 0.0)
    speed: 9.5 px/f
    hits: 58
[2026-05-12 19:29:56.643] [TRACK       ] Track ID:14
    frame: 1080
    track_id: 14
    position: (732, -26)
    velocity: (-21.0, -17.2)
    speed: 27.2 px/f
    hits: 16
[2026-05-12 19:29:56.643] [FRAME       ] Frame 1080 processed
    frame: 1080
    detections: 3
    tracks: 3
[2026-05-12 19:29:56.643] [THREAT      ] Track ID:5 - LOW
    frame: 1080
    track_id: 5
    distance: 510.3 px
    threat_level: LOW
    pattern: zigzag
    speed: 9.4 px/f
    uncertainty: ±32.4 px
    evasion_point: (616, 574)
    commands: EVADE DOWN, EVASIVE ZIGZAG, FULL THROTTLE
[2026-05-12 19:29:56.657] [STATS       ] Performance stats
    fps: 9.3
    processing_time: 3217.0 ms
[2026-05-12 19:29:56.693] [DETECTION   ] Drone detected
    frame: 1081
    bbox: [np.int64(829), np.int64(193), np.int64(1002), np.int64(295)]
    confidence: 0.89
    class: 0
[2026-05-12 19:29:56.693] [DETECTION   ] Drone detected
    frame: 1081
    bbox: [np.int64(612), np.int64(223), np.int64(808), np.int64(354)]
    confidence: 0.88
    class: 0
[2026-05-12 19:29:56.756] [TRACK       ] Track ID:5
    frame: 1081
    track_id: 5
    position: (725, 103)
    velocity: (-1.2, -9.0)
    speed: 9.1 px/f
    hits: 198
[2026-05-12 19:29:56.756] [TRACK       ] Track ID:8
    frame: 1081
    track_id: 8
    position: (1196, 312)
    velocity: (9.5, 0.0)
    speed: 9.5 px/f
    hits: 59
[2026-05-12 19:29:56.756] [TRACK       ] Track ID:14
    frame: 1081
    track_id: 14
    position: (711, -43)
    velocity: (-21.0, -17.2)
    speed: 27.2 px/f
    hits: 17
[2026-05-12 19:29:56.757] [FRAME       ] Frame 1081 processed
    frame: 1081
    detections: 2
    tracks: 3
[2026-05-12 19:29:56.757] [THREAT      ] Track ID:5 - LOW
    frame: 1081
    track_id: 5
    distance: 528.4 px
    threat_level: LOW
    pattern: zigzag
    speed: 9.1 px/f
    uncertainty: ±33.8 px
    evasion_point: (615, 575)
    commands: EVADE DOWN, EVASIVE ZIGZAG, FULL THROTTLE
[2026-05-12 19:29:56.805] [DETECTION   ] Drone detected
    frame: 1082
    bbox: [np.int64(609), np.int64(226), np.int64(808), np.int64(359)]
    confidence: 0.88
    class: 0
[2026-05-12 19:29:56.805] [DETECTION   ] Drone detected
    frame: 1082
    bbox: [np.int64(828), np.int64(198), np.int64(1006), np.int64(300)]
    confidence: 0.86
    class: 0
[2026-05-12 19:29:56.850] [TRACK       ] Track ID:5
    frame: 1082
    track_id: 5
    position: (724, 93)
    velocity: (-1.2, -9.2)
    speed: 9.3 px/f
    hits: 199
[2026-05-12 19:29:56.850] [TRACK       ] Track ID:8
    frame: 1082
    track_id: 8
    position: (1205, 312)
    velocity: (9.5, 0.0)
    speed: 9.5 px/f
    hits: 60
[2026-05-12 19:29:56.850] [TRACK       ] Track ID:14
    frame: 1082
    track_id: 14
    position: (690, -60)
    velocity: (-21.0, -17.0)
    speed: 27.0 px/f
    hits: 18
[2026-05-12 19:29:56.850] [FRAME       ] Frame 1082 processed
    frame: 1082
    detections: 2
    tracks: 3
[2026-05-12 19:29:56.851] [THREAT      ] Track ID:5 - LOW
    frame: 1082
    track_id: 5
    distance: 547.4 px
    threat_level: LOW
    pattern: zigzag
    speed: 9.3 px/f
    uncertainty: ±34.0 px
    evasion_point: (617, 575)
    commands: EVADE DOWN, EVASIVE ZIGZAG, FULL THROTTLE
[2026-05-12 19:29:56.899] [DETECTION   ] Drone detected
    frame: 1083
    bbox: [np.int64(600), np.int64(234), np.int64(808), np.int64(368)]
    confidence: 0.90
    class: 0
[2026-05-12 19:29:56.900] [DETECTION   ] Drone detected
    frame: 1083
    bbox: [np.int64(818), np.int64(201), np.int64(998), np.int64(310)]
    confidence: 0.87
    class: 0
[2026-05-12 19:29:56.951] [TRACK       ] Track ID:5
    frame: 1083
    track_id: 5
    position: (722, 84)
    velocity: (-1.5, -9.2)
    speed: 9.4 px/f
    hits: 200
[2026-05-12 19:29:56.951] [TRACK       ] Track ID:8
    frame: 1083
    track_id: 8
    position: (1215, 312)
    velocity: (9.5, 0.0)
    speed: 9.5 px/f
    hits: 61
[2026-05-12 19:29:56.951] [TRACK       ] Track ID:14
    frame: 1083
    track_id: 14
    position: (669, -78)
    velocity: (-21.0, -17.2)
    speed: 27.2 px/f
    hits: 19
[2026-05-12 19:29:56.952] [TRACK       ] Track ID:20
    frame: 1083
    track_id: 20
    position: (707, 301)
    velocity: (4.7, 6.3)
    speed: 7.9 px/f
    hits: 4
[2026-05-12 19:29:56.952] [FRAME       ] Frame 1083 processed
    frame: 1083
    detections: 2
    tracks: 4
[2026-05-12 19:29:56.952] [THREAT      ] Track ID:20 - CRITICAL
    frame: 1083
    track_id: 20
    distance: 120.6 px
    threat_level: CRITICAL
    pattern: unknown
    speed: 7.9 px/f
    uncertainty: ±21.3 px
    evasion_point: (430, 337)
    commands: ⚠️ EVADE NOW!, EVADE LEFT, FULL THROTTLE
[2026-05-12 19:29:57.000] [DETECTION   ] Drone detected
    frame: 1084
    bbox: [np.int64(613), np.int64(237), np.int64(817), np.int64(370)]
    confidence: 0.89
    class: 0
[2026-05-12 19:29:57.001] [DETECTION   ] Drone detected
    frame: 1084
    bbox: [np.int64(836), np.int64(209), np.int64(1011), np.int64(317)]
    confidence: 0.85
    class: 0
[2026-05-12 19:29:57.058] [TRACK       ] Track ID:5
    frame: 1084
    track_id: 5
    position: (721, 75)
    velocity: (-1.2, -9.2)
    speed: 9.3 px/f
    hits: 201
[2026-05-12 19:29:57.059] [TRACK       ] Track ID:8
    frame: 1084
    track_id: 8
    position: (1224, 312)
    velocity: (9.5, 0.0)
    speed: 9.5 px/f
    hits: 62
[2026-05-12 19:29:57.059] [TRACK       ] Track ID:14
    frame: 1084
    track_id: 14
    position: (648, -95)
    velocity: (-21.0, -17.2)
    speed: 27.2 px/f
    hits: 20
[2026-05-12 19:29:57.059] [TRACK       ] Track ID:20
    frame: 1084
    track_id: 20
    position: (713, 305)
    velocity: (5.0, 5.8)
    speed: 7.6 px/f
    hits: 5
[2026-05-12 19:29:57.059] [TRACK       ] Track ID:22
    frame: 1084
    track_id: 22
    position: (920, 262)
    velocity: (2.3, 6.0)
    speed: 6.4 px/f
    hits: 4
[2026-05-12 19:29:57.059] [FRAME       ] Frame 1084 processed
    frame: 1084
    detections: 2
    tracks: 5
[2026-05-12 19:29:57.059] [THREAT      ] Track ID:20 - HIGH
    frame: 1084
    track_id: 20
    distance: 133.7 px
    threat_level: HIGH
    pattern: unknown
    speed: 7.6 px/f
    uncertainty: ±22.0 px
    evasion_point: (430, 337)
    commands: ⚠️ EVADE NOW!, EVADE LEFT, FULL THROTTLE
[2026-05-12 19:29:57.111] [DETECTION   ] Drone detected
    frame: 1085
    bbox: [np.int64(619), np.int64(238), np.int64(824), np.int64(370)]
    confidence: 0.88
    class: 0
[2026-05-12 19:29:57.111] [DETECTION   ] Drone detected
    frame: 1085
    bbox: [np.int64(838), np.int64(204), np.int64(1017), np.int64(319)]
    confidence: 0.84
    class: 0
[2026-05-12 19:29:57.169] [TRACK       ] Track ID:5
    frame: 1085
    track_id: 5
    position: (720, 66)
    velocity: (-1.2, -9.2)
    speed: 9.3 px/f
    hits: 202
[2026-05-12 19:29:57.169] [TRACK       ] Track ID:8
    frame: 1085
    track_id: 8
    position: (1234, 312)
    velocity: (9.5, 0.0)
    speed: 9.5 px/f
    hits: 63
[2026-05-12 19:29:57.169] [TRACK       ] Track ID:14
    frame: 1085
    track_id: 14
    position: (627, -112)
    velocity: (-21.0, -17.2)
    speed: 27.2 px/f
    hits: 21
[2026-05-12 19:29:57.169] [TRACK       ] Track ID:20
    frame: 1085
    track_id: 20
    position: (720, 306)
    velocity: (3.2, 4.2)
    speed: 5.4 px/f
    hits: 6
[2026-05-12 19:29:57.170] [TRACK       ] Track ID:22
    frame: 1085
    track_id: 22
    position: (926, 263)
    velocity: (3.2, 4.8)
    speed: 5.8 px/f
    hits: 5
[2026-05-12 19:29:57.170] [FRAME       ] Frame 1085 processed
    frame: 1085
    detections: 2
    tracks: 5
[2026-05-12 19:29:57.170] [THREAT      ] Track ID:20 - HIGH
    frame: 1085
    track_id: 20
    distance: 140.5 px
    threat_level: HIGH
    pattern: unknown
    speed: 5.4 px/f
    uncertainty: ±28.0 px
    evasion_point: (428, 325)
    commands: ⚠️ EVADE NOW!, EVADE LEFT, FULL THROTTLE
[2026-05-12 19:29:57.219] [DETECTION   ] Drone detected
    frame: 1086
    bbox: [np.int64(630), np.int64(242), np.int64(840), np.int64(373)]
    confidence: 0.90
    class: 0
[2026-05-12 19:29:57.219] [DETECTION   ] Drone detected
    frame: 1086
    bbox: [np.int64(857), np.int64(215), np.int64(1034), np.int64(323)]
    confidence: 0.87
    class: 0
[2026-05-12 19:29:57.267] [TRACK       ] Track ID:5
    frame: 1086
    track_id: 5
    position: (718, 57)
    velocity: (-1.5, -9.0)
    speed: 9.1 px/f
    hits: 203
[2026-05-12 19:29:57.267] [TRACK       ] Track ID:8
    frame: 1086
    track_id: 8
    position: (1243, 312)
    velocity: (9.5, 0.0)
    speed: 9.5 px/f
    hits: 64
[2026-05-12 19:29:57.268] [TRACK       ] Track ID:14
    frame: 1086
    track_id: 14
    position: (606, -129)
    velocity: (-21.0, -17.2)
    speed: 27.2 px/f
    hits: 22
[2026-05-12 19:29:57.268] [TRACK       ] Track ID:20
    frame: 1086
    track_id: 20
    position: (731, 309)
    velocity: (5.5, 3.8)
    speed: 6.7 px/f
    hits: 7
[2026-05-12 19:29:57.268] [TRACK       ] Track ID:22
    frame: 1086
    track_id: 22
    position: (940, 268)
    velocity: (5.8, 4.8)
    speed: 7.5 px/f
    hits: 6
[2026-05-12 19:29:57.268] [FRAME       ] Frame 1086 processed
    frame: 1086
    detections: 2
    tracks: 5
[2026-05-12 19:29:57.268] [THREAT      ] Track ID:20 - HIGH
    frame: 1086
    track_id: 20
    distance: 177.4 px
    threat_level: HIGH
    pattern: unknown
    speed: 6.7 px/f
    uncertainty: ±25.7 px
    evasion_point: (427, 350)
    commands: EVADE LEFT, FULL THROTTLE
[2026-05-12 19:29:57.314] [DETECTION   ] Drone detected
    frame: 1087
    bbox: [np.int64(638), np.int64(245), np.int64(845), np.int64(378)]
    confidence: 0.89
    class: 0
[2026-05-12 19:29:57.314] [DETECTION   ] Drone detected
    frame: 1087
    bbox: [np.int64(860), np.int64(218), np.int64(1040), np.int64(328)]
    confidence: 0.88
    class: 0
[2026-05-12 19:29:57.358] [TRACK       ] Track ID:5
    frame: 1087
    track_id: 5
    position: (717, 48)
    velocity: (-1.2, -9.0)
    speed: 9.1 px/f
    hits: 204
[2026-05-12 19:29:57.358] [TRACK       ] Track ID:8
    frame: 1087
    track_id: 8
    position: (1253, 312)
    velocity: (9.5, 0.0)
    speed: 9.5 px/f
    hits: 65
[2026-05-12 19:29:57.359] [TRACK       ] Track ID:14
    frame: 1087
    track_id: 14
    position: (585, -147)
    velocity: (-21.0, -17.2)
    speed: 27.2 px/f
    hits: 23
[2026-05-12 19:29:57.359] [TRACK       ] Track ID:20
    frame: 1087
    track_id: 20
    position: (740, 312)
    velocity: (8.2, 2.8)
    speed: 8.7 px/f
    hits: 8
[2026-05-12 19:29:57.359] [TRACK       ] Track ID:22
    frame: 1087
    track_id: 22
    position: (948, 272)
    velocity: (9.2, 4.5)
    speed: 10.3 px/f
    hits: 7
[2026-05-12 19:29:57.359] [FRAME       ] Frame 1087 processed
    frame: 1087
    detections: 2
    tracks: 5
[2026-05-12 19:29:57.359] [THREAT      ] Track ID:20 - HIGH
    frame: 1087
    track_id: 20
    distance: 205.6 px
    threat_level: HIGH
    pattern: unknown
    speed: 8.7 px/f
    uncertainty: ±22.8 px
    evasion_point: (429, 373)
    commands: EVADE LEFT, FULL THROTTLE
[2026-05-12 19:29:57.404] [DETECTION   ] Drone detected
    frame: 1088
    bbox: [np.int64(872), np.int64(223), np.int64(1048), np.int64(329)]
    confidence: 0.89
    class: 0
[2026-05-12 19:29:57.404] [DETECTION   ] Drone detected
    frame: 1088
    bbox: [np.int64(644), np.int64(249), np.int64(857), np.int64(385)]
    confidence: 0.89
    class: 0
[2026-05-12 19:29:57.447] [TRACK       ] Track ID:5
    frame: 1088
    track_id: 5
    position: (716, 38)
    velocity: (-1.2, -9.2)
    speed: 9.3 px/f
    hits: 205
[2026-05-12 19:29:57.447] [TRACK       ] Track ID:8
    frame: 1088
    track_id: 8
    position: (1262, 312)
    velocity: (9.5, 0.0)
    speed: 9.5 px/f
    hits: 66
[2026-05-12 19:29:57.447] [TRACK       ] Track ID:14
    frame: 1088
    track_id: 14
    position: (564, -164)
    velocity: (-21.0, -17.2)
    speed: 27.2 px/f
    hits: 24
[2026-05-12 19:29:57.448] [TRACK       ] Track ID:20
    frame: 1088
    track_id: 20
    position: (748, 316)
    velocity: (8.8, 2.8)
    speed: 9.2 px/f
    hits: 9
[2026-05-12 19:29:57.448] [TRACK       ] Track ID:22
    frame: 1088
    track_id: 22
    position: (957, 276)
    velocity: (9.2, 3.5)
    speed: 9.9 px/f
    hits: 8
[2026-05-12 19:29:57.448] [FRAME       ] Frame 1088 processed
    frame: 1088
    detections: 2
    tracks: 5
[2026-05-12 19:29:57.448] [THREAT      ] Track ID:20 - HIGH
    frame: 1088
    track_id: 20
    distance: 219.4 px
    threat_level: HIGH
    pattern: unknown
    speed: 9.2 px/f
    uncertainty: ±22.7 px
    evasion_point: (428, 368)
    commands: EVADE LEFT, FULL THROTTLE
[2026-05-12 19:29:57.492] [DETECTION   ] Drone detected
    frame: 1089
    bbox: [np.int64(878), np.int64(225), np.int64(1059), np.int64(332)]
    confidence: 0.89
    class: 0
[2026-05-12 19:29:57.492] [DETECTION   ] Drone detected
    frame: 1089
    bbox: [np.int64(656), np.int64(256), np.int64(861), np.int64(388)]
    confidence: 0.88
    class: 0
[2026-05-12 19:29:57.536] [TRACK       ] Track ID:5
    frame: 1089
    track_id: 5
    position: (714, 30)
    velocity: (-1.5, -9.0)
    speed: 9.1 px/f
    hits: 206
[2026-05-12 19:29:57.536] [TRACK       ] Track ID:8
    frame: 1089
    track_id: 8
    position: (1272, 312)
    velocity: (9.5, 0.0)
    speed: 9.5 px/f
    hits: 67
[2026-05-12 19:29:57.536] [TRACK       ] Track ID:14
    frame: 1089
    track_id: 14
    position: (544, -181)
    velocity: (-20.8, -17.2)
    speed: 27.0 px/f
    hits: 25
[2026-05-12 19:29:57.536] [TRACK       ] Track ID:20
    frame: 1089
    track_id: 20
    position: (757, 321)
    velocity: (9.2, 3.8)
    speed: 10.0 px/f
    hits: 10
[2026-05-12 19:29:57.536] [TRACK       ] Track ID:22
    frame: 1089
    track_id: 22
    position: (966, 279)
    velocity: (10.0, 4.0)
    speed: 10.8 px/f
    hits: 9
[2026-05-12 19:29:57.537] [FRAME       ] Frame 1089 processed
    frame: 1089
    detections: 2
    tracks: 5
[2026-05-12 19:29:57.537] [THREAT      ] Track ID:20 - MEDIUM
    frame: 1089
    track_id: 20
    distance: 231.4 px
    threat_level: MEDIUM
    pattern: unknown
    speed: 10.0 px/f
    uncertainty: ±22.4 px
    evasion_point: (428, 353)
    commands: EVADE LEFT, FULL THROTTLE
[2026-05-12 19:29:57.577] [DETECTION   ] Drone detected
    frame: 1090
    bbox: [np.int64(884), np.int64(228), np.int64(1062), np.int64(333)]
    confidence: 0.88
    class: 0
[2026-05-12 19:29:57.577] [DETECTION   ] Drone detected
    frame: 1090
    bbox: [np.int64(659), np.int64(259), np.int64(867), np.int64(389)]
    confidence: 0.87
    class: 0
[2026-05-12 19:29:57.621] [TRACK       ] Track ID:5
    frame: 1090
    track_id: 5
    position: (713, 20)
    velocity: (-1.2, -9.2)
    speed: 9.3 px/f
    hits: 207
[2026-05-12 19:29:57.621] [TRACK       ] Track ID:8
    frame: 1090
    track_id: 8
    position: (1282, 312)
    velocity: (9.8, 0.0)
    speed: 9.8 px/f
    hits: 68
[2026-05-12 19:29:57.622] [TRACK       ] Track ID:14
    frame: 1090
    track_id: 14
    position: (523, -198)
    velocity: (-20.8, -17.2)
    speed: 27.0 px/f
    hits: 26
[2026-05-12 19:29:57.622] [TRACK       ] Track ID:20
    frame: 1090
    track_id: 20
    position: (763, 324)
    velocity: (8.0, 3.8)
    speed: 8.8 px/f
    hits: 11
[2026-05-12 19:29:57.622] [TRACK       ] Track ID:22
    frame: 1090
    track_id: 22
    position: (972, 281)
    velocity: (8.0, 3.2)
    speed: 8.6 px/f
    hits: 10
[2026-05-12 19:29:57.622] [FRAME       ] Frame 1090 processed
    frame: 1090
    detections: 2
    tracks: 5
[2026-05-12 19:29:57.622] [THREAT      ] Track ID:20 - MEDIUM
    frame: 1090
    track_id: 20
    distance: 239.8 px
    threat_level: MEDIUM
    pattern: unknown
    speed: 8.8 px/f
    uncertainty: ±24.5 px
    evasion_point: (428, 343)
    commands: EVADE LEFT, FULL THROTTLE
[2026-05-12 19:29:57.673] [DETECTION   ] Drone detected
    frame: 1091
    bbox: [np.int64(667), np.int64(283), np.int64(876), np.int64(413)]
    confidence: 0.89
    class: 0
[2026-05-12 19:29:57.673] [DETECTION   ] Drone detected
    frame: 1091
    bbox: [np.int64(894), np.int64(255), np.int64(1076), np.int64(361)]
    confidence: 0.88
    class: 0
[2026-05-12 19:29:57.717] [TRACK       ] Track ID:5
    frame: 1091
    track_id: 5
    position: (712, 11)
    velocity: (-1.2, -9.2)
    speed: 9.3 px/f
    hits: 208
[2026-05-12 19:29:57.717] [TRACK       ] Track ID:8
    frame: 1091
    track_id: 8
    position: (1291, 312)
    velocity: (9.5, 0.0)
    speed: 9.5 px/f
    hits: 69
[2026-05-12 19:29:57.717] [TRACK       ] Track ID:14
    frame: 1091
    track_id: 14
    position: (502, -216)
    velocity: (-20.8, -17.2)
    speed: 27.0 px/f
    hits: 27
[2026-05-12 19:29:57.717] [TRACK       ] Track ID:20
    frame: 1091
    track_id: 20
    position: (770, 341)
    velocity: (7.5, 7.2)
    speed: 10.4 px/f
    hits: 12
[2026-05-12 19:29:57.717] [TRACK       ] Track ID:22
    frame: 1091
    track_id: 22
    position: (983, 300)
    velocity: (8.8, 7.0)
    speed: 11.2 px/f
    hits: 11
[2026-05-12 19:29:57.717] [FRAME       ] Frame 1091 processed
    frame: 1091
    detections: 2
    tracks: 5
[2026-05-12 19:29:57.717] [THREAT      ] Track ID:20 - MEDIUM
    frame: 1091
    track_id: 20
    distance: 235.8 px
    threat_level: MEDIUM
    pattern: unknown
    speed: 10.4 px/f
    uncertainty: ±22.6 px
    evasion_point: (438, 295)
    commands: EVADE LEFT, EVADE UP, FULL THROTTLE
[2026-05-12 19:29:57.762] [DETECTION   ] Drone detected
    frame: 1092
    bbox: [np.int64(670), np.int64(287), np.int64(878), np.int64(418)]
    confidence: 0.89
    class: 0
[2026-05-12 19:29:57.762] [DETECTION   ] Drone detected
    frame: 1092
    bbox: [np.int64(898), np.int64(257), np.int64(1078), np.int64(365)]
    confidence: 0.88
    class: 0
[2026-05-12 19:29:57.806] [TRACK       ] Track ID:5
    frame: 1092
    track_id: 5
    position: (710, 2)
    velocity: (-1.5, -9.0)
    speed: 9.1 px/f
    hits: 209
[2026-05-12 19:29:57.806] [TRACK       ] Track ID:14
    frame: 1092
    track_id: 14
    position: (481, -233)
    velocity: (-20.8, -17.2)
    speed: 27.0 px/f
    hits: 28
[2026-05-12 19:29:57.806] [TRACK       ] Track ID:20
    frame: 1092
    track_id: 20
    position: (775, 350)
    velocity: (6.8, 8.5)
    speed: 10.9 px/f
    hits: 13
[2026-05-12 19:29:57.807] [TRACK       ] Track ID:22
    frame: 1092
    track_id: 22
    position: (988, 309)
    velocity: (7.8, 8.2)
    speed: 11.3 px/f
    hits: 12
[2026-05-12 19:29:57.807] [FRAME       ] Frame 1092 processed
    frame: 1092
    detections: 2
    tracks: 4
[2026-05-12 19:29:57.807] [THREAT      ] Track ID:20 - MEDIUM
    frame: 1092
    track_id: 20
    distance: 275.1 px
    threat_level: MEDIUM
    pattern: accelerating
    speed: 10.9 px/f
    uncertainty: ±15.0 px
    evasion_point: (504, 203)
    commands: ⚠️ ACCELERATING THREAT, EVADE LEFT, EVADE UP, FULL THROTTLE
[2026-05-12 19:29:57.850] [DETECTION   ] Drone detected
    frame: 1093
    bbox: [np.int64(901), np.int64(264), np.int64(1080), np.int64(373)]
    confidence: 0.88
    class: 0
[2026-05-12 19:29:57.851] [DETECTION   ] Drone detected
    frame: 1093
    bbox: [np.int64(670), np.int64(290), np.int64(883), np.int64(424)]
    confidence: 0.87
    class: 0
[2026-05-12 19:29:57.894] [TRACK       ] Track ID:5
    frame: 1093
    track_id: 5
    position: (709, -7)
    velocity: (-1.2, -9.2)
    speed: 9.3 px/f
    hits: 210
[2026-05-12 19:29:57.894] [TRACK       ] Track ID:14
    frame: 1093
    track_id: 14
    position: (460, -250)
    velocity: (-21.0, -17.2)
    speed: 27.2 px/f
    hits: 29
[2026-05-12 19:29:57.894] [TRACK       ] Track ID:20
    frame: 1093
    track_id: 20
    position: (778, 356)
    velocity: (5.2, 8.8)
    speed: 10.2 px/f
    hits: 14
[2026-05-12 19:29:57.894] [TRACK       ] Track ID:22
    frame: 1093
    track_id: 22
    position: (991, 317)
    velocity: (6.2, 9.5)
    speed: 11.4 px/f
    hits: 13
[2026-05-12 19:29:57.894] [FRAME       ] Frame 1093 processed
    frame: 1093
    detections: 2
    tracks: 4
[2026-05-12 19:29:57.894] [THREAT      ] Track ID:20 - MEDIUM
    frame: 1093
    track_id: 20
    distance: 257.2 px
    threat_level: MEDIUM
    pattern: accelerating
    speed: 10.2 px/f
    uncertainty: ±15.4 px
    evasion_point: (545, 175)
    commands: ⚠️ ACCELERATING THREAT, EVADE LEFT, EVADE UP, FULL THROTTLE
[2026-05-12 19:29:57.940] [DETECTION   ] Drone detected
    frame: 1094
    bbox: [np.int64(669), np.int64(288), np.int64(877), np.int64(417)]
    confidence: 0.88
    class: 0
[2026-05-12 19:29:57.940] [DETECTION   ] Drone detected
    frame: 1094
    bbox: [np.int64(893), np.int64(258), np.int64(1075), np.int64(364)]
    confidence: 0.88
    class: 0
[2026-05-12 19:29:57.983] [TRACK       ] Track ID:5
    frame: 1094
    track_id: 5
    position: (708, -16)
    velocity: (-1.2, -9.0)
    speed: 9.1 px/f
    hits: 211
[2026-05-12 19:29:57.983] [TRACK       ] Track ID:14
    frame: 1094
    track_id: 14
    position: (439, -267)
    velocity: (-21.0, -17.2)
    speed: 27.2 px/f
    hits: 30
[2026-05-12 19:29:57.983] [TRACK       ] Track ID:20
    frame: 1094
    track_id: 20
    position: (776, 356)
    velocity: (3.2, 8.0)
    speed: 8.6 px/f
    hits: 15
[2026-05-12 19:29:57.983] [TRACK       ] Track ID:22
    frame: 1094
    track_id: 22
    position: (988, 315)
    velocity: (4.0, 8.5)
    speed: 9.4 px/f
    hits: 14
[2026-05-12 19:29:57.983] [FRAME       ] Frame 1094 processed
    frame: 1094
    detections: 2
    tracks: 4
[2026-05-12 19:29:57.984] [THREAT      ] Track ID:20 - HIGH
    frame: 1094
    track_id: 20
    distance: 223.5 px
    threat_level: HIGH
    pattern: unknown
    speed: 8.6 px/f
    uncertainty: ±25.8 px
    evasion_point: (461, 243)
    commands: EVADE LEFT, EVADE UP, FULL THROTTLE
[2026-05-12 19:29:58.028] [DETECTION   ] Drone detected
    frame: 1095
    bbox: [np.int64(669), np.int64(284), np.int64(878), np.int64(415)]
    confidence: 0.88
    class: 0
[2026-05-12 19:29:58.028] [DETECTION   ] Drone detected
    frame: 1095
    bbox: [np.int64(894), np.int64(256), np.int64(1075), np.int64(363)]
    confidence: 0.87
    class: 0
[2026-05-12 19:29:58.071] [TRACK       ] Track ID:5
    frame: 1095
    track_id: 5
    position: (706, -26)
    velocity: (-1.5, -9.2)
    speed: 9.4 px/f
    hits: 212
[2026-05-12 19:29:58.071] [TRACK       ] Track ID:14
    frame: 1095
    track_id: 14
    position: (418, -285)
    velocity: (-21.0, -17.2)
    speed: 27.2 px/f
    hits: 31
[2026-05-12 19:29:58.072] [TRACK       ] Track ID:20
    frame: 1095
    track_id: 20
    position: (776, 353)
    velocity: (1.5, 3.0)
    speed: 3.4 px/f
    hits: 16
[2026-05-12 19:29:58.072] [TRACK       ] Track ID:22
    frame: 1095
    track_id: 22
    position: (987, 312)
    velocity: (1.0, 3.0)
    speed: 3.2 px/f
    hits: 15
[2026-05-12 19:29:58.072] [FRAME       ] Frame 1095 processed
    frame: 1095
    detections: 2
    tracks: 4
[2026-05-12 19:29:58.072] [THREAT      ] Track ID:20 - HIGH
    frame: 1095
    track_id: 20
    distance: 227.9 px
    threat_level: HIGH
    pattern: unknown
    speed: 3.4 px/f
    uncertainty: ±50.6 px
    evasion_point: (445, 246)
    commands: EVADE LEFT, EVADE UP
[2026-05-12 19:29:58.117] [DETECTION   ] Drone detected
    frame: 1096
    bbox: [np.int64(910), np.int64(253), np.int64(1090), np.int64(359)]
    confidence: 0.88
    class: 0
[2026-05-12 19:29:58.118] [DETECTION   ] Drone detected
    frame: 1096
    bbox: [np.int64(687), np.int64(275), np.int64(895), np.int64(407)]
    confidence: 0.88
    class: 0
[2026-05-12 19:29:58.161] [TRACK       ] Track ID:5
    frame: 1096
    track_id: 5
    position: (705, -35)
    velocity: (-1.2, -9.2)
    speed: 9.3 px/f
    hits: 213
[2026-05-12 19:29:58.161] [TRACK       ] Track ID:14
    frame: 1096
    track_id: 14
    position: (397, -302)
    velocity: (-21.0, -17.2)
    speed: 27.2 px/f
    hits: 32
[2026-05-12 19:29:58.161] [TRACK       ] Track ID:20
    frame: 1096
    track_id: 20
    position: (787, 346)
    velocity: (3.0, -1.0)
    speed: 3.2 px/f
    hits: 17
[2026-05-12 19:29:58.161] [TRACK       ] Track ID:22
    frame: 1096
    track_id: 22
    position: (997, 309)
    velocity: (2.2, 0.0)
    speed: 2.2 px/f
    hits: 16
[2026-05-12 19:29:58.162] [FRAME       ] Frame 1096 processed
    frame: 1096
    detections: 2
    tracks: 4
[2026-05-12 19:29:58.162] [THREAT      ] Track ID:20 - MEDIUM
    frame: 1096
    track_id: 20
    distance: 293.4 px
    threat_level: MEDIUM
    pattern: turning
    speed: 3.2 px/f
    uncertainty: ±33.3 px
    evasion_point: (428, 404)
    commands: EVADE LEFT, PERPENDICULAR
[2026-05-12 19:29:58.207] [DETECTION   ] Drone detected
    frame: 1097
    bbox: [np.int64(914), np.int64(249), np.int64(1092), np.int64(356)]
    confidence: 0.88
    class: 0
[2026-05-12 19:29:58.207] [DETECTION   ] Drone detected
    frame: 1097
    bbox: [np.int64(689), np.int64(275), np.int64(896), np.int64(403)]
    confidence: 0.86
    class: 0
[2026-05-12 19:29:58.260] [TRACK       ] Track ID:5
    frame: 1097
    track_id: 5
    position: (704, -44)
    velocity: (-1.2, -9.2)
    speed: 9.3 px/f
    hits: 214
[2026-05-12 19:29:58.261] [TRACK       ] Track ID:14
    frame: 1097
    track_id: 14
    position: (376, -319)
    velocity: (-21.0, -17.2)
    speed: 27.2 px/f
    hits: 33
[2026-05-12 19:29:58.261] [TRACK       ] Track ID:20
    frame: 1097
    track_id: 20
    position: (792, 342)
    velocity: (3.5, -3.5)
    speed: 4.9 px/f
    hits: 18
[2026-05-12 19:29:58.261] [TRACK       ] Track ID:22
    frame: 1097
    track_id: 22
    position: (1002, 305)
    velocity: (2.8, -3.0)
    speed: 4.1 px/f
    hits: 17
[2026-05-12 19:29:58.261] [FRAME       ] Frame 1097 processed
    frame: 1097
    detections: 2
    tracks: 4
[2026-05-12 19:29:58.262] [THREAT      ] Track ID:20 - MEDIUM
    frame: 1097
    track_id: 20
    distance: 289.2 px
    threat_level: MEDIUM
    pattern: turning
    speed: 4.9 px/f
    uncertainty: ±25.5 px
    evasion_point: (448, 452)
    commands: EVADE LEFT, EVADE DOWN, PERPENDICULAR, FULL THROTTLE
[2026-05-12 19:29:58.310] [DETECTION   ] Drone detected
    frame: 1098
    bbox: [np.int64(705), np.int64(266), np.int64(911), np.int64(395)]
    confidence: 0.86
    class: 0
[2026-05-12 19:29:58.310] [DETECTION   ] Drone detected
    frame: 1098
    bbox: [np.int64(922), np.int64(242), np.int64(1102), np.int64(353)]
    confidence: 0.86
    class: 0
[2026-05-12 19:29:58.356] [TRACK       ] Track ID:5
    frame: 1098
    track_id: 5
    position: (702, -53)
    velocity: (-1.5, -9.2)
    speed: 9.4 px/f
    hits: 215
[2026-05-12 19:29:58.356] [TRACK       ] Track ID:14
    frame: 1098
    track_id: 14
    position: (355, -336)
    velocity: (-21.0, -17.2)
    speed: 27.2 px/f
    hits: 34
[2026-05-12 19:29:58.357] [TRACK       ] Track ID:20
    frame: 1098
    track_id: 20
    position: (804, 335)
    velocity: (7.0, -5.2)
    speed: 8.8 px/f
    hits: 19
[2026-05-12 19:29:58.357] [TRACK       ] Track ID:22
    frame: 1098
    track_id: 22
    position: (1010, 301)
    velocity: (5.5, -3.5)
    speed: 6.5 px/f
    hits: 18
[2026-05-12 19:29:58.357] [FRAME       ] Frame 1098 processed
    frame: 1098
    detections: 2
    tracks: 4
[2026-05-12 19:29:58.358] [THREAT      ] Track ID:20 - LOW
    frame: 1098
    track_id: 20
    distance: 321.8 px
    threat_level: LOW
    pattern: turning
    speed: 8.8 px/f
    uncertainty: ±19.5 px
    evasion_point: (446, 441)
    commands: EVADE LEFT, EVADE DOWN, PERPENDICULAR, FULL THROTTLE
[2026-05-12 19:29:58.405] [DETECTION   ] Drone detected
    frame: 1099
    bbox: [np.int64(939), np.int64(242), np.int64(1114), np.int64(352)]
    confidence: 0.88
    class: 0
[2026-05-12 19:29:58.405] [DETECTION   ] Drone detected
    frame: 1099
    bbox: [np.int64(721), np.int64(266), np.int64(919), np.int64(391)]
    confidence: 0.86
    class: 0
[2026-05-12 19:29:58.451] [TRACK       ] Track ID:5
    frame: 1099
    track_id: 5
    position: (701, -62)
    velocity: (-1.2, -9.0)
    speed: 9.1 px/f
    hits: 216
[2026-05-12 19:29:58.451] [TRACK       ] Track ID:14
    frame: 1099
    track_id: 14
    position: (334, -353)
    velocity: (-21.0, -17.0)
    speed: 27.0 px/f
    hits: 35
[2026-05-12 19:29:58.451] [TRACK       ] Track ID:20
    frame: 1099
    track_id: 20
    position: (816, 331)
    velocity: (10.0, -5.5)
    speed: 11.4 px/f
    hits: 20
[2026-05-12 19:29:58.451] [TRACK       ] Track ID:22
    frame: 1099
    track_id: 22
    position: (1022, 299)
    velocity: (8.8, -3.2)
    speed: 9.3 px/f
    hits: 19
[2026-05-12 19:29:58.451] [FRAME       ] Frame 1099 processed
    frame: 1099
    detections: 2
    tracks: 4
[2026-05-12 19:29:58.451] [THREAT      ] Track ID:20 - LOW
    frame: 1099
    track_id: 20
    distance: 351.6 px
    threat_level: LOW
    pattern: turning
    speed: 11.4 px/f
    uncertainty: ±17.8 px
    evasion_point: (442, 428)
    commands: EVADE LEFT, EVADE DOWN, PERPENDICULAR, FULL THROTTLE
[2026-05-12 19:29:58.501] [DETECTION   ] Drone detected
    frame: 1100
    bbox: [np.int64(943), np.int64(243), np.int64(1121), np.int64(350)]
    confidence: 0.88
    class: 0
[2026-05-12 19:29:58.501] [DETECTION   ] Drone detected
    frame: 1100
    bbox: [np.int64(726), np.int64(268), np.int64(926), np.int64(394)]
    confidence: 0.87
    class: 0
[2026-05-12 19:29:58.577] [TRACK       ] Track ID:5
    frame: 1100
    track_id: 5
    position: (700, -72)
    velocity: (-1.2, -9.2)
    speed: 9.3 px/f
    hits: 217
[2026-05-12 19:29:58.577] [TRACK       ] Track ID:14
    frame: 1100
    track_id: 14
    position: (313, -371)
    velocity: (-21.0, -17.2)
    speed: 27.2 px/f
    hits: 36
[2026-05-12 19:29:58.577] [TRACK       ] Track ID:20
    frame: 1100
    track_id: 20
    position: (824, 331)
    velocity: (9.2, -3.8)
    speed: 10.0 px/f
    hits: 21
[2026-05-12 19:29:58.577] [TRACK       ] Track ID:22
    frame: 1100
    track_id: 22
    position: (1030, 297)
    velocity: (8.2, -3.0)
    speed: 8.8 px/f
    hits: 20
[2026-05-12 19:29:58.577] [FRAME       ] Frame 1100 processed
    frame: 1100
    detections: 2
    tracks: 4
[2026-05-12 19:29:58.577] [THREAT      ] Track ID:20 - LOW
    frame: 1100
    track_id: 20
    distance: 370.1 px
    threat_level: LOW
    pattern: turning
    speed: 10.0 px/f
    uncertainty: ±19.3 px
    evasion_point: (437, 416)
    commands: EVADE LEFT, EVADE DOWN, PERPENDICULAR, FULL THROTTLE
[2026-05-12 19:29:58.623] [DETECTION   ] Drone detected
    frame: 1101
    bbox: [np.int64(946), np.int64(243), np.int64(1121), np.int64(349)]
    confidence: 0.88
    class: 0
[2026-05-12 19:29:58.623] [DETECTION   ] Drone detected
    frame: 1101
    bbox: [np.int64(728), np.int64(265), np.int64(932), np.int64(392)]
    confidence: 0.87
    class: 0
[2026-05-12 19:29:58.673] [TRACK       ] Track ID:5
    frame: 1101
    track_id: 5
    position: (698, -81)
    velocity: (-1.5, -9.2)
    speed: 9.4 px/f
    hits: 218
[2026-05-12 19:29:58.673] [TRACK       ] Track ID:14
    frame: 1101
    track_id: 14
    position: (292, -388)
    velocity: (-21.0, -17.2)
    speed: 27.2 px/f
    hits: 37
[2026-05-12 19:29:58.674] [TRACK       ] Track ID:20
    frame: 1101
    track_id: 20
    position: (830, 329)
    velocity: (9.5, -3.2)
    speed: 10.0 px/f
    hits: 22
[2026-05-12 19:29:58.674] [TRACK       ] Track ID:22
    frame: 1101
    track_id: 22
    position: (1034, 296)
    velocity: (8.0, -2.2)
    speed: 8.3 px/f
    hits: 21
[2026-05-12 19:29:58.674] [FRAME       ] Frame 1101 processed
    frame: 1101
    detections: 2
    tracks: 4
[2026-05-12 19:29:58.674] [THREAT      ] Track ID:20 - LOW
    frame: 1101
    track_id: 20
    distance: 383.7 px
    threat_level: LOW
    pattern: turning
    speed: 10.0 px/f
    uncertainty: ±19.6 px
    evasion_point: (436, 411)
    commands: EVADE LEFT, EVADE DOWN, PERPENDICULAR, FULL THROTTLE
[2026-05-12 19:29:58.721] [DETECTION   ] Drone detected
    frame: 1102
    bbox: [np.int64(956), np.int64(242), np.int64(1126), np.int64(342)]
    confidence: 0.85
    class: 0
[2026-05-12 19:29:58.721] [DETECTION   ] Drone detected
    frame: 1102
    bbox: [np.int64(740), np.int64(262), np.int64(937), np.int64(387)]
    confidence: 0.84
    class: 0
[2026-05-12 19:29:58.768] [TRACK       ] Track ID:5
    frame: 1102
    track_id: 5
    position: (697, -89)
    velocity: (-1.2, -9.0)
    speed: 9.1 px/f
    hits: 219
[2026-05-12 19:29:58.768] [TRACK       ] Track ID:14
    frame: 1102
    track_id: 14
    position: (272, -405)
    velocity: (-20.8, -17.2)
    speed: 27.0 px/f
    hits: 38
[2026-05-12 19:29:58.768] [TRACK       ] Track ID:20
    frame: 1102
    track_id: 20
    position: (837, 326)
    velocity: (8.2, -2.2)
    speed: 8.6 px/f
    hits: 23
[2026-05-12 19:29:58.768] [TRACK       ] Track ID:22
    frame: 1102
    track_id: 22
    position: (1040, 293)
    velocity: (7.5, -2.0)
    speed: 7.8 px/f
    hits: 22
[2026-05-12 19:29:58.769] [FRAME       ] Frame 1102 processed
    frame: 1102
    detections: 2
    tracks: 4
[2026-05-12 19:29:58.769] [THREAT      ] Track ID:20 - LOW
    frame: 1102
    track_id: 20
    distance: 399.4 px
    threat_level: LOW
    pattern: turning
    speed: 8.6 px/f
    uncertainty: ±21.7 px
    evasion_point: (434, 405)
    commands: EVADE LEFT, PERPENDICULAR, FULL THROTTLE
[2026-05-12 19:29:58.816] [DETECTION   ] Drone detected
    frame: 1103
    bbox: [np.int64(956), np.int64(242), np.int64(1126), np.int64(342)]
    confidence: 0.85
    class: 0
[2026-05-12 19:29:58.817] [DETECTION   ] Drone detected
    frame: 1103
    bbox: [np.int64(740), np.int64(262), np.int64(937), np.int64(387)]
    confidence: 0.84
    class: 0
[2026-05-12 19:29:58.863] [TRACK       ] Track ID:5
    frame: 1103
    track_id: 5
    position: (696, -99)
    velocity: (-1.2, -9.2)
    speed: 9.3 px/f
    hits: 220
[2026-05-12 19:29:58.863] [TRACK       ] Track ID:20
    frame: 1103
    track_id: 20
    position: (840, 324)
    velocity: (6.0, -1.8)
    speed: 6.2 px/f
    hits: 24
[2026-05-12 19:29:58.863] [TRACK       ] Track ID:22
    frame: 1103
    track_id: 22
    position: (1042, 292)
    velocity: (5.0, -1.8)
    speed: 5.3 px/f
    hits: 23
[2026-05-12 19:29:58.864] [FRAME       ] Frame 1103 processed
    frame: 1103
    detections: 2
    tracks: 3
[2026-05-12 19:29:58.864] [THREAT      ] Track ID:20 - LOW
    frame: 1103
    track_id: 20
    distance: 405.9 px
    threat_level: LOW
    pattern: turning
    speed: 6.2 px/f
    uncertainty: ±26.3 px
    evasion_point: (432, 408)
    commands: EVADE LEFT, PERPENDICULAR, FULL THROTTLE
[2026-05-12 19:29:58.914] [DETECTION   ] Drone detected
    frame: 1104
    bbox: [np.int64(760), np.int64(265), np.int64(954), np.int64(388)]
    confidence: 0.85
    class: 0
[2026-05-12 19:29:58.915] [DETECTION   ] Drone detected
    frame: 1104
    bbox: [np.int64(973), np.int64(247), np.int64(1139), np.int64(349)]
    confidence: 0.85
    class: 0
[2026-05-12 19:29:58.915] [DETECTION   ] Drone detected
    frame: 1104
    bbox: [np.int64(1037), np.int64(348), np.int64(1187), np.int64(448)]
    confidence: 0.50
    class: 0
[2026-05-12 19:29:58.986] [TRACK       ] Track ID:20
    frame: 1104
    track_id: 20
    position: (853, 325)
    velocity: (7.2, -1.5)
    speed: 7.4 px/f
    hits: 25
[2026-05-12 19:29:58.986] [TRACK       ] Track ID:22
    frame: 1104
    track_id: 22
    position: (1053, 296)
    velocity: (5.8, -0.2)
    speed: 5.8 px/f
    hits: 24
[2026-05-12 19:29:58.986] [FRAME       ] Frame 1104 processed
    frame: 1104
    detections: 3
    tracks: 2
[2026-05-12 19:29:58.986] [THREAT      ] Track ID:20 - LOW
    frame: 1104
    track_id: 20
    distance: 431.6 px
    threat_level: LOW
    pattern: turning
    speed: 7.4 px/f
    uncertainty: ±24.6 px
    evasion_point: (431, 398)
    commands: EVADE LEFT, PERPENDICULAR, FULL THROTTLE
[2026-05-12 19:29:59.030] [DETECTION   ] Drone detected
    frame: 1105
    bbox: [np.int64(811), np.int64(223), np.int64(858), np.int64(252)]
    confidence: 0.53
    class: 0
[2026-05-12 19:29:59.030] [DETECTION   ] Drone detected
    frame: 1105
    bbox: [np.int64(750), np.int64(276), np.int64(930), np.int64(397)]
    confidence: 0.49
    class: 0
[2026-05-12 19:29:59.095] [TRACK       ] Track ID:20
    frame: 1105
    track_id: 20
    position: (846, 332)
    velocity: (4.0, 0.8)
    speed: 4.1 px/f
    hits: 26
[2026-05-12 19:29:59.095] [TRACK       ] Track ID:22
    frame: 1105
    track_id: 22
    position: (1059, 296)
    velocity: (6.2, 0.0)
    speed: 6.2 px/f
    hits: 25
[2026-05-12 19:29:59.095] [FRAME       ] Frame 1105 processed
    frame: 1105
    detections: 2
    tracks: 2
[2026-05-12 19:29:59.095] [THREAT      ] Track ID:20 - LOW
    frame: 1105
    track_id: 20
    distance: 410.5 px
    threat_level: LOW
    pattern: unknown
    speed: 4.1 px/f
    uncertainty: ±61.1 px
    evasion_point: (409, 354)
    commands: EVADE LEFT, FULL THROTTLE
[2026-05-12 19:29:59.142] [DETECTION   ] Drone detected
    frame: 1106
    bbox: [np.int64(723), np.int64(278), np.int64(891), np.int64(396)]
    confidence: 0.76
    class: 0
[2026-05-12 19:29:59.142] [DETECTION   ] Drone detected
    frame: 1106
    bbox: [np.int64(781), np.int64(230), np.int64(825), np.int64(258)]
    confidence: 0.46
    class: 0
[2026-05-12 19:29:59.205] [TRACK       ] Track ID:20
    frame: 1106
    track_id: 20
    position: (821, 335)
    velocity: (-4.0, 2.2)
    speed: 4.6 px/f
    hits: 27
[2026-05-12 19:29:59.206] [TRACK       ] Track ID:22
    frame: 1106
    track_id: 22
    position: (1066, 297)
    velocity: (6.5, 1.0)
    speed: 6.6 px/f
    hits: 26
[2026-05-12 19:29:59.206] [FRAME       ] Frame 1106 processed
    frame: 1106
    detections: 2
    tracks: 2
[2026-05-12 19:29:59.206] [THREAT      ] Track ID:20 - CRITICAL
    frame: 1106
    track_id: 20
    distance: 68.1 px
    threat_level: CRITICAL
    pattern: turning
    speed: 4.6 px/f
    uncertainty: ±29.9 px
    evasion_point: (571, 156)
    commands: ⚠️ EVADE NOW!, EVADE LEFT, EVADE UP, PERPENDICULAR, FULL THROTTLE
[2026-05-12 19:29:59.252] [DETECTION   ] Drone detected
    frame: 1107
    bbox: [np.int64(723), np.int64(278), np.int64(891), np.int64(396)]
    confidence: 0.76
    class: 0
[2026-05-12 19:29:59.252] [DETECTION   ] Drone detected
    frame: 1107
    bbox: [np.int64(781), np.int64(230), np.int64(825), np.int64(258)]
    confidence: 0.46
    class: 0
[2026-05-12 19:29:59.296] [TRACK       ] Track ID:20
    frame: 1107
    track_id: 20
    position: (812, 336)
    velocity: (-7.0, 3.0)
    speed: 7.6 px/f
    hits: 28
[2026-05-12 19:29:59.297] [TRACK       ] Track ID:22
    frame: 1107
    track_id: 22
    position: (1071, 298)
    velocity: (7.2, 1.5)
    speed: 7.4 px/f
    hits: 27
[2026-05-12 19:29:59.297] [FRAME       ] Frame 1107 processed
    frame: 1107
    detections: 2
    tracks: 2
[2026-05-12 19:29:59.297] [THREAT      ] Track ID:20 - CRITICAL
    frame: 1107
    track_id: 20
    distance: 46.1 px
    threat_level: CRITICAL
    pattern: turning
    speed: 7.6 px/f
    uncertainty: ±21.4 px
    evasion_point: (583, 157)
    commands: ⚠️ EVADE NOW!, EVADE LEFT, EVADE UP, PERPENDICULAR, FULL THROTTLE
[2026-05-12 19:29:59.342] [DETECTION   ] Drone detected
    frame: 1108
    bbox: [np.int64(718), np.int64(206), np.int64(759), np.int64(236)]
    confidence: 0.71
    class: 0
[2026-05-12 19:29:59.368] [TRACK       ] Track ID:20
    frame: 1108
    track_id: 20
    position: (813, 337)
    velocity: (-10.0, 3.0)
    speed: 10.4 px/f
    hits: 29
[2026-05-12 19:29:59.368] [TRACK       ] Track ID:22
    frame: 1108
    track_id: 22
    position: (1078, 299)
    velocity: (6.2, 0.8)
    speed: 6.3 px/f
    hits: 28
[2026-05-12 19:29:59.368] [FRAME       ] Frame 1108 processed
    frame: 1108
    detections: 1
    tracks: 2
[2026-05-12 19:29:59.368] [THREAT      ] Track ID:20 - CRITICAL
    frame: 1108
    track_id: 20
    distance: 27.8 px
    threat_level: CRITICAL
    pattern: turning
    speed: 10.4 px/f
    uncertainty: ±18.4 px
    evasion_point: (596, 155)
    commands: ⚠️ EVADE NOW!, EVADE UP, PERPENDICULAR, FULL THROTTLE
[2026-05-12 19:29:59.414] [DETECTION   ] Drone detected
    frame: 1109
    bbox: [np.int64(677), np.int64(245), np.int64(779), np.int64(333)]
    confidence: 0.82
    class: 0
[2026-05-12 19:29:59.414] [DETECTION   ] Drone detected
    frame: 1109
    bbox: [np.int64(727), np.int64(207), np.int64(758), np.int64(232)]
    confidence: 0.53
    class: 0
[2026-05-12 19:29:59.467] [TRACK       ] Track ID:20
    frame: 1109
    track_id: 20
    position: (813, 339)
    velocity: (-8.2, 1.8)
    speed: 8.4 px/f
    hits: 30
[2026-05-12 19:29:59.468] [TRACK       ] Track ID:22
    frame: 1109
    track_id: 22
    position: (1084, 299)
    velocity: (6.2, 0.8)
    speed: 6.3 px/f
    hits: 29
[2026-05-12 19:29:59.468] [FRAME       ] Frame 1109 processed
    frame: 1109
    detections: 2
    tracks: 2
[2026-05-12 19:29:59.468] [THREAT      ] Track ID:20 - CRITICAL
    frame: 1109
    track_id: 20
    distance: 15.4 px
    threat_level: CRITICAL
    pattern: turning
    speed: 8.4 px/f
    uncertainty: ±20.3 px
    evasion_point: (605, 152)
    commands: ⚠️ EVADE NOW!, EVADE UP, PERPENDICULAR, FULL THROTTLE
[2026-05-12 19:29:59.512] [TRACK       ] Track ID:20
    frame: 1110
    track_id: 20
    position: (814, 339)
    velocity: (-1.8, 1.0)
    speed: 2.0 px/f
    hits: 31
[2026-05-12 19:29:59.512] [TRACK       ] Track ID:22
    frame: 1110
    track_id: 22
    position: (1090, 300)
    velocity: (6.0, 0.8)
    speed: 6.0 px/f
    hits: 30
[2026-05-12 19:29:59.512] [FRAME       ] Frame 1110 processed
    frame: 1110
    detections: 0
    tracks: 2
[2026-05-12 19:29:59.512] [THREAT      ] Track ID:20 - CRITICAL
    frame: 1110
    track_id: 20
    distance: 69.5 px
    threat_level: CRITICAL
    pattern: turning
    speed: 2.0 px/f
    uncertainty: ±53.5 px
    evasion_point: (568, 144)
    commands: ⚠️ EVADE NOW!, EVADE LEFT, EVADE UP, PERPENDICULAR
[2026-05-12 19:29:59.521] [STATS       ] Performance stats
    fps: 10.5
    processing_time: 2863.6 ms
[2026-05-12 19:29:59.554] [TRACK       ] Track ID:20
    frame: 1111
    track_id: 20
    position: (814, 341)
    velocity: (0.5, 1.2)
    speed: 1.3 px/f
    hits: 32
[2026-05-12 19:29:59.554] [TRACK       ] Track ID:22
    frame: 1111
    track_id: 22
    position: (1097, 301)
    velocity: (6.5, 0.8)
    speed: 6.5 px/f
    hits: 31
[2026-05-12 19:29:59.555] [FRAME       ] Frame 1111 processed
    frame: 1111
    detections: 0
    tracks: 2
[2026-05-12 19:29:59.555] [THREAT      ] Track ID:20 - HIGH
    frame: 1111
    track_id: 20
    distance: 247.8 px
    threat_level: HIGH
    pattern: unknown
    speed: 1.3 px/f
    uncertainty: ±110.0 px
    evasion_point: (409, 250)
    commands: EVADE LEFT, EVADE UP
[2026-05-12 19:29:59.599] [TRACK       ] Track ID:20
    frame: 1112
    track_id: 20
    position: (815, 341)
    velocity: (0.5, 1.0)
    speed: 1.1 px/f
    hits: 33
[2026-05-12 19:29:59.599] [TRACK       ] Track ID:22
    frame: 1112
    track_id: 22
    position: (1103, 302)
    velocity: (6.2, 0.8)
    speed: 6.3 px/f
    hits: 32
[2026-05-12 19:29:59.599] [FRAME       ] Frame 1112 processed
    frame: 1112
    detections: 0
    tracks: 2
[2026-05-12 19:29:59.599] [THREAT      ] Track ID:20 - HIGH
    frame: 1112
    track_id: 20
    distance: 239.1 px
    threat_level: HIGH
    pattern: unknown
    speed: 1.1 px/f
    uncertainty: ±110.0 px
    evasion_point: (400, 273)
    commands: EVADE LEFT, EVADE UP
[2026-05-12 19:29:59.640] [TRACK       ] Track ID:20
    frame: 1113
    track_id: 20
    position: (816, 343)
    velocity: (0.8, 1.0)
    speed: 1.2 px/f
    hits: 34
[2026-05-12 19:29:59.640] [TRACK       ] Track ID:22
    frame: 1113
    track_id: 22
    position: (1109, 302)
    velocity: (6.2, 0.8)
    speed: 6.3 px/f
    hits: 33
[2026-05-12 19:29:59.641] [FRAME       ] Frame 1113 processed
    frame: 1113
    detections: 0
    tracks: 2
[2026-05-12 19:29:59.641] [THREAT      ] Track ID:20 - HIGH
    frame: 1113
    track_id: 20
    distance: 264.4 px
    threat_level: HIGH
    pattern: unknown
    speed: 1.2 px/f
    uncertainty: ±110.0 px
    evasion_point: (397, 279)
    commands: EVADE LEFT, EVADE UP
[2026-05-12 19:29:59.680] [TRACK       ] Track ID:20
    frame: 1114
    track_id: 20
    position: (816, 344)
    velocity: (0.5, 1.2)
    speed: 1.3 px/f
    hits: 35
[2026-05-12 19:29:59.680] [TRACK       ] Track ID:22
    frame: 1114
    track_id: 22
    position: (1116, 303)
    velocity: (6.5, 0.8)
    speed: 6.5 px/f
    hits: 34
[2026-05-12 19:29:59.681] [FRAME       ] Frame 1114 processed
    frame: 1114
    detections: 0
    tracks: 2
[2026-05-12 19:29:59.681] [THREAT      ] Track ID:20 - HIGH
    frame: 1114
    track_id: 20
    distance: 250.9 px
    threat_level: HIGH
    pattern: unknown
    speed: 1.3 px/f
    uncertainty: ±110.0 px
    evasion_point: (410, 249)
    commands: EVADE LEFT, EVADE UP
[2026-05-12 19:29:59.723] [TRACK       ] Track ID:20
    frame: 1115
    track_id: 20
    position: (817, 345)
    velocity: (0.8, 1.0)
    speed: 1.2 px/f
    hits: 36
[2026-05-12 19:29:59.724] [TRACK       ] Track ID:22
    frame: 1115
    track_id: 22
    position: (1122, 304)
    velocity: (6.2, 0.8)
    speed: 6.3 px/f
    hits: 35
[2026-05-12 19:29:59.724] [FRAME       ] Frame 1115 processed
    frame: 1115
    detections: 0
    tracks: 2
[2026-05-12 19:29:59.724] [THREAT      ] Track ID:20 - MEDIUM
    frame: 1115
    track_id: 20
    distance: 265.9 px
    threat_level: MEDIUM
    pattern: turning
    speed: 1.2 px/f
    uncertainty: ±60.0 px
    evasion_point: (422, 286)
    commands: EVADE LEFT, EVADE UP, PERPENDICULAR
[2026-05-12 19:29:59.760] [TRACK       ] Track ID:20
    frame: 1116
    track_id: 20
    position: (818, 346)
    velocity: (0.8, 1.2)
    speed: 1.5 px/f
    hits: 37
[2026-05-12 19:29:59.761] [TRACK       ] Track ID:22
    frame: 1116
    track_id: 22
    position: (1128, 305)
    velocity: (6.2, 0.8)
    speed: 6.3 px/f
    hits: 36
[2026-05-12 19:29:59.761] [FRAME       ] Frame 1116 processed
    frame: 1116
    detections: 0
    tracks: 2
[2026-05-12 19:29:59.761] [THREAT      ] Track ID:20 - MEDIUM
    frame: 1116
    track_id: 20
    distance: 276.3 px
    threat_level: MEDIUM
    pattern: turning
    speed: 1.5 px/f
    uncertainty: ±60.0 px
    evasion_point: (429, 267)
    commands: EVADE LEFT, EVADE UP, PERPENDICULAR
[2026-05-12 19:29:59.801] [TRACK       ] Track ID:20
    frame: 1117
    track_id: 20
    position: (818, 347)
    velocity: (0.5, 1.0)
    speed: 1.1 px/f
    hits: 38
[2026-05-12 19:29:59.801] [TRACK       ] Track ID:22
    frame: 1117
    track_id: 22
    position: (1134, 305)
    velocity: (6.2, 0.8)
    speed: 6.3 px/f
    hits: 37
[2026-05-12 19:29:59.801] [FRAME       ] Frame 1117 processed
    frame: 1117
    detections: 0
    tracks: 2
[2026-05-12 19:29:59.801] [THREAT      ] Track ID:20 - HIGH
    frame: 1117
    track_id: 20
    distance: 244.0 px
    threat_level: HIGH
    pattern: turning
    speed: 1.1 px/f
    uncertainty: ±60.0 px
    evasion_point: (425, 278)
    commands: EVADE LEFT, EVADE UP, PERPENDICULAR
[2026-05-12 19:29:59.841] [TRACK       ] Track ID:20
    frame: 1118
    track_id: 20
    position: (819, 348)
    velocity: (0.8, 1.0)
    speed: 1.2 px/f
    hits: 39
[2026-05-12 19:29:59.841] [TRACK       ] Track ID:22
    frame: 1118
    track_id: 22
    position: (1141, 306)
    velocity: (6.2, 0.8)
    speed: 6.3 px/f
    hits: 38
[2026-05-12 19:29:59.841] [FRAME       ] Frame 1118 processed
    frame: 1118
    detections: 0
    tracks: 2
[2026-05-12 19:29:59.841] [THREAT      ] Track ID:20 - MEDIUM
    frame: 1118
    track_id: 20
    distance: 268.8 px
    threat_level: MEDIUM
    pattern: turning
    speed: 1.2 px/f
    uncertainty: ±60.0 px
    evasion_point: (422, 284)
    commands: EVADE LEFT, EVADE UP, PERPENDICULAR
[2026-05-12 19:29:59.879] [TRACK       ] Track ID:20
    frame: 1119
    track_id: 20
    position: (820, 349)
    velocity: (0.8, 1.0)
    speed: 1.2 px/f
    hits: 40
[2026-05-12 19:29:59.879] [TRACK       ] Track ID:22
    frame: 1119
    track_id: 22
    position: (1147, 307)
    velocity: (6.2, 0.8)
    speed: 6.3 px/f
    hits: 39
[2026-05-12 19:29:59.880] [FRAME       ] Frame 1119 processed
    frame: 1119
    detections: 0
    tracks: 2
[2026-05-12 19:29:59.880] [THREAT      ] Track ID:20 - MEDIUM
    frame: 1119
    track_id: 20
    distance: 270.1 px
    threat_level: MEDIUM
    pattern: turning
    speed: 1.2 px/f
    uncertainty: ±60.0 px
    evasion_point: (422, 284)
    commands: EVADE LEFT, EVADE UP, PERPENDICULAR
[2026-05-12 19:29:59.933] [TRACK       ] Track ID:20
    frame: 1120
    track_id: 20
    position: (820, 350)
    velocity: (0.5, 1.0)
    speed: 1.1 px/f
    hits: 41
[2026-05-12 19:29:59.933] [TRACK       ] Track ID:22
    frame: 1120
    track_id: 22
    position: (1153, 308)
    velocity: (6.2, 0.8)
    speed: 6.3 px/f
    hits: 40
[2026-05-12 19:29:59.934] [FRAME       ] Frame 1120 processed
    frame: 1120
    detections: 0
    tracks: 2
[2026-05-12 19:29:59.934] [THREAT      ] Track ID:20 - HIGH
    frame: 1120
    track_id: 20
    distance: 247.0 px
    threat_level: HIGH
    pattern: turning
    speed: 1.1 px/f
    uncertainty: ±60.0 px
    evasion_point: (425, 276)
    commands: EVADE LEFT, EVADE UP, PERPENDICULAR
[2026-05-12 19:29:59.960] [TRACK       ] Track ID:20
    frame: 1121
    track_id: 20
    position: (821, 351)
    velocity: (0.8, 1.0)
    speed: 1.2 px/f
    hits: 42
[2026-05-12 19:29:59.960] [TRACK       ] Track ID:22
    frame: 1121
    track_id: 22
    position: (1160, 308)
    velocity: (6.5, 0.8)
    speed: 6.5 px/f
    hits: 41
[2026-05-12 19:29:59.961] [FRAME       ] Frame 1121 processed
    frame: 1121
    detections: 0
    tracks: 2
[2026-05-12 19:29:59.961] [THREAT      ] Track ID:20 - MEDIUM
    frame: 1121
    track_id: 20
    distance: 271.7 px
    threat_level: MEDIUM
    pattern: turning
    speed: 1.2 px/f
    uncertainty: ±60.0 px
    evasion_point: (423, 282)
    commands: EVADE LEFT, EVADE UP, PERPENDICULAR
[2026-05-12 19:29:59.989] [TRACK       ] Track ID:20
    frame: 1122
    track_id: 20
    position: (821, 352)
    velocity: (0.5, 1.0)
    speed: 1.1 px/f
    hits: 43
[2026-05-12 19:29:59.989] [TRACK       ] Track ID:22
    frame: 1122
    track_id: 22
    position: (1166, 309)
    velocity: (6.2, 0.8)
    speed: 6.3 px/f
    hits: 42
[2026-05-12 19:29:59.989] [FRAME       ] Frame 1122 processed
    frame: 1122
    detections: 0
    tracks: 2
[2026-05-12 19:29:59.989] [THREAT      ] Track ID:20 - HIGH
    frame: 1122
    track_id: 20
    distance: 248.6 px
    threat_level: HIGH
    pattern: turning
    speed: 1.1 px/f
    uncertainty: ±60.0 px
    evasion_point: (426, 274)
    commands: EVADE LEFT, EVADE UP, PERPENDICULAR
[2026-05-12 19:30:00.014] [TRACK       ] Track ID:20
    frame: 1123
    track_id: 20
    position: (822, 353)
    velocity: (0.5, 1.0)
    speed: 1.1 px/f
    hits: 44
[2026-05-12 19:30:00.014] [TRACK       ] Track ID:22
    frame: 1123
    track_id: 22
    position: (1172, 310)
    velocity: (6.2, 0.8)
    speed: 6.3 px/f
    hits: 43
[2026-05-12 19:30:00.014] [FRAME       ] Frame 1123 processed
    frame: 1123
    detections: 0
    tracks: 2
[2026-05-12 19:30:00.014] [THREAT      ] Track ID:20 - HIGH
    frame: 1123
    track_id: 20
    distance: 249.9 px
    threat_level: HIGH
    pattern: turning
    speed: 1.1 px/f
    uncertainty: ±60.0 px
    evasion_point: (426, 274)
    commands: EVADE LEFT, EVADE UP, PERPENDICULAR
[2026-05-12 19:30:00.049] [TRACK       ] Track ID:20
    frame: 1124
    track_id: 20
    position: (822, 354)
    velocity: (0.5, 1.0)
    speed: 1.1 px/f
    hits: 45
[2026-05-12 19:30:00.049] [TRACK       ] Track ID:22
    frame: 1124
    track_id: 22
    position: (1178, 311)
    velocity: (6.2, 0.8)
    speed: 6.3 px/f
    hits: 44
[2026-05-12 19:30:00.049] [FRAME       ] Frame 1124 processed
    frame: 1124
    detections: 0
    tracks: 2
[2026-05-12 19:30:00.049] [THREAT      ] Track ID:20 - HIGH
    frame: 1124
    track_id: 20
    distance: 250.3 px
    threat_level: HIGH
    pattern: turning
    speed: 1.1 px/f
    uncertainty: ±60.0 px
    evasion_point: (426, 273)
    commands: EVADE LEFT, EVADE UP, PERPENDICULAR
[2026-05-12 19:30:00.081] [TRACK       ] Track ID:20
    frame: 1125
    track_id: 20
    position: (823, 355)
    velocity: (0.5, 1.0)
    speed: 1.1 px/f
    hits: 46
[2026-05-12 19:30:00.081] [TRACK       ] Track ID:22
    frame: 1125
    track_id: 22
    position: (1184, 311)
    velocity: (6.0, 0.8)
    speed: 6.0 px/f
    hits: 45
[2026-05-12 19:30:00.081] [FRAME       ] Frame 1125 processed
    frame: 1125
    detections: 0
    tracks: 2
[2026-05-12 19:30:00.081] [THREAT      ] Track ID:20 - HIGH
    frame: 1125
    track_id: 20
    distance: 251.6 px
    threat_level: HIGH
    pattern: turning
    speed: 1.1 px/f
    uncertainty: ±60.0 px
    evasion_point: (427, 273)
    commands: EVADE LEFT, EVADE UP, PERPENDICULAR
[2026-05-12 19:30:00.129] [TRACK       ] Track ID:20
    frame: 1126
    track_id: 20
    position: (824, 356)
    velocity: (0.8, 1.0)
    speed: 1.2 px/f
    hits: 47
[2026-05-12 19:30:00.130] [TRACK       ] Track ID:22
    frame: 1126
    track_id: 22
    position: (1191, 312)
    velocity: (6.2, 0.8)
    speed: 6.3 px/f
    hits: 46
[2026-05-12 19:30:00.130] [FRAME       ] Frame 1126 processed
    frame: 1126
    detections: 0
    tracks: 2
[2026-05-12 19:30:00.130] [THREAT      ] Track ID:20 - MEDIUM
    frame: 1126
    track_id: 20
    distance: 276.2 px
    threat_level: MEDIUM
    pattern: turning
    speed: 1.2 px/f
    uncertainty: ±60.0 px
    evasion_point: (424, 280)
    commands: EVADE LEFT, EVADE UP, PERPENDICULAR
[2026-05-12 19:30:00.155] [TRACK       ] Track ID:20
    frame: 1127
    track_id: 20
    position: (824, 357)
    velocity: (0.5, 1.0)
    speed: 1.1 px/f
    hits: 48
[2026-05-12 19:30:00.156] [TRACK       ] Track ID:22
    frame: 1127
    track_id: 22
    position: (1197, 313)
    velocity: (6.2, 0.8)
    speed: 6.3 px/f
    hits: 47
[2026-05-12 19:30:00.156] [FRAME       ] Frame 1127 processed
    frame: 1127
    detections: 0
    tracks: 2
[2026-05-12 19:30:00.156] [THREAT      ] Track ID:20 - HIGH
    frame: 1127
    track_id: 20
    distance: 253.3 px
    threat_level: HIGH
    pattern: turning
    speed: 1.1 px/f
    uncertainty: ±60.0 px
    evasion_point: (427, 271)
    commands: EVADE LEFT, EVADE UP, PERPENDICULAR
[2026-05-12 19:30:00.191] [TRACK       ] Track ID:20
    frame: 1128
    track_id: 20
    position: (825, 358)
    velocity: (0.8, 1.0)
    speed: 1.2 px/f
    hits: 49
[2026-05-12 19:30:00.192] [TRACK       ] Track ID:22
    frame: 1128
    track_id: 22
    position: (1203, 314)
    velocity: (6.2, 0.8)
    speed: 6.3 px/f
    hits: 48
[2026-05-12 19:30:00.192] [FRAME       ] Frame 1128 processed
    frame: 1128
    detections: 0
    tracks: 2
[2026-05-12 19:30:00.192] [THREAT      ] Track ID:20 - MEDIUM
    frame: 1128
    track_id: 20
    distance: 277.9 px
    threat_level: MEDIUM
    pattern: turning
    speed: 1.2 px/f
    uncertainty: ±60.0 px
    evasion_point: (424, 278)
    commands: EVADE LEFT, EVADE UP, PERPENDICULAR
[2026-05-12 19:30:00.220] [TRACK       ] Track ID:20
    frame: 1129
    track_id: 20
    position: (826, 359)
    velocity: (0.8, 1.0)
    speed: 1.2 px/f
    hits: 50
[2026-05-12 19:30:00.220] [TRACK       ] Track ID:22
    frame: 1129
    track_id: 22
    position: (1210, 315)
    velocity: (6.5, 1.0)
    speed: 6.6 px/f
    hits: 49
[2026-05-12 19:30:00.220] [FRAME       ] Frame 1129 processed
    frame: 1129
    detections: 0
    tracks: 2
[2026-05-12 19:30:00.220] [THREAT      ] Track ID:20 - MEDIUM
    frame: 1129
    track_id: 20
    distance: 279.1 px
    threat_level: MEDIUM
    pattern: turning
    speed: 1.2 px/f
    uncertainty: ±60.0 px
    evasion_point: (424, 278)
    commands: EVADE LEFT, EVADE UP, PERPENDICULAR
[2026-05-12 19:30:00.260] [TRACK       ] Track ID:20
    frame: 1130
    track_id: 20
    position: (826, 360)
    velocity: (0.5, 1.0)
    speed: 1.1 px/f
    hits: 51
[2026-05-12 19:30:00.260] [TRACK       ] Track ID:22
    frame: 1130
    track_id: 22
    position: (1216, 315)
    velocity: (6.2, 0.8)
    speed: 6.3 px/f
    hits: 50
[2026-05-12 19:30:00.260] [FRAME       ] Frame 1130 processed
    frame: 1130
    detections: 0
    tracks: 2
[2026-05-12 19:30:00.260] [THREAT      ] Track ID:20 - MEDIUM
    frame: 1130
    track_id: 20
    distance: 256.3 px
    threat_level: MEDIUM
    pattern: straight
    speed: 1.1 px/f
    uncertainty: ±40.0 px
    evasion_point: (437, 274)
    commands: EVADE LEFT, EVADE UP
[2026-05-12 19:30:00.288] [TRACK       ] Track ID:20
    frame: 1131
    track_id: 20
    position: (827, 361)
    velocity: (0.8, 1.0)
    speed: 1.2 px/f
    hits: 52
[2026-05-12 19:30:00.288] [TRACK       ] Track ID:22
    frame: 1131
    track_id: 22
    position: (1222, 316)
    velocity: (6.2, 0.8)
    speed: 6.3 px/f
    hits: 51
[2026-05-12 19:30:00.289] [FRAME       ] Frame 1131 processed
    frame: 1131
    detections: 0
    tracks: 2
[2026-05-12 19:30:00.289] [THREAT      ] Track ID:20 - MEDIUM
    frame: 1131
    track_id: 20
    distance: 280.8 px
    threat_level: MEDIUM
    pattern: straight
    speed: 1.2 px/f
    uncertainty: ±40.0 px
    evasion_point: (434, 280)
    commands: EVADE LEFT, EVADE UP
[2026-05-12 19:30:00.336] [TRACK       ] Track ID:20
    frame: 1132
    track_id: 20
    position: (828, 362)
    velocity: (0.8, 1.0)
    speed: 1.2 px/f
    hits: 53
[2026-05-12 19:30:00.336] [TRACK       ] Track ID:22
    frame: 1132
    track_id: 22
    position: (1229, 317)
    velocity: (6.5, 0.8)
    speed: 6.5 px/f
    hits: 52
[2026-05-12 19:30:00.337] [FRAME       ] Frame 1132 processed
    frame: 1132
    detections: 0
    tracks: 2
[2026-05-12 19:30:00.337] [THREAT      ] Track ID:20 - MEDIUM
    frame: 1132
    track_id: 20
    distance: 282.1 px
    threat_level: MEDIUM
    pattern: straight
    speed: 1.2 px/f
    uncertainty: ±40.0 px
    evasion_point: (434, 280)
    commands: EVADE LEFT, EVADE UP
[2026-05-12 19:30:00.363] [TRACK       ] Track ID:20
    frame: 1133
    track_id: 20
    position: (828, 364)
    velocity: (0.5, 1.2)
    speed: 1.3 px/f
    hits: 54
[2026-05-12 19:30:00.364] [TRACK       ] Track ID:22
    frame: 1133
    track_id: 22
    position: (1234, 318)
    velocity: (6.0, 0.8)
    speed: 6.0 px/f
    hits: 53
[2026-05-12 19:30:00.364] [FRAME       ] Frame 1133 processed
    frame: 1133
    detections: 0
    tracks: 2
[2026-05-12 19:30:00.364] [THREAT      ] Track ID:20 - MEDIUM
    frame: 1133
    track_id: 20
    distance: 270.7 px
    threat_level: MEDIUM
    pattern: straight
    speed: 1.3 px/f
    uncertainty: ±40.0 px
    evasion_point: (446, 255)
    commands: EVADE LEFT, EVADE UP
[2026-05-12 19:30:00.391] [TRACK       ] Track ID:20
    frame: 1134
    track_id: 20
    position: (829, 364)
    velocity: (0.8, 1.0)
    speed: 1.2 px/f
    hits: 55
[2026-05-12 19:30:00.392] [TRACK       ] Track ID:22
    frame: 1134
    track_id: 22
    position: (1241, 318)
    velocity: (6.2, 0.8)
    speed: 6.3 px/f
    hits: 54
[2026-05-12 19:30:00.392] [FRAME       ] Frame 1134 processed
    frame: 1134
    detections: 0
    tracks: 2
[2026-05-12 19:30:00.392] [THREAT      ] Track ID:20 - MEDIUM
    frame: 1134
    track_id: 20
    distance: 283.7 px
    threat_level: MEDIUM
    pattern: straight
    speed: 1.2 px/f
    uncertainty: ±40.0 px
    evasion_point: (435, 279)
    commands: EVADE LEFT, EVADE UP
[2026-05-12 19:30:00.419] [TRACK       ] Track ID:20
    frame: 1135
    track_id: 20
    position: (829, 366)
    velocity: (0.5, 1.2)
    speed: 1.3 px/f
    hits: 56
[2026-05-12 19:30:00.419] [FRAME       ] Frame 1135 processed
    frame: 1135
    detections: 0
    tracks: 1
[2026-05-12 19:30:00.419] [THREAT      ] Track ID:20 - MEDIUM
    frame: 1135
    track_id: 20
    distance: 272.5 px
    threat_level: MEDIUM
    pattern: straight
    speed: 1.3 px/f
    uncertainty: ±40.0 px
    evasion_point: (447, 254)
    commands: EVADE LEFT, EVADE UP
[2026-05-12 19:30:00.465] [TRACK       ] Track ID:20
    frame: 1136
    track_id: 20
    position: (830, 366)
    velocity: (0.5, 1.0)
    speed: 1.1 px/f
    hits: 57
[2026-05-12 19:30:00.465] [FRAME       ] Frame 1136 processed
    frame: 1136
    detections: 0
    tracks: 1
[2026-05-12 19:30:00.466] [THREAT      ] Track ID:20 - MEDIUM
    frame: 1136
    track_id: 20
    distance: 262.4 px
    threat_level: MEDIUM
    pattern: straight
    speed: 1.1 px/f
    uncertainty: ±40.0 px
    evasion_point: (438, 271)
    commands: EVADE LEFT, EVADE UP
[2026-05-12 19:30:00.493] [TRACK       ] Track ID:20
    frame: 1137
    track_id: 20
    position: (831, 368)
    velocity: (0.8, 1.0)
    speed: 1.2 px/f
    hits: 58
[2026-05-12 19:30:00.494] [FRAME       ] Frame 1137 processed
    frame: 1137
    detections: 0
    tracks: 1
[2026-05-12 19:30:00.494] [THREAT      ] Track ID:20 - MEDIUM
    frame: 1137
    track_id: 20
    distance: 287.1 px
    threat_level: MEDIUM
    pattern: straight
    speed: 1.2 px/f
    uncertainty: ±40.0 px
    evasion_point: (436, 277)
    commands: EVADE LEFT, EVADE UP
[2026-05-12 19:30:00.521] [FRAME       ] Frame 1138 processed
    frame: 1138
    detections: 0
    tracks: 0
[2026-05-12 19:30:00.543] [FRAME       ] Frame 1139 processed
    frame: 1139
    detections: 0
    tracks: 0
[2026-05-12 19:30:00.566] [FRAME       ] Frame 1140 processed
    frame: 1140
    detections: 0
    tracks: 0
[2026-05-12 19:30:00.569] [STATS       ] Performance stats
    fps: 28.6
    processing_time: 1047.8 ms
[2026-05-12 19:30:00.610] [FRAME       ] Frame 1141 processed
    frame: 1141
    detections: 0
    tracks: 0
[2026-05-12 19:30:00.631] [FRAME       ] Frame 1142 processed
    frame: 1142
    detections: 0
    tracks: 0
[2026-05-12 19:30:00.691] [FRAME       ] Frame 1143 processed
    frame: 1143
    detections: 0
    tracks: 0
[2026-05-12 19:30:00.712] [FRAME       ] Frame 1144 processed
    frame: 1144
    detections: 0
    tracks: 0
[2026-05-12 19:30:00.753] [FRAME       ] Frame 1145 processed
    frame: 1145
    detections: 0
    tracks: 0
[2026-05-12 19:30:00.775] [FRAME       ] Frame 1146 processed
    frame: 1146
    detections: 0
    tracks: 0
[2026-05-12 19:30:00.817] [FRAME       ] Frame 1147 processed
    frame: 1147
    detections: 0
    tracks: 0
[2026-05-12 19:30:00.840] [FRAME       ] Frame 1148 processed
    frame: 1148
    detections: 0
    tracks: 0
[2026-05-12 19:30:00.897] [FRAME       ] Frame 1149 processed
    frame: 1149
    detections: 0
    tracks: 0
[2026-05-12 19:30:00.917] [FRAME       ] Frame 1150 processed
    frame: 1150
    detections: 0
    tracks: 0
[2026-05-12 19:30:00.960] [FRAME       ] Frame 1151 processed
    frame: 1151
    detections: 0
    tracks: 0
[2026-05-12 19:30:00.983] [FRAME       ] Frame 1152 processed
    frame: 1152
    detections: 0
    tracks: 0
[2026-05-12 19:30:01.026] [FRAME       ] Frame 1153 processed
    frame: 1153
    detections: 0
    tracks: 0
[2026-05-12 19:30:01.048] [FRAME       ] Frame 1154 processed
    frame: 1154
    detections: 0
    tracks: 0
[2026-05-12 19:30:01.068] [FRAME       ] Frame 1155 processed
    frame: 1155
    detections: 0
    tracks: 0
[2026-05-12 19:30:01.104] [FRAME       ] Frame 1156 processed
    frame: 1156
    detections: 0
    tracks: 0
[2026-05-12 19:30:01.126] [FRAME       ] Frame 1157 processed
    frame: 1157
    detections: 0
    tracks: 0
[2026-05-12 19:30:01.167] [FRAME       ] Frame 1158 processed
    frame: 1158
    detections: 0
    tracks: 0
[2026-05-12 19:30:01.187] [FRAME       ] Frame 1159 processed
    frame: 1159
    detections: 0
    tracks: 0
[2026-05-12 19:30:01.248] [FRAME       ] Frame 1160 processed
    frame: 1160
    detections: 0
    tracks: 0
[2026-05-12 19:30:01.269] [FRAME       ] Frame 1161 processed
    frame: 1161
    detections: 0
    tracks: 0
[2026-05-12 19:30:01.311] [FRAME       ] Frame 1162 processed
    frame: 1162
    detections: 0
    tracks: 0
[2026-05-12 19:30:01.330] [FRAME       ] Frame 1163 processed
    frame: 1163
    detections: 0
    tracks: 0
[2026-05-12 19:30:01.379] [FRAME       ] Frame 1164 processed
    frame: 1164
    detections: 0
    tracks: 0
[2026-05-12 19:30:01.398] [FRAME       ] Frame 1165 processed
    frame: 1165
    detections: 0
    tracks: 0
[2026-05-12 19:30:01.457] [FRAME       ] Frame 1166 processed
    frame: 1166
    detections: 0
    tracks: 0
[2026-05-12 19:30:01.477] [FRAME       ] Frame 1167 processed
    frame: 1167
    detections: 0
    tracks: 0
[2026-05-12 19:30:01.518] [FRAME       ] Frame 1168 processed
    frame: 1168
    detections: 0
    tracks: 0
[2026-05-12 19:30:01.536] [FRAME       ] Frame 1169 processed
    frame: 1169
    detections: 0
    tracks: 0
[2026-05-12 19:30:01.584] [FRAME       ] Frame 1170 processed
    frame: 1170
    detections: 0
    tracks: 0
[2026-05-12 19:30:01.587] [STATS       ] Performance stats
    fps: 29.5
    processing_time: 1018.2 ms
[2026-05-12 19:30:01.605] [FRAME       ] Frame 1171 processed
    frame: 1171
    detections: 0
    tracks: 0
[2026-05-12 19:30:01.663] [FRAME       ] Frame 1172 processed
    frame: 1172
    detections: 0
    tracks: 0
[2026-05-12 19:30:01.681] [FRAME       ] Frame 1173 processed
    frame: 1173
    detections: 0
    tracks: 0
[2026-05-12 19:30:01.727] [FRAME       ] Frame 1174 processed
    frame: 1174
    detections: 0
    tracks: 0
[2026-05-12 19:30:01.746] [FRAME       ] Frame 1175 processed
    frame: 1175
    detections: 0
    tracks: 0
[2026-05-12 19:30:01.808] [FRAME       ] Frame 1176 processed
    frame: 1176
    detections: 0
    tracks: 0
[2026-05-12 19:30:01.829] [FRAME       ] Frame 1177 processed
    frame: 1177
    detections: 0
    tracks: 0
[2026-05-12 19:30:01.848] [FRAME       ] Frame 1178 processed
    frame: 1178
    detections: 0
    tracks: 0
[2026-05-12 19:30:01.871] [FRAME       ] Frame 1179 processed
    frame: 1179
    detections: 0
    tracks: 0
[2026-05-12 19:30:01.890] [FRAME       ] Frame 1180 processed
    frame: 1180
    detections: 0
    tracks: 0
[2026-05-12 19:30:01.934] [FRAME       ] Frame 1181 processed
    frame: 1181
    detections: 0
    tracks: 0
[2026-05-12 19:30:01.954] [FRAME       ] Frame 1182 processed
    frame: 1182
    detections: 0
    tracks: 0
[2026-05-12 19:30:02.017] [FRAME       ] Frame 1183 processed
    frame: 1183
    detections: 0
    tracks: 0
[2026-05-12 19:30:02.036] [FRAME       ] Frame 1184 processed
    frame: 1184
    detections: 0
    tracks: 0
[2026-05-12 19:30:02.080] [FRAME       ] Frame 1185 processed
    frame: 1185
    detections: 0
    tracks: 0
[2026-05-12 19:30:02.100] [FRAME       ] Frame 1186 processed
    frame: 1186
    detections: 0
    tracks: 0
[2026-05-12 19:30:02.144] [FRAME       ] Frame 1187 processed
    frame: 1187
    detections: 0
    tracks: 0
[2026-05-12 19:30:02.165] [FRAME       ] Frame 1188 processed
    frame: 1188
    detections: 0
    tracks: 0
[2026-05-12 19:30:02.224] [FRAME       ] Frame 1189 processed
    frame: 1189
    detections: 0
    tracks: 0
[2026-05-12 19:30:02.244] [FRAME       ] Frame 1190 processed
    frame: 1190
    detections: 0
    tracks: 0
[2026-05-12 19:30:02.288] [FRAME       ] Frame 1191 processed
    frame: 1191
    detections: 0
    tracks: 0
[2026-05-12 19:30:02.308] [FRAME       ] Frame 1192 processed
    frame: 1192
    detections: 0
    tracks: 0
[2026-05-12 19:30:02.374] [FRAME       ] Frame 1193 processed
    frame: 1193
    detections: 0
    tracks: 0
[2026-05-12 19:30:02.395] [FRAME       ] Frame 1194 processed
    frame: 1194
    detections: 0
    tracks: 0
[2026-05-12 19:30:02.417] [FRAME       ] Frame 1195 processed
    frame: 1195
    detections: 0
    tracks: 0
[2026-05-12 19:30:02.439] [FRAME       ] Frame 1196 processed
    frame: 1196
    detections: 0
    tracks: 0
[2026-05-12 19:30:02.495] [FRAME       ] Frame 1197 processed
    frame: 1197
    detections: 0
    tracks: 0
[2026-05-12 19:30:02.516] [FRAME       ] Frame 1198 processed
    frame: 1198
    detections: 0
    tracks: 0
[2026-05-12 19:30:02.578] [FRAME       ] Frame 1199 processed
    frame: 1199
    detections: 0
    tracks: 0
[2026-05-12 19:30:02.598] [FRAME       ] Frame 1200 processed
    frame: 1200
    detections: 0
    tracks: 0
[2026-05-12 19:30:02.601] [STATS       ] Performance stats
    fps: 29.6
    processing_time: 1013.8 ms
[2026-05-12 19:30:02.621] [FRAME       ] Frame 1201 processed
    frame: 1201
    detections: 0
    tracks: 0
[2026-05-12 19:30:02.643] [FRAME       ] Frame 1202 processed
    frame: 1202
    detections: 0
    tracks: 0
[2026-05-12 19:30:02.664] [FRAME       ] Frame 1203 processed
    frame: 1203
    detections: 0
    tracks: 0
[2026-05-12 19:30:02.704] [FRAME       ] Frame 1204 processed
    frame: 1204
    detections: 0
    tracks: 0
[2026-05-12 19:30:02.724] [FRAME       ] Frame 1205 processed
    frame: 1205
    detections: 0
    tracks: 0
[2026-05-12 19:30:02.784] [FRAME       ] Frame 1206 processed
    frame: 1206
    detections: 0
    tracks: 0
[2026-05-12 19:30:02.804] [FRAME       ] Frame 1207 processed
    frame: 1207
    detections: 0
    tracks: 0
[2026-05-12 19:30:02.848] [FRAME       ] Frame 1208 processed
    frame: 1208
    detections: 0
    tracks: 0
[2026-05-12 19:30:02.868] [FRAME       ] Frame 1209 processed
    frame: 1209
    detections: 0
    tracks: 0
[2026-05-12 19:30:02.928] [FRAME       ] Frame 1210 processed
    frame: 1210
    detections: 0
    tracks: 0
[2026-05-12 19:30:02.950] [FRAME       ] Frame 1211 processed
    frame: 1211
    detections: 0
    tracks: 0
[2026-05-12 19:30:02.992] [FRAME       ] Frame 1212 processed
    frame: 1212
    detections: 0
    tracks: 0
[2026-05-12 19:30:03.013] [FRAME       ] Frame 1213 processed
    frame: 1213
    detections: 0
    tracks: 0
[2026-05-12 19:30:03.057] [FRAME       ] Frame 1214 processed
    frame: 1214
    detections: 0
    tracks: 0
[2026-05-12 19:30:03.080] [FRAME       ] Frame 1215 processed
    frame: 1215
    detections: 0
    tracks: 0
[2026-05-12 19:30:03.137] [FRAME       ] Frame 1216 processed
    frame: 1216
    detections: 0
    tracks: 0
[2026-05-12 19:30:03.160] [FRAME       ] Frame 1217 processed
    frame: 1217
    detections: 0
    tracks: 0
[2026-05-12 19:30:03.183] [FRAME       ] Frame 1218 processed
    frame: 1218
    detections: 0
    tracks: 0
[2026-05-12 19:30:03.205] [FRAME       ] Frame 1219 processed
    frame: 1219
    detections: 0
    tracks: 0
[2026-05-12 19:30:03.266] [FRAME       ] Frame 1220 processed
    frame: 1220
    detections: 0
    tracks: 0
[2026-05-12 19:30:03.289] [FRAME       ] Frame 1221 processed
    frame: 1221
    detections: 0
    tracks: 0
[2026-05-12 19:30:03.313] [FRAME       ] Frame 1222 processed
    frame: 1222
    detections: 0
    tracks: 0
[2026-05-12 19:30:03.345] [FRAME       ] Frame 1223 processed
    frame: 1223
    detections: 0
    tracks: 0
[2026-05-12 19:30:03.366] [FRAME       ] Frame 1224 processed
    frame: 1224
    detections: 0
    tracks: 0
[2026-05-12 19:30:03.409] [FRAME       ] Frame 1225 processed
    frame: 1225
    detections: 0
    tracks: 0
[2026-05-12 19:30:03.429] [FRAME       ] Frame 1226 processed
    frame: 1226
    detections: 0
    tracks: 0
[2026-05-12 19:30:03.489] [FRAME       ] Frame 1227 processed
    frame: 1227
    detections: 0
    tracks: 0
[2026-05-12 19:30:03.509] [FRAME       ] Frame 1228 processed
    frame: 1228
    detections: 0
    tracks: 0
[2026-05-12 19:30:03.553] [FRAME       ] Frame 1229 processed
    frame: 1229
    detections: 0
    tracks: 0
[2026-05-12 19:30:03.574] [FRAME       ] Frame 1230 processed
    frame: 1230
    detections: 0
    tracks: 0
[2026-05-12 19:30:03.577] [STATS       ] Performance stats
    fps: 30.7
    processing_time: 976.0 ms
[2026-05-12 19:30:03.616] [FRAME       ] Frame 1231 processed
    frame: 1231
    detections: 0
    tracks: 0
[2026-05-12 19:30:03.639] [FRAME       ] Frame 1232 processed
    frame: 1232
    detections: 0
    tracks: 0
[2026-05-12 19:30:03.697] [FRAME       ] Frame 1233 processed
    frame: 1233
    detections: 0
    tracks: 0
[2026-05-12 19:30:03.717] [FRAME       ] Frame 1234 processed
    frame: 1234
    detections: 0
    tracks: 0
[2026-05-12 19:30:03.759] [FRAME       ] Frame 1235 processed
    frame: 1235
    detections: 0
    tracks: 0
